ts_code,trade_date,open,high,low,close,pre_close,pct_chg,vol,amount
688652.SH,20231129,60.12,62.0,55.0,55.78,31.95,74.5853,272604.03,1553217.261
688652.SH,20231130,56.0,56.48,50.1,50.15,55.78,-10.0932,162016.34,841764.063
688652.SH,20231201,49.55,52.17,49.3,50.55,50.15,0.7976,101934.69,520464.196
688652.SH,20231204,51.58,55.55,50.69,54.55,50.55,7.913,129373.58,691675.565
688652.SH,20231205,54.0,57.31,53.88,54.6,54.55,0.0917,114917.26,641772.202
688652.SH,20231206,55.72,60.35,55.72,57.55,54.6,5.4029,105183.53,612319.431
688652.SH,20231207,57.54,58.68,55.92,57.81,57.55,0.4518,73477.93,422723.408
688652.SH,20231208,57.61,58.2,55.72,56.8,57.81,-1.7471,44294.9,252380.68
688652.SH,20231211,56.21,61.88,56.02,60.35,56.8,6.25,71277.73,419924.111
688652.SH,20231212,59.98,61.78,58.88,59.13,60.35,-2.0215,40804.57,244985.867
688652.SH,20231213,59.48,59.5,58.0,58.49,59.13,-1.0824,26517.92,155521.532
688652.SH,20231214,58.47,58.92,56.34,58.41,58.49,-0.1368,46796.89,269563.454
688652.SH,20231215,58.02,59.68,56.95,57.18,58.41,-2.1058,35184.56,204687.699
688652.SH,20231218,56.5,58.56,55.9,57.98,57.18,1.3991,34025.46,195363.988
688652.SH,20231219,58.19,59.88,57.44,59.0,57.98,1.7592,23874.56,139953.13
688652.SH,20231220,58.5,60.28,57.52,57.79,59.0,-2.0508,34435.49,203488.234
688652.SH,20231221,57.08,58.87,56.06,57.73,57.79,-0.1038,22830.36,131050.3
688652.SH,20231222,57.5,57.97,55.88,56.53,57.73,-2.0786,22345.42,127127.877
688652.SH,20231225,56.5,57.9,56.46,56.62,56.53,0.1592,21176.91,121218.36
688652.SH,20231226,56.0,57.08,55.0,55.16,56.62,-2.5786,22816.61,127630.343
688652.SH,20231227,55.29,64.0,55.12,62.88,55.16,13.9956,70444.74,422642.141
688652.SH,20231228,62.0,63.0,60.5,62.28,62.88,-0.9542,36649.06,225973.515
688652.SH,20231229,61.56,62.3,59.79,60.25,62.28,-3.2595,40338.53,244998.061
688652.SH,20240102,60.28,60.28,57.76,58.42,60.25,-3.0373,31695.7,185639.495
688652.SH,20240103,58.0,58.29,55.81,57.25,58.42,-2.0027,27175.66,155013.716
688652.SH,20240104,57.1,57.1,55.58,56.59,57.25,-1.1528,17897.65,101051.285
688652.SH,20240105,56.6,58.49,56.01,56.33,56.59,-0.4594,25155.22,144342.877
688652.SH,20240108,56.25,57.5,54.63,55.65,56.33,-1.2072,15553.45,87399.648
688652.SH,20240109,55.66,58.2,55.66,56.7,55.65,1.8868,25596.72,145897.662
688652.SH,20240110,56.13,58.18,54.67,56.8,56.7,0.1764,23326.07,132450.989
688652.SH,20240111,56.5,58.44,56.36,57.8,56.8,1.7606,17337.62,99964.183
688652.SH,20240112,57.67,59.0,55.15,55.15,57.8,-4.5848,22961.02,131060.291
688652.SH,20240115,54.6,56.1,53.2,55.63,55.15,0.8704,20376.76,112039.171
688652.SH,20240116,55.89,58.19,55.55,57.17,55.63,2.7683,18226.38,103949.585
688652.SH,20240117,56.94,56.94,53.62,53.77,57.17,-5.9472,15892.85,87362.977
688652.SH,20240118,53.7,54.26,51.81,54.1,53.77,0.6137,15642.71,82772.709
688652.SH,20240119,53.7,55.2,52.08,52.48,54.1,-2.9945,12672.41,67531.159
688652.SH,20240122,52.5,52.95,49.85,49.96,52.48,-4.8018,16528.43,84764.349
688652.SH,20240123,49.95,51.48,49.02,50.63,49.96,1.3411,9552.38,48308.016
688652.SH,20240124,50.75,50.75,47.32,48.14,50.63,-4.918,22169.3,107012.393
688652.SH,20240125,48.14,53.55,47.81,52.75,48.14,9.5762,29954.31,152754.488
688652.SH,20240126,52.22,52.3,49.7,51.06,52.75,-3.2038,26299.77,132794.131
688652.SH,20240129,51.73,53.35,50.2,50.27,51.06,-1.5472,19054.09,98569.617
688652.SH,20240130,49.04,49.68,46.75,47.0,50.27,-6.5049,14702.8,70962.104
688652.SH,20240131,47.0,47.61,44.71,44.99,47.0,-4.2766,11127.83,51186.042
688652.SH,20240201,44.72,46.08,43.56,44.14,44.99,-1.8893,17357.72,77792.841
688652.SH,20240202,44.23,44.89,40.3,40.55,44.14,-8.1332,24607.94,103714.435
688652.SH,20240205,39.51,40.0,35.11,36.8,40.55,-9.2478,28392.08,105691.292
688652.SH,20240206,35.83,40.66,35.35,39.67,36.8,7.7989,21088.11,80609.528
688652.SH,20240207,40.25,43.93,39.16,39.88,39.67,0.5294,29791.93,123923.138
688652.SH,20240208,40.18,42.5,35.14,41.8,39.88,4.8144,26245.11,105982.221
688652.SH,20240219,42.0,44.2,40.32,42.0,41.8,0.4785,27653.81,116270.886
688652.SH,20240220,42.3,42.49,39.2,40.69,42.0,-3.119,31069.52,124780.735
688652.SH,20240221,40.08,42.99,39.77,41.68,40.69,2.433,24417.6,101229.047
688652.SH,20240222,41.2,43.58,41.18,43.2,41.68,3.6468,21250.01,90672.53
688652.SH,20240223,43.5,43.5,42.11,43.1,43.2,-0.2315,19518.98,83571.675
688652.SH,20240226,43.8,45.99,43.31,44.49,43.1,3.2251,23464.06,104218.814
688652.SH,20240227,43.96,46.96,43.61,46.8,44.49,5.1922,21777.42,99915.374
688652.SH,20240228,46.75,47.3,41.3,41.3,46.8,-11.7521,26243.97,117556.656
688652.SH,20240229,41.01,49.56,41.01,48.94,41.3,18.4988,52741.8,249035.143
688652.SH,20240301,47.99,48.93,47.0,48.2,48.94,-1.5121,31772.2,152046.172
688652.SH,20240304,48.01,48.6,46.3,46.99,48.2,-2.5104,30491.73,143291.569
688652.SH,20240305,46.5,46.58,44.4,45.29,46.99,-3.6178,26187.77,118749.888
688652.SH,20240306,44.79,45.5,44.01,44.88,45.29,-0.9053,15032.55,67248.958
688652.SH,20240307,45.66,47.35,44.9,45.2,44.88,0.713,28588.84,131708.902
688652.SH,20240308,45.23,47.05,44.6,46.36,45.2,2.5664,25900.87,119207.134
688652.SH,20240311,45.98,47.58,44.0,47.26,46.36,1.9413,23347.7,108386.832
688652.SH,20240312,47.26,53.25,47.26,51.29,47.26,8.5273,53499.08,269349.861
688652.SH,20240313,50.8,53.87,49.97,50.68,51.29,-1.1893,30657.21,158935.303
688652.SH,20240314,49.68,50.87,48.21,49.3,50.68,-2.723,22832.44,112227.787
688652.SH,20240315,48.88,50.0,48.58,49.89,49.3,1.1968,12697.17,62729.496
688652.SH,20240318,49.97,50.88,49.23,50.37,49.89,0.9621,13958.3,69680.019
688652.SH,20240319,49.98,50.85,49.35,49.38,50.37,-1.9655,13037.68,65042.645
688652.SH,20240320,49.07,50.85,48.5,49.78,49.38,0.81,15971.65,79341.807
688652.SH,20240321,51.1,51.28,48.04,49.01,49.78,-1.5468,20635.16,102264.853
688652.SH,20240322,48.79,51.15,48.42,50.66,49.01,3.3667,26071.87,130544.069
688652.SH,20240325,50.0,50.2,46.5,46.5,50.66,-8.2116,26266.65,127256.874
688652.SH,20240326,46.3,47.37,45.33,45.88,46.5,-1.3333,12737.21,58896.866
688652.SH,20240327,45.9,45.96,43.65,43.7,45.88,-4.7515,10104.25,44858.55
688652.SH,20240328,43.68,45.0,43.68,43.9,43.7,0.4577,12351.3,54736.641
688652.SH,20240329,43.92,45.97,41.88,45.86,43.9,4.4647,22018.16,97007.383
688652.SH,20240401,46.0,46.49,45.11,46.09,45.86,0.5015,12811.43,58823.893
688652.SH,20240402,46.12,46.15,44.85,45.31,46.09,-1.6923,6774.26,30707.136
688652.SH,20240403,45.31,46.38,43.75,44.58,45.31,-1.6111,11327.3,50983.659
688652.SH,20240408,44.77,45.21,43.31,43.81,44.58,-1.7272,10917.67,48056.482
688652.SH,20240409,44.0,44.89,43.81,43.97,43.81,0.3652,7466.41,32955.283
688652.SH,20240410,44.0,44.0,42.08,42.41,43.97,-3.5479,7949.8,33960.014
688652.SH,20240411,42.52,44.18,42.05,42.62,42.41,0.4952,7103.73,30660.558
688652.SH,20240412,42.67,43.77,42.36,42.36,42.62,-0.61,4506.71,19366.066
688652.SH,20240415,42.43,44.2,42.3,42.76,42.36,0.9443,13193.24,57077.958
688652.SH,20240416,42.06,42.71,38.69,38.96,42.76,-8.8868,16033.77,64176.144
688652.SH,20240417,39.58,41.99,39.58,41.76,38.96,7.1869,16492.76,67545.794
688652.SH,20240418,41.35,42.19,40.94,40.95,41.76,-1.9397,9623.71,39970.457
688652.SH,20240419,40.8,40.8,38.98,39.21,40.95,-4.2491,10637.51,42344.415
688652.SH,20240422,39.0,40.69,38.0,39.91,39.21,1.7853,8753.57,34665.127
688652.SH,20240423,40.05,40.97,39.97,40.62,39.91,1.779,6370.22,25857.274
688652.SH,20240424,40.76,42.28,40.31,42.17,40.62,3.8159,12226.07,50780.212
688652.SH,20240425,42.0,42.98,41.72,42.35,42.17,0.4268,9872.95,41984.15
688652.SH,20240426,42.1,43.65,42.07,43.28,42.35,2.196,8941.54,38559.092
688652.SH,20240429,43.28,44.43,43.0,43.92,43.28,1.4787,11068.27,48471.71
688652.SH,20240430,43.65,43.9,42.33,42.71,43.92,-2.755,8757.06,37593.542
688652.SH,20240506,43.01,43.7,42.92,43.34,42.71,1.4751,6253.12,27092.14
688652.SH,20240507,43.3,43.39,42.51,42.58,43.34,-1.7536,8117.49,34780.257
688652.SH,20240508,42.89,42.89,41.2,41.42,42.58,-2.7243,7632.37,31961.987
688652.SH,20240509,41.7,43.09,41.33,42.69,41.42,3.0662,8742.67,37250.25
688652.SH,20240510,42.69,42.69,40.6,40.84,42.69,-4.3336,8709.18,35963.43
688652.SH,20240513,40.51,40.95,39.11,39.2,40.84,-4.0157,9468.45,37743.879
688652.SH,20240514,39.25,39.95,39.1,39.22,39.2,0.051,6413.78,25288.903
688652.SH,20240515,39.16,40.29,38.71,38.73,39.22,-1.2494,7222.4,28416.328
688652.SH,20240516,39.06,39.27,38.3,38.45,38.73,-0.723,9283.13,36067.779
688652.SH,20240517,38.35,39.3,37.9,39.28,38.45,2.1586,10245.84,39620.495
688652.SH,20240520,39.01,40.0,38.83,39.02,39.28,-0.6619,7687.47,30185.206
688652.SH,20240521,39.0,39.36,38.51,39.07,39.02,0.1281,7008.76,27252.64
688652.SH,20240522,39.13,39.6,38.93,39.35,39.07,0.7167,7919.5,31074.464
688652.SH,20240523,39.28,40.18,38.7,39.81,39.35,1.169,13505.07,53441.421
688652.SH,20240524,39.69,39.7,37.25,37.46,39.81,-5.903,12725.82,48820.524
688652.SH,20240527,37.46,42.99,36.5,42.21,37.46,12.6802,29711.73,120912.24
688652.SH,20240528,41.63,44.82,41.63,42.36,42.21,0.3554,37190.85,160965.532
688652.SH,20240529,41.56,42.1,39.76,40.16,42.36,-5.1936,42209.25,172851.519
688652.SH,20240530,40.14,42.16,39.11,41.7,40.16,3.8347,35335.08,145654.686
688652.SH,20240531,41.5,42.33,41.12,41.62,41.7,-0.1918,24904.04,103846.109
688652.SH,20240603,41.66,43.5,41.66,42.7,41.62,2.5949,30758.75,131363.232
688652.SH,20240604,42.61,42.61,40.61,41.59,42.7,-2.5995,26310.43,108667.77
688652.SH,20240605,41.3,44.0,41.1,42.29,41.59,1.6831,37818.35,162249.584
688652.SH,20240606,42.96,43.98,42.2,42.82,42.29,1.2533,38331.11,165312.999
688652.SH,20240607,42.54,43.77,41.36,42.3,42.82,-1.2144,29394.65,125158.637
688652.SH,20240611,42.33,45.68,42.0,45.31,42.3,7.1158,45131.67,199219.514
688652.SH,20240612,44.81,45.81,44.5,44.7,45.31,-1.3463,30421.6,136949.431
688652.SH,20240613,44.95,47.98,44.72,45.96,44.7,2.8188,50948.24,236873.382
688652.SH,20240614,45.44,45.98,43.91,45.23,45.96,-1.5883,30607.9,137091.923
688652.SH,20240617,44.71,45.52,44.14,45.02,45.23,-0.4643,20130.86,90391.336
688652.SH,20240618,44.95,45.41,43.7,44.12,45.02,-1.9991,25448.87,113103.16
688652.SH,20240619,44.22,44.95,43.04,44.43,44.12,0.7026,26983.01,118717.599
688652.SH,20240620,44.1,46.95,44.01,44.96,44.43,1.1929,41733.78,191337.775
688652.SH,20240621,44.0,44.31,43.03,43.99,44.96,-2.1575,24547.63,107262.753
688652.SH,20240624,43.39,44.19,40.55,40.55,43.99,-7.82,32641.08,137303.123
688652.SH,20240625,40.5,41.44,39.64,40.55,40.55,0.0,25877.52,104836.663
688652.SH,20240626,40.75,41.36,39.86,41.36,40.55,1.9975,15807.13,64314.146
688652.SH,20240627,41.0,41.08,39.64,39.66,41.36,-4.1103,15652.45,63092.301
688652.SH,20240628,39.57,40.6,39.0,39.09,39.66,-1.4372,17239.54,68757.572
688652.SH,20240701,39.25,39.52,37.82,38.83,39.09,-0.6651,15978.43,61471.277
688652.SH,20240702,38.4,38.83,37.78,37.95,38.83,-2.2663,11817.37,45111.114
688652.SH,20240703,37.78,41.58,37.52,40.35,37.95,6.3241,33758.26,134643.506
688652.SH,20240704,40.2,40.36,39.2,39.35,40.35,-2.4783,14821.23,58835.95
688652.SH,20240705,39.35,40.0,38.5,39.66,39.35,0.7878,13070.17,51569.766
688652.SH,20240708,39.66,40.77,38.79,38.79,39.66,-2.1936,17143.41,68407.283
688652.SH,20240709,38.65,40.63,38.65,40.34,38.79,3.9959,18434.79,73519.43
688652.SH,20240710,40.1,40.58,39.8,40.3,40.27,0.0745,11078.65,44590.668
688652.SH,20240711,41.05,41.35,40.32,40.78,40.3,1.1911,15311.4,62636.282
688652.SH,20240712,40.52,41.57,40.28,41.15,40.78,0.9073,13098.12,53839.973
688652.SH,20240715,41.28,42.49,40.91,41.05,41.15,-0.243,17087.77,71294.21
688652.SH,20240716,40.74,41.83,39.74,41.8,41.05,1.827,17626.26,72128.069
688652.SH,20240717,41.44,43.2,40.8,42.5,41.8,1.6746,22693.84,95805.218
688652.SH,20240718,42.2,44.5,41.35,43.77,42.5,2.9882,27387.62,117770.618
688652.SH,20240719,43.57,44.66,43.18,43.75,43.77,-0.0457,17923.03,78772.427
688652.SH,20240722,43.7,44.15,42.55,42.85,43.75,-2.0571,15665.28,67643.764
688652.SH,20240723,42.52,42.81,40.28,40.29,42.85,-5.9743,18516.08,76556.381
688652.SH,20240724,40.01,40.44,39.1,39.29,40.29,-2.482,14386.53,57201.673
688652.SH,20240725,38.9,40.0,38.11,38.8,39.29,-1.2471,17552.44,68499.401
688652.SH,20240726,38.6,39.88,38.4,39.39,38.8,1.5206,13691.58,53571.347
688652.SH,20240729,39.43,39.85,39.19,39.36,39.39,-0.0762,8460.53,33472.487
688652.SH,20240730,39.11,40.8,38.82,40.16,39.36,2.0325,12310.6,49366.45
688652.SH,20240731,39.93,41.83,39.7,41.66,40.16,3.7351,14871.56,60993.778
688652.SH,20240801,41.66,44.45,41.66,43.26,41.66,3.8406,29128.2,125378.193
688652.SH,20240802,42.6,43.26,41.53,41.69,43.26,-3.6292,14830.81,63111.807
688652.SH,20240805,40.9,41.87,40.04,40.1,41.69,-3.8139,13293.05,54502.919
688652.SH,20240806,40.77,41.66,40.5,41.1,40.1,2.4938,10091.92,41269.476
688652.SH,20240807,41.1,41.55,40.95,40.96,41.1,-0.3406,6617.0,27280.561
688652.SH,20240808,40.52,42.32,40.11,41.8,40.96,2.0508,10933.85,45437.625
688652.SH,20240809,42.5,43.34,41.23,41.29,41.8,-1.2201,14291.59,60689.013
688652.SH,20240812,41.3,43.28,41.01,42.29,41.29,2.4219,16996.5,72113.675
688652.SH,20240813,42.14,45.58,42.14,44.52,42.29,5.2731,39193.0,173468.277
688652.SH,20240814,44.52,44.9,43.17,43.4,44.52,-2.5157,18253.17,80142.763
688652.SH,20240815,43.49,43.7,42.72,43.0,43.4,-0.9217,17559.1,75705.439
688652.SH,20240816,42.99,43.94,42.41,42.46,43.0,-1.2558,11843.51,51129.069
688652.SH,20240819,42.5,44.64,41.46,43.76,42.46,3.0617,22815.17,99654.323
688652.SH,20240820,43.51,43.86,40.11,40.9,43.76,-6.5356,22023.2,92184.349
688652.SH,20240821,40.2,41.42,39.87,40.08,40.9,-2.0049,12074.5,48801.329
688652.SH,20240822,40.12,40.63,39.49,39.51,40.08,-1.4222,9644.45,38564.804
688652.SH,20240823,39.1,39.7,38.0,39.1,39.51,-1.0377,11404.23,44243.711
688652.SH,20240826,39.39,39.8,38.91,39.45,39.1,0.8951,6501.38,25634.834
688652.SH,20240827,39.1,40.05,38.97,39.47,39.45,0.0507,5301.08,20942.796
688652.SH,20240828,39.34,40.2,38.9,39.89,39.47,1.0641,7208.06,28547.504
688652.SH,20240829,39.71,41.35,39.58,40.9,39.89,2.532,12379.75,50229.575
688652.SH,20240830,40.49,42.95,40.49,42.13,40.9,3.0073,20393.97,86231.182
688652.SH,20240902,41.83,42.3,40.14,40.16,42.13,-4.676,13929.44,57230.819
688652.SH,20240903,40.44,41.37,40.0,40.51,40.16,0.8715,9462.78,38631.38
688652.SH,20240904,40.39,40.9,39.72,40.09,40.51,-1.0368,8232.96,33171.582
688652.SH,20240905,40.38,40.69,39.52,39.65,40.09,-1.0975,7033.03,28091.281
688652.SH,20240906,39.67,39.98,37.67,38.16,39.65,-3.7579,14858.13,57254.143
688652.SH,20240909,37.9,38.7,37.9,38.58,38.16,1.1006,7602.67,29154.024
688652.SH,20240910,38.58,39.3,38.35,39.04,38.58,1.1923,8135.83,31610.118
688652.SH,20240911,39.07,39.69,38.48,39.32,39.04,0.7172,6043.12,23691.731
688652.SH,20240912,39.33,39.75,38.87,38.87,39.32,-1.1445,5351.11,21049.033
688652.SH,20240913,38.88,39.39,38.4,38.42,38.87,-1.1577,5337.29,20734.702
688652.SH,20240918,38.88,38.91,37.7,37.81,38.42,-1.5877,8100.56,31089.095
688652.SH,20240919,38.0,38.55,37.2,37.9,37.81,0.238,9469.71,35945.822
688652.SH,20240920,37.89,38.29,36.92,37.2,37.9,-1.847,5274.08,19759.987
688652.SH,20240923,37.49,37.59,35.26,35.43,37.2,-4.7581,12122.18,43948.874
688652.SH,20240924,35.76,36.76,34.01,36.76,35.43,3.7539,20053.46,71247.674
688652.SH,20240925,37.01,37.76,36.45,36.5,36.76,-0.7073,15168.26,56397.219
688652.SH,20240926,36.45,37.79,36.2,37.78,36.5,3.5068,12320.95,45615.235
688652.SH,20240927,38.47,40.39,37.82,40.27,37.78,6.5908,11096.23,43442.981
688652.SH,20240930,42.4,47.77,40.4,47.43,40.27,17.78,37765.76,167719.759
688652.SH,20241008,56.91,56.92,51.5,56.92,47.43,20.0084,60650.3,333645.858
688652.SH,20241009,53.0,56.95,50.14,51.4,56.92,-9.6978,63593.73,341727.883
688652.SH,20241010,52.58,53.0,48.0,48.66,51.4,-5.3307,34799.27,173603.495
688652.SH,20241011,47.82,48.76,44.23,44.67,48.66,-8.1998,30069.27,138380.686
688652.SH,20241014,44.84,46.7,43.19,46.37,44.67,3.8057,23196.0,104907.494
688652.SH,20241015,46.0,47.44,44.84,44.9,46.37,-3.1702,23552.7,108816.064
688652.SH,20241016,43.08,45.75,43.07,44.5,44.9,-0.8909,12861.48,57201.877
688652.SH,20241017,44.8,45.88,43.71,43.83,44.5,-1.5056,16573.39,74300.053
688652.SH,20241018,43.83,49.3,43.47,47.01,43.83,7.2553,35637.67,165276.49
688652.SH,20241021,47.88,50.28,47.0,47.55,47.01,1.1487,50137.4,243796.781
688652.SH,20241022,47.52,48.55,46.08,47.08,47.55,-0.9884,35652.12,167086.602
688652.SH,20241023,46.92,47.5,45.9,46.2,47.08,-1.8692,29672.65,138909.094
688652.SH,20241024,45.89,52.15,45.5,50.36,46.2,9.0043,67098.73,327614.058
688652.SH,20241025,50.96,54.16,48.55,51.68,50.36,2.6211,63863.04,324280.759
688652.SH,20241028,51.68,52.0,49.68,50.72,51.68,-1.8576,39386.72,198780.773
688652.SH,20241029,50.26,50.8,48.16,48.85,50.72,-3.6869,25530.15,126195.033
688652.SH,20241030,48.66,49.32,47.8,48.74,48.85,-0.2252,19382.6,94147.579
688652.SH,20241031,49.5,56.86,49.04,56.41,48.74,15.7366,84178.77,456943.277
688652.SH,20241101,54.5,55.49,52.1,52.15,56.41,-7.5519,36566.71,195170.176
688652.SH,20241104,52.29,56.05,52.29,55.27,52.15,5.9827,33691.33,183941.653
688652.SH,20241105,55.27,58.86,54.24,57.1,55.27,3.311,43230.39,244288.868
688652.SH,20241106,57.77,61.18,56.0,58.6,57.1,2.627,46094.27,268514.744
688652.SH,20241107,58.1,59.45,56.12,56.62,58.6,-3.3788,39030.08,224329.009
688652.SH,20241108,57.7,61.63,57.7,58.7,56.62,3.6736,48765.52,290566.949
688652.SH,20241111,59.03,67.56,59.0,64.81,58.7,10.4089,59855.22,380695.775
688652.SH,20241112,64.01,64.98,60.61,62.5,64.81,-3.5643,41910.63,263726.2
688652.SH,20241113,62.5,69.5,62.0,67.33,62.5,7.728,60870.03,404373.832
688652.SH,20241114,66.66,70.69,65.14,68.84,67.33,2.2427,47084.32,322029.016
688652.SH,20241115,67.64,69.35,60.6,63.05,68.84,-8.4108,50587.03,326177.419
688652.SH,20241118,62.0,62.0,56.05,56.91,63.05,-9.7383,50411.17,294468.076
688652.SH,20241119,56.91,59.47,55.8,58.8,56.91,3.321,36255.4,210086.396
688652.SH,20241120,58.71,59.79,58.01,59.25,58.8,0.7653,22831.01,134791.397
688652.SH,20241121,58.65,59.8,57.61,58.31,59.25,-1.5865,28509.01,167051.081
688652.SH,20241122,57.87,59.49,54.65,54.7,58.31,-6.191,34051.39,192030.741
688652.SH,20241125,54.35,55.45,53.17,54.15,54.7,-1.0055,18630.29,100921.872
688652.SH,20241126,53.56,55.38,52.44,52.68,54.15,-2.7147,19740.44,106110.292
688652.SH,20241127,52.44,54.95,50.0,54.84,52.68,4.1002,33076.14,172277.356
688652.SH,20241128,54.36,56.69,53.05,53.49,54.84,-2.4617,31727.73,172851.359
688652.SH,20241129,53.0,56.2,51.7,54.85,53.49,2.5425,46656.63,252465.709
688652.SH,20241202,53.5,55.48,53.33,54.58,54.85,-0.4923,37466.48,203736.124
688652.SH,20241203,55.56,59.34,54.52,55.51,54.58,1.7039,60610.19,344567.552
688652.SH,20241204,57.0,57.3,53.4,53.5,55.51,-3.621,29431.6,162233.228
688652.SH,20241205,52.35,53.88,52.35,53.0,53.5,-0.9346,22442.95,119124.078
688652.SH,20241206,52.7,54.5,52.07,53.36,53.0,0.6792,36399.77,193693.318
688652.SH,20241209,53.38,53.76,51.15,52.23,53.36,-2.1177,28418.42,148962.876
688652.SH,20241210,54.0,56.16,53.5,54.2,52.23,3.7718,43970.35,241327.734
688652.SH,20241211,54.01,55.95,53.46,53.99,54.2,-0.3875,30953.56,168332.021
688652.SH,20241212,53.4,54.3,53.23,53.65,53.99,-0.6297,16504.13,88667.078
688652.SH,20241213,53.55,53.55,51.69,51.75,53.65,-3.5415,31702.36,165924.245
688652.SH,20241216,51.48,51.89,49.28,49.85,51.75,-3.6715,25333.97,127499.915
688652.SH,20241217,49.48,50.18,48.7,49.65,49.85,-0.4012,22850.1,113092.468
688652.SH,20241218,49.61,53.28,49.6,53.19,49.65,7.1299,46000.17,238985.474
688652.SH,20241219,52.0,53.6,51.7,53.3,53.19,0.2068,27876.14,147700.85
688652.SH,20241220,53.06,55.25,53.05,55.18,53.3,3.5272,47911.97,262041.789
688652.SH,20241223,55.18,55.91,53.71,53.78,55.18,-2.5372,31895.11,174811.271
688652.SH,20241224,54.35,54.45,52.2,54.09,53.78,0.5764,25564.05,136523.51
688652.SH,20241225,53.85,55.18,52.51,54.31,54.09,0.4067,26998.86,145542.293
688652.SH,20241226,54.3,55.35,53.91,54.7,54.31,0.7181,27787.16,152501.685
688652.SH,20241227,54.51,55.19,52.96,53.15,54.7,-2.8336,30958.12,167639.966
688652.SH,20241230,52.86,53.34,50.01,50.26,53.15,-5.4374,42863.73,219012.461
688652.SH,20241231,50.5,50.84,48.84,49.1,50.26,-2.308,21184.58,105352.96
688652.SH,20250102,49.0,49.27,47.17,47.92,49.1,-2.4033,23109.46,111893.008
688652.SH,20250103,48.35,51.67,47.56,49.25,47.92,2.7755,37887.55,188510.65
688652.SH,20250106,50.0,51.25,49.44,49.9,49.25,1.3198,30061.6,151364.371
688652.SH,20250107,50.0,54.49,50.0,54.45,49.9,9.1182,55032.58,293918.036
688652.SH,20250108,54.17,55.28,52.68,54.3,54.45,-0.2755,50292.86,273632.911
688652.SH,20250109,54.0,55.8,53.45,55.75,54.3,2.6703,53101.58,292179.186
688652.SH,20250110,55.8,60.0,54.73,55.18,55.75,-1.0224,49977.6,286070.237
688652.SH,20250113,54.0,54.69,52.91,54.28,55.18,-1.631,24190.46,130370.984
688652.SH,20250114,54.1,59.2,54.04,57.94,54.28,6.7428,47441.9,271956.722
688652.SH,20250115,57.89,58.5,56.4,57.0,57.94,-1.6224,29186.03,167164.135
688652.SH,20250116,57.5,58.55,56.0,57.01,57.0,0.0175,37399.17,214376.921
688652.SH,20250117,56.71,60.2,55.53,58.76,57.01,3.0696,49452.58,287298.647
688652.SH,20250120,58.76,58.9,56.8,57.36,58.76,-2.3826,29026.51,166542.602
688652.SH,20250121,57.78,58.2,56.29,57.68,57.36,0.5579,25377.62,145071.594
688652.SH,20250122,57.6,58.68,56.01,57.55,57.68,-0.2254,30868.23,176213.099
688652.SH,20250123,58.01,58.49,55.85,56.5,57.55,-1.8245,26389.75,151419.109
688652.SH,20250124,56.5,57.57,55.88,56.43,56.5,-0.1239,21476.08,121722.566
688652.SH,20250127,56.23,56.27,53.69,54.84,56.43,-2.8177,26168.0,143783.824
688652.SH,20250205,55.52,58.26,55.52,55.98,54.84,2.0788,23939.08,136161.672
688652.SH,20250206,55.88,60.18,55.36,59.65,55.98,6.5559,45243.71,267373.685
688652.SH,20250207,59.33,59.95,57.4,58.2,59.65,-2.4308,35521.17,208305.062
688652.SH,20250210,57.98,58.8,57.61,58.6,58.2,0.6873,21878.03,127601.594
688652.SH,20250211,58.77,58.77,56.4,57.15,58.6,-2.4744,25830.55,147195.147
688652.SH,20250212,57.29,57.64,56.18,57.02,57.15,-0.2275,23978.3,136232.585
688652.SH,20250213,57.04,58.97,56.77,56.81,57.02,-0.3683,36143.29,209155.863
688652.SH,20250214,56.0,56.99,55.29,56.0,56.81,-1.4258,24038.81,134089.273
688652.SH,20250217,56.22,63.97,56.0,62.39,56.0,11.4107,85068.31,509649.142
688652.SH,20250218,62.35,65.75,61.18,63.15,62.39,1.2181,64802.75,410780.056
688652.SH,20250219,63.14,64.5,62.91,63.46,63.15,0.4909,37331.58,237885.124
688652.SH,20250220,63.0,66.87,62.23,62.84,63.46,-0.977,33767.26,216448.826
688652.SH,20250221,62.0,67.08,61.84,66.48,62.84,5.7925,47425.13,306329.21
688652.SH,20250224,66.0,70.54,65.34,69.4,66.48,4.3923,43874.8,301842.123
688652.SH,20250225,67.77,72.84,67.01,68.03,69.4,-1.9741,35362.05,246472.531
688652.SH,20250226,68.6,68.8,67.03,68.23,68.03,0.294,21489.22,145913.682
688652.SH,20250227,68.35,69.47,65.13,67.8,68.23,-0.6302,23785.05,159121.701
688652.SH,20250228,67.05,67.8,63.0,63.38,67.8,-6.5192,26103.57,168112.877
688652.SH,20250303,63.78,64.83,60.67,61.32,63.38,-3.2502,26032.95,162935.713
688652.SH,20250304,60.26,64.52,60.04,64.16,61.32,4.6314,29378.29,184968.807
688652.SH,20250305,64.0,64.65,62.62,63.9,64.16,-0.4052,17948.43,114084.776
688652.SH,20250306,67.0,71.8,67.0,69.35,63.9,8.529,59130.33,412014.446
688652.SH,20250307,69.45,70.38,65.99,66.5,69.35,-4.1096,36929.37,249493.265
688652.SH,20250310,66.5,68.45,65.57,66.2,66.5,-0.4511,20326.11,135800.509
688652.SH,20250311,65.54,67.32,64.21,65.49,66.2,-1.0725,20875.86,136656.078
688652.SH,20250312,65.5,66.41,64.12,64.4,65.49,-1.6644,15906.54,102901.635
688652.SH,20250313,63.92,64.37,61.92,62.76,64.4,-2.5466,16997.4,106923.63
688652.SH,20250314,63.16,64.37,62.0,63.66,62.76,1.434,15065.75,95650.495
688652.SH,20250317,64.0,64.95,63.0,64.1,63.66,0.6912,15116.07,96868.43
688652.SH,20250318,64.1,65.98,63.15,63.32,64.1,-1.2168,16751.4,107889.807
688652.SH,20250319,63.02,63.42,61.2,61.7,63.32,-2.5584,12337.42,76462.681
688652.SH,20250320,61.7,62.88,60.51,61.51,61.7,-0.3079,12241.27,75802.016
688652.SH,20250321,61.2,62.56,60.31,60.55,61.51,-1.5607,18785.61,115532.21
688652.SH,20250324,60.56,62.7,59.99,61.24,60.55,1.1396,14242.62,87144.905
688652.SH,20250325,60.97,62.0,60.1,60.48,61.24,-1.241,9398.84,57263.793
688652.SH,20250326,60.48,61.57,60.22,60.6,60.48,0.1984,10735.2,65421.907
688652.SH,20250327,60.15,64.5,59.18,63.32,60.6,4.4884,25489.34,159387.287
688652.SH,20250328,63.01,63.64,60.8,61.98,63.32,-2.1162,21206.12,131904.145
688652.SH,20250331,61.36,63.37,60.87,62.0,61.98,0.0323,13585.34,84393.033
688652.SH,20250401,62.0,63.99,61.6,63.33,62.0,2.1452,21725.22,137228.907
688652.SH,20250402,63.23,64.95,62.81,63.5,63.33,0.2684,14037.46,90001.664
688652.SH,20250403,62.72,65.35,62.68,64.66,63.5,1.8268,15541.08,100162.497
688652.SH,20250407,60.0,64.0,55.58,57.4,64.66,-11.228,23919.17,144306.03
688652.SH,20250408,58.54,59.97,53.01,55.25,57.4,-3.7456,32638.87,182444.159
688652.SH,20250409,54.26,60.0,52.26,58.32,55.25,5.5566,33947.03,195780.664
688652.SH,20250410,59.98,60.42,58.03,59.38,58.32,1.8176,19697.59,117115.392
688652.SH,20250411,59.0,63.86,58.55,61.47,59.38,3.5197,22640.2,139923.836
688652.SH,20250414,62.54,63.0,61.0,62.38,61.47,1.4804,12359.88,76835.801
688652.SH,20250415,62.0,62.09,58.85,61.1,62.38,-2.0519,20221.06,121542.845
688652.SH,20250416,61.0,63.25,60.72,61.85,61.1,1.2275,18822.51,116708.836
688652.SH,20250417,61.53,62.96,60.68,61.04,61.85,-1.3096,13189.18,81443.878
688652.SH,20250418,61.0,61.0,59.22,59.66,61.04,-2.2608,10601.29,63499.552
688652.SH,20250421,59.6,60.87,58.8,60.68,59.66,1.7097,14017.3,84109.018
688652.SH,20250422,60.3,60.58,58.05,59.0,60.68,-2.7686,16425.39,96953.98
688652.SH,20250423,59.0,59.46,57.6,58.9,59.0,-0.1695,15836.12,92513.616
688652.SH,20250424,59.0,59.92,58.16,58.26,58.9,-1.0866,13106.61,77283.362
688652.SH,20250425,58.26,60.27,57.68,58.81,58.26,0.944,15966.61,94670.599
688652.SH,20250428,58.3,58.77,55.36,56.94,58.81,-3.1797,19741.65,112122.574
688652.SH,20250429,56.95,58.48,56.07,58.2,56.94,2.2129,9485.7,54722.778
688652.SH,20250430,58.01,61.0,58.01,60.0,58.2,3.0928,22252.37,133953.924
688652.SH,20250506,60.5,60.99,59.55,60.65,60.0,1.0833,15714.65,94847.476
688652.SH,20250507,61.1,61.69,59.2,59.61,60.65,-1.7148,16141.72,97007.736
688652.SH,20250508,59.7,59.75,57.25,58.15,59.61,-2.4493,30949.24,179917.762
688652.SH,20250509,58.09,58.09,56.68,56.74,58.15,-2.4248,16227.9,92513.172
688652.SH,20250512,56.99,59.28,56.66,59.1,56.74,4.1593,24627.15,143328.568
688652.SH,20250513,59.74,59.88,58.0,58.18,59.1,-1.5567,10602.0,62387.666
688652.SH,20250514,58.2,58.9,57.3,57.59,58.18,-1.0141,10199.73,58956.686
688652.SH,20250515,57.5,57.57,55.25,55.61,57.59,-3.4381,13245.12,74216.989
688652.SH,20250516,55.8,56.43,55.59,55.73,55.61,0.2158,6853.97,38400.908
688652.SH,20250519,56.08,56.54,54.7,55.16,55.73,-1.0228,11701.11,64789.392
688652.SH,20250520,55.2,58.1,54.81,57.6,55.16,4.4235,20330.59,115990.605
688652.SH,20250521,57.6,57.9,55.4,55.89,57.6,-2.9688,21141.83,118541.737
688652.SH,20250522,55.89,56.89,54.87,54.94,55.89,-1.6998,11069.24,61284.115
688652.SH,20250523,55.2,55.66,54.51,54.61,54.94,-0.6007,7236.25,39861.379
688652.SH,20250526,54.62,55.35,53.9,55.01,54.61,0.7325,11316.97,61809.954
688652.SH,20250527,55.0,55.0,53.78,53.99,55.01,-1.8542,8702.65,47018.256
688652.SH,20250528,53.85,54.36,53.5,53.7,53.99,-0.5371,5061.67,27267.148
688652.SH,20250529,53.7,55.36,53.38,55.06,53.7,2.5326,15343.15,83792.7
688652.SH,20250530,54.92,54.99,53.38,53.75,55.06,-2.3792,9788.43,53018.729
688652.SH,20250603,53.75,56.22,53.6,54.34,53.75,1.0977,20615.96,113444.529
688652.SH,20250604,54.36,54.75,53.41,54.25,54.34,-0.1656,9856.16,53237.65
688652.SH,20250605,54.3,55.19,54.0,55.15,54.25,1.659,11918.5,65201.199
688652.SH,20250606,55.2,55.37,54.41,54.83,55.15,-0.5802,8462.98,46398.804
688652.SH,20250609,54.84,55.16,53.9,54.69,54.83,-0.2553,12040.12,65559.3
688652.SH,20250610,54.69,54.8,52.91,53.19,54.69,-2.7427,11192.81,60099.13
688652.SH,20250611,53.29,54.19,53.29,53.31,53.19,0.2256,10681.2,57322.189
688652.SH,20250612,53.4,53.42,52.52,52.71,53.31,-1.1255,15593.04,82573.219
688652.SH,20250613,52.7,54.87,52.15,54.01,52.71,2.4663,34453.35,185916.959
688652.SH,20250616,53.99,54.5,53.43,53.48,54.01,-0.9813,12850.31,69234.109
688652.SH,20250617,53.59,53.76,51.12,51.58,53.48,-3.5527,23917.45,124138.445
688652.SH,20250618,52.5,55.25,51.81,54.1,51.58,4.8856,32249.68,172911.881
688652.SH,20250619,54.0,56.0,53.65,54.51,54.1,0.7579,32124.76,176993.108
688652.SH,20250620,54.26,55.19,53.98,54.6,54.51,0.1651,13338.06,72729.709
688652.SH,20250623,54.46,57.23,54.3,56.73,54.6,3.9011,29814.79,167882.283
688652.SH,20250624,56.13,56.98,55.86,56.57,56.73,-0.282,20259.88,114305.256
688652.SH,20250625,56.21,56.96,55.4,56.72,56.57,0.2652,22508.02,126372.063
688652.SH,20250626,56.66,57.35,55.52,55.72,56.72,-1.763,18205.53,102208.903
688652.SH,20250627,56.0,56.57,55.56,55.69,55.72,-0.0538,14779.34,82740.114
688652.SH,20250630,56.09,57.48,56.09,57.32,55.69,2.9269,27904.26,158389.686
688652.SH,20250701,57.35,58.0,56.44,56.69,57.32,-1.0991,22276.34,127148.395
688652.SH,20250702,56.6,56.6,54.8,55.06,56.69,-2.8753,19790.39,109462.904
688652.SH,20250703,55.0,55.55,54.71,54.92,55.06,-0.2543,11454.06,63025.27
688652.SH,20250704,54.8,58.3,53.43,56.54,54.92,2.9497,47066.59,264063.49
688652.SH,20250707,56.5,58.9,56.35,56.98,56.54,0.7782,30401.34,175707.441
688652.SH,20250708,57.3,58.05,56.91,57.08,56.98,0.1755,22098.7,126849.013
688652.SH,20250709,56.77,57.48,55.85,56.86,57.08,-0.3854,27860.98,157836.384
688652.SH,20250710,56.62,56.76,55.6,55.73,56.86,-1.9873,18175.03,101578.832
688652.SH,20250711,55.74,56.65,55.25,56.46,55.73,1.3099,21572.99,120728.63
688652.SH,20250714,56.38,56.46,55.41,55.61,56.46,-1.5055,14589.69,81444.879
688652.SH,20250715,55.71,55.98,54.6,54.77,55.61,-1.5105,25057.0,137955.616
688652.SH,20250716,54.77,55.68,54.44,54.44,54.77,-0.6025,18510.17,101720.464
688652.SH,20250717,54.58,54.98,54.21,54.75,54.44,0.5694,16602.96,90647.151
688652.SH,20250718,54.94,55.44,53.72,53.9,54.75,-1.5525,28087.69,152534.733
688652.SH,20250721,53.91,54.09,53.0,53.38,53.9,-0.9647,30150.07,161156.256
688652.SH,20250722,53.26,55.19,53.26,54.6,53.38,2.2855,32573.66,177265.264
688652.SH,20250723,54.26,59.31,54.26,58.52,54.6,7.1795,84029.64,482508.728
688652.SH,20250724,58.5,60.43,57.84,59.96,58.52,2.4607,54382.73,324233.092
688652.SH,20250725,59.0,60.27,58.49,59.25,59.96,-1.1841,38606.61,227841.172
688652.SH,20250728,59.88,59.97,58.42,58.71,59.25,-0.9114,26570.92,156627.466
688652.SH,20250729,58.71,58.99,57.5,58.49,58.71,-0.3747,26821.35,156251.518
688652.SH,20250730,58.4,58.5,56.68,57.37,58.49,-1.9149,28890.8,166314.209
688652.SH,20250731,57.27,57.69,56.41,56.7,57.37,-1.1679,28072.64,160153.44
688652.SH,20250801,56.56,57.06,54.65,55.38,56.7,-2.328,48122.02,267279.029
688652.SH,20250804,55.11,58.28,54.87,57.52,55.38,3.8642,45979.56,261922.468
688652.SH,20250805,57.64,58.33,57.04,58.03,57.52,0.8866,23082.13,133431.858
688652.SH,20250806,57.72,59.99,56.9,59.79,58.03,3.0329,49456.15,290597.753
688652.SH,20250807,59.5,62.43,59.5,61.01,59.79,2.0405,84659.92,516546.21
688652.SH,20250808,60.81,61.8,59.32,59.5,61.01,-2.475,43650.33,261806.941
688652.SH,20250811,59.3,62.66,58.8,61.4,59.5,3.1933,55718.72,341635.184
688652.SH,20250812,61.3,62.85,60.2,62.45,61.4,1.7101,45940.87,283921.568
688652.SH,20250813,62.45,65.28,62.27,63.39,62.45,1.5052,47879.02,303185.842
688652.SH,20250814,63.06,63.86,61.8,62.66,63.39,-1.1516,37612.21,236300.495
688652.SH,20250815,62.35,63.58,62.2,63.38,62.66,1.1491,29935.19,188329.07
688652.SH,20250818,63.7,66.25,63.04,65.51,63.38,3.3607,45104.68,291510.868
688652.SH,20250819,64.75,65.0,62.96,63.09,65.39,-3.5174,27076.12,172464.246
688652.SH,20250820,63.89,66.63,61.92,65.84,63.09,4.3589,44683.13,286587.824
688652.SH,20250821,64.77,73.85,63.88,69.93,65.84,6.212,70298.13,481032.25
688652.SH,20250822,68.1,83.0,68.05,79.99,69.93,14.3858,106803.0,809019.752
688652.SH,20250825,79.0,81.6,74.52,78.09,79.99,-2.3753,94041.61,728405.627
688652.SH,20250826,76.2,76.49,72.88,73.76,78.09,-5.5449,72080.56,534851.953
688652.SH,20250827,73.01,77.5,72.68,73.37,73.76,-0.5287,65039.03,486131.351
688652.SH,20250828,73.91,79.0,72.8,77.88,73.37,6.1469,71589.85,546605.436
688652.SH,20250829,75.8,75.86,72.6,74.16,77.88,-4.7766,59568.49,439329.407
688652.SH,20250901,73.01,78.88,72.0,77.36,74.16,4.315,62055.96,474613.004
688652.SH,20250902,76.84,78.86,70.6,71.54,77.36,-7.5233,51082.94,374348.103
688652.SH,20250903,71.71,74.4,70.88,72.84,71.54,1.8172,39828.06,289978.783
688652.SH,20250904,72.01,73.36,67.42,68.5,72.84,-5.9583,45442.56,317211.784
688652.SH,20250905,68.48,71.3,68.0,70.68,68.5,3.1825,32434.06,225587.435
688652.SH,20250908,70.68,75.98,68.34,74.93,70.68,6.013,66328.45,474804.18
688652.SH,20250909,72.5,72.85,68.13,69.11,74.93,-7.7672,58948.3,414889.573
688652.SH,20250910,68.01,70.44,68.01,69.51,69.11,0.5788,26299.65,183721.314
688652.SH,20250911,69.02,72.17,68.68,70.73,69.51,1.7551,42404.09,299605.802
688652.SH,20250912,70.68,75.5,70.1,74.99,70.73,6.0229,61571.01,450700.399
688652.SH,20250915,75.47,78.33,74.0,75.89,74.99,1.2002,49405.31,376139.07
688652.SH,20250916,75.0,76.57,73.15,74.11,75.89,-2.3455,41350.19,307292.426
688652.SH,20250917,74.17,79.33,73.51,77.3,74.11,4.3044,53468.03,410995.871
688652.SH,20250918,76.5,84.1,76.5,79.69,77.3,3.0918,86345.19,695505.902
688652.SH,20250919,81.6,86.77,79.0,83.2,79.69,4.4046,84233.54,701228.571
688652.SH,20250922,81.85,86.68,80.25,81.83,83.2,-1.6466,64880.18,538731.724
688652.SH,20250923,86.0,89.0,82.02,87.09,81.83,6.428,94536.95,807743.573
688652.SH,20250924,87.88,104.51,87.88,97.71,87.09,12.1943,151691.5,1477169.573
688652.SH,20250925,94.0,99.95,92.0,95.2,97.71,-2.5688,101791.76,965478.198
688652.SH,20250926,95.3,102.83,95.0,98.45,95.2,3.4139,92923.33,914112.014
688652.SH,20250929,99.0,107.49,96.66,107.49,98.45,9.1823,83748.05,859150.373
688652.SH,20250930,108.0,117.33,99.5,100.82,107.49,-6.2052,110966.94,1174772.711
688652.SH,20251009,103.83,108.0,97.3,99.33,100.82,-1.4779,95131.17,973467.374
688652.SH,20251010,98.0,99.0,95.1,96.85,99.33,-2.4967,76712.66,741873.505
688652.SH,20251013,91.0,99.87,91.0,98.22,96.85,1.4146,65498.55,636877.228
688652.SH,20251014,99.77,100.75,88.5,89.8,98.22,-8.5726,85039.18,790895.781
688652.SH,20251015,89.78,92.28,88.02,91.6,89.8,2.0045,42895.27,387775.95
688652.SH,20251016,91.28,94.32,90.0,90.26,91.6,-1.4629,55075.05,506713.631
688652.SH,20251017,90.13,92.1,86.53,86.76,90.26,-3.8777,43895.03,387174.574
688652.SH,20251020,88.2,89.39,84.58,86.19,86.76,-0.657,46007.13,399437.386
688652.SH,20251021,86.71,88.88,85.53,88.0,86.19,2.1,39541.23,345469.981
688652.SH,20251022,87.12,88.45,84.88,87.1,88.0,-1.0227,45569.94,393388.637
688652.SH,20251023,86.22,86.72,82.88,84.2,87.1,-3.3295,51087.73,430720.291
688652.SH,20251024,85.2,91.88,84.45,90.96,84.2,8.0285,68389.39,609479.248
688652.SH,20251027,92.0,94.91,90.53,93.96,90.96,3.2982,87433.19,811669.337
688652.SH,20251028,93.2,98.5,92.1,95.59,93.96,1.7348,65959.43,633566.174
688652.SH,20251029,95.2,97.53,91.68,94.35,95.59,-1.2972,53515.26,501469.731
688652.SH,20251030,91.62,95.01,89.85,92.52,94.35,-1.9396,48963.9,454731.267
688652.SH,20251031,91.02,94.55,86.38,86.9,92.52,-6.0744,67188.26,598787.223
688652.SH,20251103,86.04,86.9,80.9,84.5,86.9,-2.7618,66833.81,557931.81
688652.SH,20251104,85.0,88.5,84.01,87.8,84.5,3.9053,60647.38,525471.238
688652.SH,20251105,85.5,89.23,84.01,87.81,87.8,0.0114,41128.72,355416.777
688652.SH,20251106,88.19,95.38,87.7,92.9,87.81,5.7966,81048.37,745341.619
688652.SH,20251107,91.08,96.88,89.49,94.15,92.9,1.3455,78479.27,737274.38
688652.SH,20251110,96.71,108.86,96.71,105.8,94.15,12.3739,132409.32,1362377.158
688652.SH,20251111,104.5,112.0,100.13,102.5,105.8,-3.1191,94622.6,991115.98
688652.SH,20251112,98.7,104.39,98.0,100.55,102.5,-1.9024,65432.19,661560.013
688652.SH,20251113,100.0,105.2,97.5,98.2,100.55,-2.3371,59796.55,597396.54
688652.SH,20251114,97.91,98.79,92.8,96.06,98.2,-2.1792,54173.81,519704.007
688652.SH,20251117,96.0,97.89,90.7,91.2,96.06,-5.0593,58206.78,540062.338
688652.SH,20251118,91.2,103.5,90.06,98.36,91.2,7.8509,106212.73,1046465.491
688652.SH,20251119,97.52,99.88,95.53,95.8,98.36,-2.6027,47281.95,459674.597
688652.SH,20251120,97.5,97.65,91.2,94.03,95.8,-1.8476,47418.93,445059.329
688652.SH,20251121,91.0,93.88,88.07,88.66,94.03,-5.7109,43381.42,391663.675
688652.SH,20251124,89.85,89.99,85.61,87.6,88.66,-1.1956,42799.64,375210.017
688652.SH,20251125,88.8,91.97,88.0,89.51,87.6,2.1804,45551.32,409684.499
688652.SH,20251126,88.5,92.98,86.66,90.0,89.51,0.5474,48476.54,439883.223
688652.SH,20251127,89.19,92.18,88.03,88.1,90.0,-2.1111,37292.5,336372.793
688652.SH,20251128,87.05,97.5,87.05,95.31,88.1,8.1839,76300.5,722273.607
688652.SH,20251201,94.36,94.53,90.33,91.31,95.31,-4.1968,64289.3,590413.838
688652.SH,20251202,91.3,91.72,89.4,90.09,91.31,-1.3361,24695.27,222922.287
688652.SH,20251203,90.54,96.66,89.71,92.79,90.09,2.997,53668.9,499075.844
688652.SH,20251204,93.05,100.6,90.25,97.86,92.79,5.464,58778.58,564204.67
688652.SH,20251205,96.52,98.48,95.5,98.28,97.86,0.4292,39382.69,382664.675
688652.SH,20251208,97.32,101.85,95.59,99.84,98.28,1.5873,46012.14,455829.195
688652.SH,20251209,97.8,100.55,96.78,97.83,99.84,-2.0132,39239.17,385572.24
688652.SH,20251210,97.5,98.38,95.05,97.01,97.83,-0.8382,36786.26,355388.723
688652.SH,20251211,96.99,100.88,96.99,98.6,97.01,1.639,49107.81,486645.904
688652.SH,20251212,98.0,105.8,94.69,105.8,98.6,7.3022,66483.1,669538.116
688652.SH,20251215,103.84,106.96,100.88,101.41,105.8,-4.1493,43309.86,445628.11
688652.SH,20251216,100.8,106.5,98.89,102.97,101.41,1.5383,58084.57,598433.697
688652.SH,20251217,101.45,105.8,99.01,105.4,102.97,2.3599,48873.51,500264.057
688652.SH,20251218,104.0,107.08,101.41,101.81,105.4,-3.4061,37328.09,386449.843
688652.SH,20251219,102.0,103.34,99.31,100.5,101.81,-1.2867,27981.47,283864.675
688652.SH,20251222,100.54,111.9,99.99,107.6,100.5,7.0647,68519.39,732752.872
688652.SH,20251223,107.25,109.87,105.05,106.27,107.6,-1.2361,53882.44,577192.534
688652.SH,20251224,108.0,108.0,103.01,105.89,106.27,-0.3576,49248.14,517463.496
688652.SH,20251225,105.0,107.7,103.03,106.22,105.89,0.3116,43930.93,463192.78
688652.SH,20251226,104.33,106.88,102.56,102.86,106.22,-3.1632,39185.41,408675.814
688652.SH,20251229,102.6,102.81,96.66,98.23,102.86,-4.5013,55327.24,551065.875
688652.SH,20251230,98.38,102.19,98.3,98.5,98.23,0.2749,34829.77,347367.383
688652.SH,20251231,101.88,103.69,98.24,98.31,98.5,-0.1929,53145.83,533904.342
688652.SH,20260105,99.5,103.6,99.16,103.3,98.31,5.0758,57039.11,580568.647
688652.SH,20260106,103.31,113.66,103.0,107.12,103.3,3.698,78814.07,859228.44
688652.SH,20260107,110.85,115.7,108.95,115.0,107.12,7.3562,89182.59,1001045.236
688652.SH,20260108,112.45,116.66,111.8,113.24,115.0,-1.5304,52510.1,596140.211
688652.SH,20260109,111.64,116.66,110.97,114.31,113.24,0.9449,49647.56,564707.603
688652.SH,20260112,115.01,122.8,112.76,120.99,114.31,5.8438,67614.87,799932.181
688652.SH,20260113,119.99,123.0,111.0,112.82,120.99,-6.7526,64257.77,739893.041
688652.SH,20260114,113.12,118.8,111.33,115.18,112.82,2.0918,64337.74,741659.015
688652.SH,20260115,113.5,126.06,112.01,125.99,115.18,9.3853,62375.55,750794.275
688652.SH,20260116,127.09,135.0,124.5,130.3,125.99,3.4209,73695.67,965303.681
688652.SH,20260119,134.0,139.45,130.5,131.18,130.3,0.6754,63049.32,843580.48
688652.SH,20260120,130.0,133.49,127.01,129.41,131.18,-1.3493,56846.37,736748.773
688652.SH,20260121,129.35,136.5,126.5,132.77,129.41,2.5964,84874.59,1109500.02
688652.SH,20260122,135.0,135.2,123.79,125.26,132.77,-5.6564,75132.51,952278.057
688652.SH,20260123,124.88,125.5,120.2,124.69,125.26,-0.4551,58071.94,712875.892
688652.SH,20260126,123.62,123.94,117.55,118.52,124.69,-4.9483,61330.72,733561.879
688652.SH,20260127,118.65,125.94,117.69,125.28,118.52,5.7037,62079.23,761524.122
688652.SH,20260128,124.6,129.5,122.18,127.48,125.28,1.7561,56112.09,702627.515
688652.SH,20260129,125.0,126.56,114.56,114.8,127.48,-9.9467,75702.09,903676.702
688652.SH,20260130,114.89,118.99,113.0,117.35,114.8,2.2213,47315.85,551453.554
688652.SH,20260202,117.38,120.45,114.0,114.55,117.35,-2.386,42037.35,489924.945
688652.SH,20260203,117.0,117.6,114.1,116.76,114.55,1.9293,44860.86,521066.547
688652.SH,20260204,116.35,120.0,115.01,119.92,116.76,2.7064,49367.64,582592.175
688652.SH,20260205,115.11,122.49,113.87,119.95,119.92,0.025,55242.12,651731.147
688652.SH,20260206,118.77,124.0,117.33,117.41,119.95,-2.1175,47746.76,574035.821
688652.SH,20260209,120.02,121.85,117.53,121.25,117.41,3.2706,47731.8,574474.61
688652.SH,20260210,120.5,125.83,118.02,125.11,121.25,3.1835,59228.1,728181.043
688652.SH,20260211,123.5,124.0,119.71,121.04,125.11,-3.2531,37887.13,460309.633
688652.SH,20260212,120.82,122.96,117.88,119.0,121.04,-1.6854,39249.33,470036.245
688652.SH,20260213,118.07,128.75,117.18,124.5,119.0,4.6218,86906.01,1086873.185
688652.SH,20260224,124.99,126.26,118.8,123.14,124.5,-1.0924,49822.74,612199.442
688652.SH,20260225,122.94,128.28,119.8,126.48,123.14,2.7124,62542.63,781619.591
688652.SH,20260226,126.0,142.43,122.2,132.49,126.48,4.7517,103068.18,1350342.225
688652.SH,20260227,129.25,129.25,123.77,126.3,132.49,-4.6721,73292.4,923400.387
688652.SH,20260302,122.0,125.94,119.0,121.68,126.3,-3.658,70512.32,862800.411
688652.SH,20260303,122.4,122.9,112.3,114.0,121.68,-6.3116,60108.24,700939.132
688652.SH,20260304,113.52,114.5,108.89,111.0,114.0,-2.6316,45136.97,503293.565
688652.SH,20260305,114.0,114.0,106.12,110.0,111.0,-0.9009,69134.45,759104.762
688652.SH,20260306,109.0,111.02,107.43,110.31,110.0,0.2818,33007.99,360848.405
688652.SH,20260309,105.0,107.93,100.8,106.57,110.31,-3.3904,59997.28,622093.908
688652.SH,20260310,109.0,111.3,107.1,109.9,106.57,3.1247,41696.39,455852.753
688652.SH,20260311,110.0,110.68,107.08,108.71,109.9,-1.0828,39202.57,426616.533
688652.SH,20260312,108.04,111.8,106.33,111.8,108.71,2.8424,35566.68,388358.196
688652.SH,20260313,110.01,112.58,107.7,109.7,111.8,-1.8784,33088.42,364203.454
688652.SH,20260316,109.24,112.58,105.73,111.5,109.7,1.6408,39242.24,429071.169
688652.SH,20260317,111.01,111.48,106.0,106.34,111.5,-4.6278,33270.56,361648.195
688652.SH,20260318,107.0,109.0,106.1,108.16,106.34,1.7115,20303.98,218661.053
688652.SH,20260319,105.6,107.27,102.0,103.24,108.16,-4.5488,31612.94,329995.821
688652.SH,20260320,103.61,105.96,101.96,101.96,103.24,-1.2398,29410.39,306390.716
688652.SH,20260323,100.0,101.83,96.5,97.87,101.96,-4.0114,39867.59,394641.632
688652.SH,20260324,99.88,101.5,96.71,101.12,97.87,3.3207,27399.0,272032.305
688652.SH,20260325,101.9,105.11,101.66,102.68,101.12,1.5427,24398.71,251862.778
688652.SH,20260326,101.94,102.2,98.97,99.54,102.68,-3.058,17268.4,173176.574
688652.SH,20260327,97.0,103.22,97.0,102.48,99.54,2.9536,28663.46,290711.405
688652.SH,20260330,100.68,105.68,100.01,104.2,102.48,1.6784,33715.53,348552.562
688652.SH,20260331,104.0,104.56,99.33,99.93,104.2,-4.0979,29844.29,301983.068
688652.SH,20260401,102.97,103.65,100.78,101.83,99.93,1.9013,18983.83,193491.103
688652.SH,20260402,101.0,101.79,94.67,95.8,101.83,-5.9216,37686.67,364539.828
688652.SH,20260403,96.0,96.48,93.31,93.45,95.8,-2.453,20435.34,193994.021
688652.SH,20260407,94.31,95.65,93.4,94.69,93.45,1.3269,20516.52,194108.956
688652.SH,20260408,98.0,103.16,98.0,102.91,94.69,8.681,40276.88,406868.405
688652.SH,20260409,101.5,105.19,101.0,102.8,102.91,-0.1069,27138.93,280561.31
688652.SH,20260410,104.34,106.21,102.67,102.73,102.8,-0.0681,21479.24,223551.738
688652.SH,20260413,100.28,103.5,99.6,100.15,102.73,-2.5114,31243.53,314972.046
688652.SH,20260414,101.0,111.43,100.95,108.18,100.15,8.018,60870.88,650459.914
688652.SH,20260415,108.3,111.0,106.23,106.51,108.18,-1.5437,35750.3,388217.853
688652.SH,20260416,106.64,107.9,105.23,107.41,106.51,0.845,33049.15,353183.514
688652.SH,20260417,106.91,108.75,105.31,107.9,107.41,0.4562,45804.05,490377.491
688652.SH,20260420,107.88,109.33,105.21,108.0,107.9,0.0927,37442.22,403331.123
688652.SH,20260421,106.52,109.93,104.8,108.85,108.0,0.787,45293.58,488595.757
688652.SH,20260422,108.86,110.5,107.4,110.28,108.85,1.3137,36336.11,397213.852
688652.SH,20260423,110.99,111.6,104.96,106.16,110.28,-3.7359,41306.24,442608.984
688652.SH,20260424,106.3,110.4,105.18,108.71,106.16,2.402,40014.05,433219.293
688652.SH,20260427,109.89,116.57,108.51,114.0,108.71,4.8662,72709.98,826309.528
688652.SH,20260428,115.42,117.89,111.68,114.28,114.0,0.2456,55997.77,646062.145
688652.SH,20260429,113.22,117.0,111.01,116.8,114.28,2.2051,46854.1,538838.254
688652.SH,20260430,116.95,123.77,115.06,120.8,116.8,3.4247,60982.07,734471.537
688652.SH,20260506,124.0,127.49,119.11,121.51,120.8,0.5877,67580.16,832214.62
688652.SH,20260507,121.8,126.68,120.12,124.8,121.51,2.7076,64957.47,803483.645
688652.SH,20260508,124.0,127.27,123.02,125.8,124.8,0.8013,52863.25,660452.096
688652.SH,20260511,128.0,144.21,125.23,138.73,125.8,10.2782,117106.28,1579490.462
688652.SH,20260512,138.62,143.67,134.78,142.06,138.73,2.4003,81856.56,1145180.443
688652.SH,20260513,139.8,159.95,136.8,152.0,142.06,6.997,86736.52,1294371.93
688652.SH,20260514,150.0,155.99,145.05,149.8,152.0,-1.4474,73668.63,1119699.329
688652.SH,20260515,149.71,170.0,148.05,158.94,149.8,6.1015,109027.64,1724985.321
688652.SH,20260518,161.7,174.0,156.8,158.83,158.94,-0.0692,112213.88,1845321.982
688652.SH,20260519,158.09,170.0,156.0,166.29,158.83,4.6968,91545.26,1504254.909
688652.SH,20260520,169.0,175.69,161.8,171.33,166.29,3.0308,91471.7,1540931.568
688652.SH,20260521,172.0,176.66,154.0,157.0,171.33,-8.364,124209.01,2054758.271
