ts_code,trade_date,open,high,low,close,pre_close,change,pct_chg,vol,amount
688183.SH,20260605,124.38,125.38,116.45,117.85,128.01,-10.16,-7.9369,286470.63,3475651.433
688183.SH,20260604,125.13,132.0,122.49,128.6,128.39,0.21,0.1636,250285.23,3197542.403
688183.SH,20260603,131.55,134.49,125.5,128.39,131.55,-3.16,-2.4021,345298.82,4515364.636
688183.SH,20260602,122.83,135.77,117.5,131.55,123.0,8.55,6.9512,415483.53,5280767.544
688183.SH,20260601,140.0,140.1,122.77,123.0,138.05,-15.05,-10.9018,356559.78,4586820.858
688183.SH,20260529,134.92,144.88,133.38,138.05,139.19,-1.14,-0.819,498960.7,6943825.733
688183.SH,20260528,127.06,139.93,125.28,139.19,133.3,5.89,4.4186,535259.86,7074927.609
688183.SH,20260527,131.8,138.0,127.0,133.3,132.1,1.2,0.9084,654853.17,8725172.298
688183.SH,20260526,114.9,132.1,114.9,132.1,110.08,22.02,20.0036,771251.29,9708664.983
688183.SH,20260525,111.2,112.58,104.38,110.08,108.49,1.59,1.4656,476791.09,5126667.949
688183.SH,20260522,101.99,109.75,101.55,108.49,99.25,9.24,9.3098,407725.72,4338893.677
688183.SH,20260521,106.0,108.55,99.0,99.25,104.14,-4.89,-4.6956,293651.25,3057597.703
688183.SH,20260520,106.59,106.95,103.01,104.14,104.5,-0.36,-0.3445,169722.29,1771560.216
688183.SH,20260519,105.88,105.9,99.68,104.5,106.14,-1.64,-1.5451,240626.8,2474655.676
688183.SH,20260518,97.0,107.8,96.12,106.14,97.61,8.53,8.7389,393166.59,4069256.672
688183.SH,20260515,101.01,102.9,96.95,97.61,101.11,-3.5,-3.4616,231784.39,2295015.901
688183.SH,20260514,108.99,108.99,101.11,101.11,107.49,-6.38,-5.9354,285962.14,2960368.409
688183.SH,20260513,101.1,108.5,101.05,107.49,102.6,4.89,4.7661,386932.65,4087086.519
688183.SH,20260512,105.52,106.74,101.57,102.6,105.54,-2.94,-2.7857,267456.29,2751096.581
688183.SH,20260511,109.96,109.96,102.45,105.54,106.85,-1.31,-1.226,281522.34,2962048.496
688183.SH,20260508,106.02,110.58,104.2,106.85,107.96,-1.11,-1.0282,271288.69,2919077.283
688183.SH,20260507,107.77,108.66,104.96,107.96,107.45,0.51,0.4746,318272.41,3406278.836
688183.SH,20260506,111.98,112.0,106.49,107.45,109.6,-2.15,-1.9617,309799.48,3361329.92
688183.SH,20260430,116.0,116.0,108.04,109.6,114.17,-4.57,-4.0028,258101.56,2848116.414
688183.SH,20260429,115.9,119.38,113.52,114.17,115.9,-1.73,-1.4927,204652.87,2371578.785
688183.SH,20260428,120.0,120.1,114.0,115.9,120.7,-4.8,-3.9768,165998.9,1929169.933
688183.SH,20260427,112.5,122.59,112.5,120.7,110.22,10.48,9.5083,255954.4,3028481.383
688183.SH,20260424,113.45,118.49,108.58,110.22,113.6,-3.38,-2.9754,198360.02,2231675.247
688183.SH,20260423,116.1,117.98,111.59,113.6,116.2,-2.6,-2.2375,175686.78,2009038.603
688183.SH,20260422,113.0,117.67,111.92,116.2,112.95,3.25,2.8774,206635.79,2375476.414
688183.SH,20260421,107.19,113.5,106.56,112.95,108.49,4.46,4.111,220542.56,2450499.837
688183.SH,20260420,110.38,111.01,106.8,108.49,110.38,-1.89,-1.7123,199524.18,2169897.56
688183.SH,20260417,104.73,111.97,104.69,110.38,105.3,5.08,4.8243,233437.02,2558271.834
688183.SH,20260416,104.43,107.76,102.81,105.3,104.44,0.86,0.8234,189799.61,2002749.983
688183.SH,20260415,109.45,109.95,103.02,104.44,110.15,-5.71,-5.1838,249804.32,2650184.974
688183.SH,20260414,106.66,111.42,102.31,110.15,106.03,4.12,3.8857,343518.39,3690824.802
688183.SH,20260413,93.99,107.58,93.99,106.03,95.3,10.73,11.2592,384879.93,3932919.726
688183.SH,20260410,92.99,98.48,92.99,95.3,88.99,6.31,7.0907,330153.68,3156785.097
688183.SH,20260409,89.0,90.8,88.56,88.99,90.58,-1.59,-1.7554,175317.08,1567999.913
688183.SH,20260408,84.28,91.0,83.78,90.58,80.94,9.64,11.9101,301047.58,2647692.453
688183.SH,20260407,82.41,83.5,80.6,80.94,82.59,-1.65,-1.9978,104620.97,856464.69
688183.SH,20260403,82.37,84.36,81.31,82.59,81.26,1.33,1.6367,114106.48,946482.76
688183.SH,20260402,83.65,83.97,80.73,81.26,84.51,-3.25,-3.8457,124825.1,1024111.196
688183.SH,20260401,86.18,87.11,83.65,84.51,83.66,0.85,1.016,125237.77,1064133.064
688183.SH,20260331,84.35,87.8,83.5,83.66,84.61,-0.95,-1.1228,126155.32,1076917.276
688183.SH,20260330,79.42,85.73,79.2,84.61,80.68,3.93,4.8711,168218.25,1408256.586
688183.SH,20260327,80.0,82.42,79.21,80.68,82.56,-1.88,-2.2771,107279.58,866866.62
688183.SH,20260326,85.95,85.95,82.2,82.56,86.8,-4.24,-4.8848,152470.44,1277636.169
688183.SH,20260325,86.0,88.01,85.0,86.8,87.1,-0.3,-0.3444,211142.35,1824456.374
688183.SH,20260324,82.8,87.87,81.3,87.1,81.1,6.0,7.3983,254545.99,2168508.27
688183.SH,20260323,79.3,83.95,78.11,81.1,82.6,-1.5,-1.816,161198.96,1308598.177
688183.SH,20260320,81.5,84.97,81.41,82.6,80.99,1.61,1.9879,199730.21,1659982.763
688183.SH,20260319,78.1,83.23,77.94,80.99,79.93,1.06,1.3262,152174.36,1226367.602
688183.SH,20260318,78.56,80.47,77.6,79.93,77.55,2.38,3.069,97434.97,773044.739
688183.SH,20260317,82.33,82.99,77.55,77.55,81.41,-3.86,-4.7414,110192.53,879451.214
688183.SH,20260316,81.0,81.75,78.8,81.41,80.74,0.67,0.8298,106859.01,857141.307
688183.SH,20260313,77.8,82.88,77.72,80.74,78.84,1.9,2.4099,142258.17,1148011.571
688183.SH,20260312,79.73,81.98,77.7,78.84,80.3,-1.46,-1.8182,98487.78,784956.545
688183.SH,20260311,81.01,82.3,79.88,80.3,81.05,-0.75,-0.9254,87507.27,707837.074
688183.SH,20260310,79.48,81.38,79.48,81.05,77.19,3.86,5.0006,111898.47,901643.297
688183.SH,20260309,77.27,77.69,73.99,77.19,79.62,-2.43,-3.052,122355.3,922017.998
688183.SH,20260306,80.3,81.1,78.69,79.62,81.0,-1.38,-1.7037,83624.29,666675.506
688183.SH,20260305,82.05,83.5,80.21,81.0,80.34,0.66,0.8215,105335.63,862055.563
688183.SH,20260304,79.0,82.27,79.0,80.34,80.86,-0.52,-0.6431,100434.3,810880.19
688183.SH,20260303,85.88,86.75,80.85,80.86,84.96,-4.1,-4.8258,165212.59,1379281.543
688183.SH,20260302,84.0,86.23,83.14,84.96,86.23,-1.27,-1.4728,142336.04,1206336.384
688183.SH,20260227,88.0,88.0,85.03,86.23,90.8,-4.57,-5.033,176035.08,1516382.219
688183.SH,20260226,88.23,93.21,85.5,90.8,88.31,2.49,2.8196,287545.33,2599614.854
688183.SH,20260225,85.66,88.47,84.9,88.31,85.07,3.24,3.8086,163765.96,1429282.304
688183.SH,20260224,83.5,86.7,83.48,85.07,82.64,2.43,2.9405,110396.99,944733.468
688183.SH,20260213,84.29,85.0,82.64,82.64,84.29,-1.65,-1.9575,71959.57,601857.057
688183.SH,20260212,84.9,85.17,83.29,84.29,84.16,0.13,0.1545,87301.62,735804.384
688183.SH,20260211,85.1,86.88,84.0,84.16,85.7,-1.54,-1.797,79036.56,672582.855
688183.SH,20260210,85.9,88.3,85.17,85.7,86.17,-0.47,-0.5454,97216.39,837787.054
688183.SH,20260209,87.21,87.95,85.35,86.17,85.21,0.96,1.1266,108314.11,936107.437
688183.SH,20260206,82.29,87.5,80.5,85.21,82.63,2.58,3.1224,146909.1,1245595.446
688183.SH,20260205,84.0,84.78,82.5,82.63,84.95,-2.32,-2.731,86276.34,717497.214
688183.SH,20260204,84.9,86.37,83.43,84.95,86.58,-1.63,-1.8827,102157.65,863168.133
688183.SH,20260203,88.02,88.68,83.88,86.58,88.0,-1.42,-1.6136,167616.42,1439743.803
688183.SH,20260202,86.88,92.11,86.3,88.0,88.1,-0.1,-0.1135,168797.2,1501623.462
688183.SH,20260130,84.0,89.74,83.5,88.1,88.8,-0.7,-0.7883,195444.12,1690144.761
688183.SH,20260129,92.5,92.97,88.77,88.8,93.23,-4.43,-4.7517,137911.4,1248357.302
688183.SH,20260128,92.99,94.92,91.29,93.23,93.2,0.03,0.0322,149632.79,1391745.297
688183.SH,20260127,91.47,93.7,88.68,93.2,91.7,1.5,1.6358,158124.84,1451269.301
688183.SH,20260126,92.0,92.8,90.6,91.7,92.6,-0.9,-0.9719,121832.08,1118177.771
688183.SH,20260123,96.82,96.85,92.0,92.6,96.8,-4.2,-4.3388,154838.65,1441629.783
688183.SH,20260122,94.3,97.5,94.0,96.8,92.79,4.01,4.3216,187586.58,1801351.778
688183.SH,20260121,89.5,94.25,89.01,92.79,90.76,2.03,2.2367,145348.56,1344880.498
688183.SH,20260120,94.28,94.95,90.14,90.76,95.0,-4.24,-4.4632,139007.71,1275650.418
688183.SH,20260119,96.17,98.01,93.58,95.0,97.87,-2.87,-2.9325,135125.28,1290744.472
688183.SH,20260116,98.41,99.75,95.51,97.87,96.6,1.27,1.3147,191999.93,1867195.18
688183.SH,20260115,95.02,96.77,93.51,96.6,95.7,0.9,0.9404,139346.26,1328690.389
688183.SH,20260114,92.3,97.55,91.83,95.7,91.17,4.53,4.9687,224069.94,2129959.317
688183.SH,20260113,95.19,96.97,91.01,91.17,95.9,-4.73,-4.9322,138004.82,1291704.882
688183.SH,20260112,95.0,95.9,91.66,95.9,95.89,0.01,0.0104,180487.08,1697237.693
688183.SH,20260109,95.0,97.05,92.5,95.89,96.32,-0.43,-0.4464,147115.85,1397629.58
688183.SH,20260108,98.63,100.86,96.0,96.32,99.55,-3.23,-3.2446,158245.57,1546732.812
688183.SH,20260107,98.87,102.88,97.7,99.55,99.55,0.0,0.0,156631.72,1563801.152
688183.SH,20260106,98.03,101.48,97.2,99.55,98.62,0.93,0.943,166484.41,1653016.444
688183.SH,20260105,96.69,99.88,95.3,98.62,95.69,2.93,3.062,190531.73,1855643.312
688183.SH,20251231,98.5,100.06,95.04,95.69,97.68,-1.99,-2.0373,131041.27,1269760.819
688183.SH,20251230,99.5,101.5,97.0,97.68,100.65,-2.97,-2.9508,176600.88,1741033.001
688183.SH,20251229,99.8,104.23,98.77,100.65,100.38,0.27,0.269,158663.51,1604663.222
688183.SH,20251226,100.0,101.25,97.23,100.38,100.12,0.26,0.2597,144898.83,1444654.171
688183.SH,20251225,103.33,104.5,99.6,100.12,105.04,-4.92,-4.6839,215341.81,2173065.644
688183.SH,20251224,103.0,107.84,99.18,105.04,102.13,2.91,2.8493,262928.19,2723720.81
688183.SH,20251223,101.3,104.36,100.06,102.13,100.77,1.36,1.3496,176429.52,1802054.887
688183.SH,20251222,99.5,102.58,98.82,100.77,97.58,3.19,3.2691,198255.72,1996158.335
688183.SH,20251219,102.0,102.49,97.58,97.58,100.01,-2.43,-2.4298,121141.49,1205095.192
688183.SH,20251218,103.1,104.6,99.99,100.01,106.29,-6.28,-5.9084,181166.38,1844007.559
688183.SH,20251217,93.28,108.46,93.28,106.29,93.6,12.69,13.5577,313404.45,3160683.206
688183.SH,20251216,93.0,95.8,92.5,93.6,93.8,-0.2,-0.2132,130191.64,1227320.441
688183.SH,20251215,95.06,95.89,93.23,93.8,98.15,-4.35,-4.432,124270.4,1171369.454
688183.SH,20251212,97.37,99.98,93.57,98.15,98.39,-0.24,-0.2439,184698.64,1787985.013
688183.SH,20251211,100.48,105.0,98.39,98.39,101.47,-3.08,-3.0354,184827.61,1872559.198
688183.SH,20251210,104.0,104.0,99.17,101.47,105.6,-4.13,-3.911,212184.63,2139192.013
688183.SH,20251209,97.0,109.9,96.8,105.6,97.23,8.37,8.6085,301625.71,3128564.246
688183.SH,20251208,93.05,99.96,92.2,97.23,94.25,2.98,3.1618,204801.48,1978511.978
688183.SH,20251205,93.29,97.77,90.38,94.25,92.5,1.75,1.8919,142014.34,1333295.6
688183.SH,20251204,93.66,94.19,91.39,92.5,94.18,-1.68,-1.7838,116834.69,1082997.805
688183.SH,20251203,96.92,97.59,93.5,94.18,98.4,-4.22,-4.2886,188858.92,1793243.773
688183.SH,20251202,97.14,101.68,96.2,98.4,98.02,0.38,0.3877,181403.61,1790618.682
688183.SH,20251201,93.48,100.89,92.55,98.02,92.54,5.48,5.9218,231622.76,2249629.402
688183.SH,20251128,91.31,93.98,89.76,92.54,91.99,0.55,0.5979,131466.68,1206766.45
688183.SH,20251127,94.0,96.48,91.8,91.99,94.31,-2.32,-2.46,190987.61,1803028.893
688183.SH,20251126,88.08,95.95,86.8,94.31,88.91,5.4,6.0736,265864.8,2473084.529
688183.SH,20251125,86.0,93.8,85.3,88.91,83.56,5.35,6.4026,254320.23,2284138.3
688183.SH,20251124,82.62,84.87,81.6,83.56,81.06,2.5,3.0841,202932.76,1695832.73
688183.SH,20251121,85.0,85.0,80.52,81.06,88.82,-7.76,-8.7368,184663.23,1529413.815
688183.SH,20251120,94.0,94.78,88.48,88.82,89.58,-0.76,-0.8484,147152.68,1326060.492
688183.SH,20251119,91.43,91.8,88.2,89.58,91.43,-1.85,-2.0234,137374.74,1232667.284
688183.SH,20251118,91.0,94.44,90.55,91.43,93.4,-1.97,-2.1092,155415.44,1427361.463
688183.SH,20251117,95.99,96.5,92.51,93.4,94.12,-0.72,-0.765,92498.08,870919.836
688183.SH,20251114,95.8,97.32,94.12,94.12,99.02,-4.9,-4.9485,110541.95,1058727.653
688183.SH,20251113,97.98,99.66,96.33,99.02,99.1,-0.08,-0.0807,131959.38,1294994.164
688183.SH,20251112,97.0,100.82,96.37,99.1,97.1,2.0,2.0597,175676.69,1732497.828
688183.SH,20251111,103.55,103.6,97.0,97.1,100.97,-3.87,-3.8328,141554.02,1404472.251
688183.SH,20251110,103.62,104.81,97.88,100.97,103.83,-2.86,-2.7545,172324.05,1733009.374
688183.SH,20251107,106.16,106.98,101.48,103.83,109.71,-5.88,-5.3596,215701.58,2240421.691
688183.SH,20251106,109.84,111.0,105.2,109.71,109.4,0.31,0.2834,238227.32,2582247.996
688183.SH,20251105,103.16,110.18,103.16,109.4,108.37,1.03,0.9504,219092.46,2347900.327
688183.SH,20251104,106.0,113.46,105.5,108.37,104.75,3.62,3.4558,300496.02,3295143.831
688183.SH,20251103,107.0,107.0,101.0,104.75,108.8,-4.05,-3.7224,264530.8,2744881.968
688183.SH,20251031,114.01,115.54,105.0,108.8,112.44,-3.64,-3.2373,287466.66,3120495.091
688183.SH,20251030,113.76,116.54,111.66,112.44,114.7,-2.26,-1.9704,308320.38,3506524.585
688183.SH,20251029,111.0,122.0,110.02,114.7,105.1,9.6,9.1342,392054.34,4516628.504
688183.SH,20251028,97.0,109.3,97.0,105.1,96.83,8.27,8.5407,487343.79,5001003.414
688183.SH,20251027,98.99,101.0,93.59,96.83,88.94,7.89,8.8711,510982.71,4951018.197
688183.SH,20251024,88.94,88.94,87.75,88.94,74.12,14.82,19.9946,216717.13,1927138.885
688183.SH,20251023,73.95,75.0,72.85,74.12,74.83,-0.71,-0.9488,92506.08,683410.813
688183.SH,20251022,74.11,75.58,73.53,74.83,75.87,-1.04,-1.3708,146894.31,1092583.923
688183.SH,20251021,72.25,76.58,70.4,75.87,71.25,4.62,6.4842,191936.17,1426972.222
688183.SH,20251020,69.99,73.29,69.63,71.25,68.76,2.49,3.6213,126652.04,907504.529
688183.SH,20251017,71.6,72.66,68.51,68.76,72.47,-3.71,-5.1194,108105.23,753412.047
688183.SH,20251016,73.0,74.5,71.81,72.47,73.98,-1.51,-2.0411,111128.7,810921.845
688183.SH,20251015,71.01,74.49,69.89,73.98,70.9,3.08,4.3441,127812.28,929254.419
688183.SH,20251014,74.5,76.1,70.5,70.9,73.3,-2.4,-3.2742,122660.3,898008.957
688183.SH,20251013,69.65,74.93,69.65,73.3,75.9,-2.6,-3.4256,118806.76,873476.832
688183.SH,20251010,78.78,79.48,75.24,75.9,79.05,-3.15,-3.9848,118546.23,913827.224
688183.SH,20251009,78.49,81.58,78.49,79.05,78.5,0.55,0.7006,149370.62,1193932.707
688183.SH,20250930,81.12,81.59,78.0,78.5,81.24,-2.74,-3.3727,196875.78,1556956.401
688183.SH,20250929,79.2,81.7,79.0,81.24,80.02,1.22,1.5246,162449.83,1307228.286
688183.SH,20250926,83.8,85.27,79.9,80.02,84.51,-4.49,-5.313,181269.29,1481050.8
688183.SH,20250925,86.97,87.87,82.86,84.51,86.66,-2.15,-2.481,127951.63,1092857.033
688183.SH,20250924,87.0,89.06,84.55,86.96,90.1,-3.14,-3.485,128485.14,1107850.435
688183.SH,20250923,92.8,93.5,84.58,90.1,90.1,0.0,0.0,151994.44,1350935.633
688183.SH,20250922,89.8,91.96,87.0,90.1,89.14,0.96,1.077,110918.46,998002.85
688183.SH,20250919,91.69,92.55,88.11,89.14,91.29,-2.15,-2.3551,119003.56,1071944.041
688183.SH,20250918,88.44,94.55,87.7,91.29,91.43,-0.14,-0.1531,181523.15,1658024.642
688183.SH,20250917,93.5,95.98,91.01,91.43,93.99,-2.56,-2.7237,159052.95,1478238.455
688183.SH,20250916,90.7,95.99,90.49,93.99,91.58,2.41,2.6316,203054.1,1900735.072
688183.SH,20250915,94.83,94.83,89.03,91.58,94.91,-3.33,-3.5086,257131.14,2348178.974
688183.SH,20250912,86.2,99.31,85.56,94.91,89.07,5.84,6.5566,353068.55,3296150.792
688183.SH,20250911,79.8,90.6,79.0,89.07,78.27,10.8,13.7984,332603.6,2846106.049
688183.SH,20250910,78.88,81.37,76.89,78.27,76.92,1.35,1.7551,230310.47,1830338.013
688183.SH,20250909,77.81,80.49,75.26,76.92,80.75,-3.83,-4.743,180521.46,1396126.595
688183.SH,20250908,83.7,83.8,74.8,80.75,85.6,-4.85,-5.6659,296303.91,2320060.422
688183.SH,20250905,74.46,86.5,71.62,85.6,72.34,13.26,18.3301,307646.22,2411518.019
688183.SH,20250904,83.6,84.19,70.41,72.34,82.18,-9.84,-11.9737,281947.8,2141313.712
688183.SH,20250903,78.16,85.1,76.0,82.18,78.2,3.98,5.0895,223122.58,1802904.092
688183.SH,20250902,82.82,86.89,76.93,78.2,82.78,-4.58,-5.5327,274122.66,2252816.247
688183.SH,20250901,81.0,87.19,77.4,82.78,77.8,4.98,6.401,255354.37,2101051.186
688183.SH,20250829,79.1,80.78,75.28,77.8,79.6,-1.8,-2.2613,221559.39,1720180.714
688183.SH,20250828,69.75,80.83,69.4,79.6,71.0,8.6,12.1127,319978.32,2395236.857
688183.SH,20250827,71.18,76.59,70.8,71.0,71.76,-0.76,-1.0591,244537.4,1798108.073
688183.SH,20250826,73.0,76.0,71.47,71.76,73.36,-1.6,-2.181,218648.37,1594872.638
688183.SH,20250825,65.69,74.98,64.52,73.36,65.1,8.26,12.6882,344425.74,2389948.614
688183.SH,20250822,58.0,67.18,58.0,65.1,58.89,6.21,10.5451,327852.6,2086751.239
688183.SH,20250821,59.0,61.04,56.39,58.89,58.17,0.72,1.2378,325178.86,1919820.838
688183.SH,20250820,54.0,60.3,51.5,58.17,54.72,3.45,6.3048,408248.65,2322031.098
688183.SH,20250819,56.0,57.42,53.99,54.72,56.36,-1.64,-2.9099,248207.01,1367283.732
688183.SH,20250818,57.51,57.94,54.62,56.36,54.89,1.47,2.6781,265662.27,1494815.311
688183.SH,20250815,53.5,55.9,52.88,54.89,53.52,1.37,2.5598,230477.0,1250399.888
688183.SH,20250814,56.08,56.08,53.22,53.52,56.6,-3.08,-5.4417,184039.01,1000214.332
688183.SH,20250813,55.56,56.81,55.02,56.6,55.55,1.05,1.8902,244036.19,1363628.729
688183.SH,20250812,55.91,55.91,54.0,55.55,54.87,0.68,1.2393,161370.99,885137.333
688183.SH,20250811,51.34,56.82,51.25,54.87,50.28,4.59,9.1289,309768.58,1699378.383
688183.SH,20250808,49.21,52.5,48.6,50.28,49.25,1.03,2.0914,227289.66,1162557.982
688183.SH,20250807,50.61,51.04,48.05,49.25,50.62,-1.37,-2.7064,160684.02,792169.45
688183.SH,20250806,49.94,51.39,49.7,50.62,50.43,0.19,0.3768,116744.8,589603.127
688183.SH,20250805,51.88,52.17,49.68,50.43,50.97,-0.54,-1.0594,159917.84,811624.439
688183.SH,20250804,52.0,52.55,50.05,50.97,52.63,-1.66,-3.1541,184844.93,942872.828
688183.SH,20250801,51.0,55.98,50.39,52.63,53.17,-0.54,-1.0156,259100.85,1370841.217
688183.SH,20250731,52.56,57.28,52.47,53.17,50.11,3.06,6.1066,403110.29,2212552.231
688183.SH,20250730,52.5,52.5,49.23,50.11,53.0,-2.89,-5.4528,222624.99,1124023.812
688183.SH,20250729,51.85,53.01,51.15,53.0,52.38,0.62,1.1837,193087.27,1007907.098
688183.SH,20250728,48.96,53.2,48.67,52.38,48.52,3.86,7.9555,244142.61,1254724.386
688183.SH,20250725,48.47,49.25,48.11,48.52,48.67,-0.15,-0.3082,84167.86,410034.973
688183.SH,20250724,50.62,50.85,47.86,48.67,49.54,-0.87,-1.7562,134980.93,658477.433
688183.SH,20250723,48.5,49.87,48.1,49.54,49.0,0.54,1.102,131835.6,648656.985
688183.SH,20250722,50.27,52.09,48.62,49.0,50.59,-1.59,-3.1429,215106.9,1076431.371
688183.SH,20250721,50.38,51.76,49.78,50.59,50.6,-0.01,-0.0198,174003.93,880160.06
688183.SH,20250718,53.6,53.62,50.45,50.6,53.9,-3.3,-6.1224,267380.88,1385640.818
688183.SH,20250717,47.34,56.55,47.07,53.9,47.34,6.56,13.8572,345865.68,1827079.767
688183.SH,20250716,47.87,48.42,46.34,47.34,47.79,-0.45,-0.9416,155293.75,740030.264
688183.SH,20250715,48.1,48.88,46.0,47.79,46.7,1.09,2.334,286351.72,1367006.321
688183.SH,20250714,46.5,48.05,45.93,46.7,46.95,-0.25,-0.5325,109408.09,514207.844
688183.SH,20250711,47.96,48.8,46.76,46.95,48.21,-1.26,-2.6136,124780.2,590399.244
688183.SH,20250710,49.0,49.33,47.1,48.21,48.19,0.02,0.0415,127132.75,611586.547
688183.SH,20250709,50.35,50.88,48.0,48.19,51.0,-2.81,-5.5098,149192.83,732407.667
688183.SH,20250708,48.33,51.8,48.2,51.0,48.45,2.55,5.2632,166340.73,841973.2
688183.SH,20250707,49.69,51.49,46.9,48.45,50.7,-2.25,-4.4379,150573.51,730550.827
688183.SH,20250704,49.88,51.94,49.26,50.7,49.89,0.81,1.6236,190128.92,960707.693
688183.SH,20250703,48.5,50.06,48.02,49.89,47.95,1.94,4.0459,157441.41,773716.716
688183.SH,20250702,49.5,49.87,47.5,47.95,50.71,-2.76,-5.4427,146971.94,711064.347
688183.SH,20250701,49.79,51.08,48.8,50.71,51.2,-0.49,-0.957,185468.6,923684.529
688183.SH,20250630,48.3,51.66,47.86,51.2,47.99,3.21,6.6889,276824.57,1376578.233
688183.SH,20250627,47.08,49.0,45.8,47.99,46.75,1.24,2.6524,184469.52,882766.61
688183.SH,20250626,48.5,49.5,46.6,46.75,47.4,-0.65,-1.3713,221252.14,1058678.814
688183.SH,20250625,47.4,49.22,46.39,47.4,46.7,0.7,1.4989,295432.45,1416724.236
688183.SH,20250624,45.9,47.0,44.71,46.7,45.88,0.82,1.7873,227574.3,1044504.796
688183.SH,20250623,46.0,47.14,45.0,45.88,46.68,-0.8,-1.7138,157132.1,719639.0
688183.SH,20250620,48.17,48.3,46.44,46.68,48.3,-1.62,-3.354,161484.17,759740.241
688183.SH,20250619,49.99,50.47,47.8,48.3,50.0,-1.7,-3.4,213983.6,1042640.838
688183.SH,20250618,43.04,50.5,43.04,50.0,42.99,7.01,16.3061,276535.82,1310369.481
688183.SH,20250617,43.52,43.7,42.4,42.99,43.25,-0.26,-0.6012,138242.77,593390.329
688183.SH,20250616,43.51,44.49,42.58,43.25,43.67,-0.42,-0.9618,208928.45,907285.309
688183.SH,20250613,41.79,44.14,41.55,43.67,41.77,1.9,4.5487,239515.58,1033995.417
688183.SH,20250612,40.66,42.9,40.18,41.77,40.62,1.15,2.8311,228538.28,954197.76
688183.SH,20250611,41.73,42.2,40.4,40.62,41.25,-0.63,-1.5273,157853.97,647631.416
688183.SH,20250610,40.8,42.15,40.09,41.25,41.26,-0.01,-0.0242,214629.48,878729.345
688183.SH,20250609,40.5,42.51,39.8,41.26,41.33,-0.07,-0.1694,283156.23,1156867.982
688183.SH,20250606,38.5,41.98,38.3,41.33,38.27,3.06,7.9958,363762.53,1463140.913
688183.SH,20250605,31.76,38.27,31.76,38.27,31.89,6.38,20.0063,350042.58,1255630.622
688183.SH,20250604,29.74,32.23,29.7,31.89,29.38,2.51,8.5432,178480.02,559695.32
688183.SH,20250603,29.32,30.33,29.1,29.63,29.82,-0.19,-0.6372,79686.62,237131.874
688183.SH,20250530,29.52,29.88,29.1,29.82,30.1,-0.28,-0.9302,70082.2,207280.425
688183.SH,20250529,29.81,30.65,29.58,30.1,29.52,0.58,1.9648,106953.54,322451.39
688183.SH,20250528,28.8,30.13,28.6,29.52,28.53,0.99,3.47,99097.99,291731.333
688183.SH,20250527,29.37,29.38,28.25,28.53,29.38,-0.85,-2.8931,59574.34,170612.475
688183.SH,20250526,29.3,29.99,29.1,29.38,29.1,0.28,0.9622,56419.61,166744.349
688183.SH,20250523,29.53,29.86,29.02,29.1,29.46,-0.36,-1.222,62217.41,182805.53
688183.SH,20250522,29.76,30.1,29.37,29.46,29.88,-0.42,-1.4056,62281.81,184870.244
688183.SH,20250521,30.15,30.44,29.72,29.88,30.38,-0.5,-1.6458,52711.77,158016.205
688183.SH,20250520,29.93,30.68,29.61,30.38,29.83,0.55,1.8438,70287.47,212476.817
688183.SH,20250519,30.64,30.76,29.76,29.83,30.64,-0.81,-2.6436,80322.6,241692.114
688183.SH,20250516,30.04,30.93,29.86,30.64,30.03,0.61,2.0313,125772.81,382338.476
688183.SH,20250515,31.64,31.8,29.98,30.03,31.65,-1.62,-5.1185,150507.68,459790.173
688183.SH,20250514,31.6,33.39,31.41,31.65,31.11,0.54,1.7358,177482.89,574450.066
688183.SH,20250513,31.58,32.3,30.98,31.11,31.09,0.02,0.0643,133896.53,423202.778
688183.SH,20250512,31.25,32.5,30.73,31.09,30.33,0.76,2.5058,194412.94,611916.148
688183.SH,20250509,30.66,30.91,29.65,30.33,31.05,-0.72,-2.3188,147683.58,446633.157
688183.SH,20250508,29.72,32.5,29.66,31.05,29.72,1.33,4.4751,285815.63,889322.981
688183.SH,20250507,29.79,30.38,29.0,29.72,29.78,-0.06,-0.2015,197366.34,583431.585
688183.SH,20250506,26.73,30.25,26.51,29.78,25.9,3.88,14.9807,273267.97,778298.505
688183.SH,20250430,25.49,26.1,25.45,25.9,25.43,0.47,1.8482,114945.7,297165.461
688183.SH,20250429,26.0,26.39,25.26,25.43,25.62,-0.19,-0.7416,150764.49,387523.746
688183.SH,20250428,25.78,26.05,25.1,25.62,25.69,-0.07,-0.2725,114064.81,291199.65
688183.SH,20250425,25.2,26.89,25.1,25.69,24.74,0.95,3.8399,161682.36,419622.533
688183.SH,20250424,25.29,26.2,24.63,24.74,25.21,-0.47,-1.8643,115781.89,292826.534
688183.SH,20250423,24.9,25.65,24.77,25.21,24.5,0.71,2.898,99282.25,250366.974
688183.SH,20250422,24.7,25.06,24.21,24.5,24.69,-0.19,-0.7695,75408.33,185607.579
688183.SH,20250421,24.07,24.9,23.67,24.69,23.85,0.84,3.522,79306.15,194237.086
688183.SH,20250418,23.61,24.12,23.53,23.85,23.7,0.15,0.6329,69603.61,165932.183
688183.SH,20250417,23.89,24.28,23.67,23.7,23.98,-0.28,-1.1676,63713.53,152400.562
688183.SH,20250416,24.52,24.53,23.51,23.98,24.64,-0.66,-2.6786,82407.97,197752.176
688183.SH,20250415,24.68,24.85,24.33,24.64,24.69,-0.05,-0.2025,78491.68,192987.754
688183.SH,20250414,25.56,25.7,24.36,24.69,24.4,0.29,1.1885,145250.7,361084.799
688183.SH,20250411,23.77,24.79,23.69,24.4,24.02,0.38,1.582,136818.39,330782.425
688183.SH,20250410,23.97,25.23,23.9,24.02,21.85,2.17,9.9314,230841.12,566492.292
688183.SH,20250409,21.22,22.08,19.59,21.85,21.85,0.0,0.0,180137.82,380954.253
688183.SH,20250408,21.54,22.15,21.06,21.85,21.77,0.08,0.3675,250230.81,537955.084
688183.SH,20250407,21.86,24.3,21.77,21.77,27.21,-5.44,-19.9926,203511.41,457488.442
688183.SH,20250403,28.51,28.99,27.01,27.21,29.59,-2.38,-8.0433,172354.05,479216.89
688183.SH,20250402,29.43,30.43,29.33,29.59,29.23,0.36,1.2316,104632.61,311857.446
688183.SH,20250401,29.9,30.05,29.14,29.23,29.56,-0.33,-1.1164,85107.88,252269.659
688183.SH,20250331,30.0,31.0,28.92,29.56,30.17,-0.61,-2.0219,168561.47,500207.722
688183.SH,20250328,29.52,31.58,29.52,30.17,29.93,0.24,0.8019,136964.99,420807.567
688183.SH,20250327,30.03,30.35,29.0,29.93,30.6,-0.67,-2.1895,143117.69,425776.715
688183.SH,20250326,31.7,32.3,30.6,30.6,31.7,-1.1,-3.47,146497.99,459168.314
688183.SH,20250325,33.68,34.2,31.47,31.7,33.12,-1.42,-4.2874,192157.03,631813.742
688183.SH,20250324,31.36,33.41,31.13,33.12,31.69,1.43,4.5125,196310.46,633758.126
688183.SH,20250321,32.02,32.68,31.05,31.69,32.31,-0.62,-1.9189,148539.41,469012.42
688183.SH,20250320,32.64,33.38,31.92,32.31,32.8,-0.49,-1.4939,149971.75,488513.409
688183.SH,20250319,34.0,34.88,31.89,32.8,34.41,-1.61,-4.6789,297292.7,976198.292
688183.SH,20250318,31.0,35.88,30.21,34.41,30.21,4.2,13.9027,425007.08,1402605.757
688183.SH,20250317,30.39,30.49,29.51,30.21,30.16,0.05,0.1658,142823.21,426268.665
688183.SH,20250314,28.35,30.33,28.29,30.16,28.45,1.71,6.0105,186496.46,552081.657
688183.SH,20250313,28.84,29.4,28.34,28.45,29.04,-0.59,-2.0317,106085.74,306039.754
688183.SH,20250312,29.45,29.6,28.68,29.04,29.6,-0.56,-1.8919,113655.14,330978.281
688183.SH,20250311,29.69,30.33,28.71,29.6,30.0,-0.4,-1.3333,200609.94,591238.077
688183.SH,20250310,28.82,30.2,28.68,30.0,28.55,1.45,5.0788,186977.79,551259.585
688183.SH,20250307,29.5,29.5,28.4,28.55,29.62,-1.07,-3.6124,125535.65,363202.748
688183.SH,20250306,28.6,30.09,28.6,29.62,28.5,1.12,3.9298,198927.57,586935.311
688183.SH,20250305,27.39,28.72,27.23,28.5,27.12,1.38,5.0885,206406.16,583346.114
688183.SH,20250304,28.65,28.65,26.77,27.12,29.22,-2.1,-7.1869,311463.57,850998.072
688183.SH,20250303,30.0,30.3,29.01,29.22,29.49,-0.27,-0.9156,131907.6,388825.412
688183.SH,20250228,31.7,31.7,29.21,29.49,31.8,-2.31,-7.2642,190646.56,572132.245
688183.SH,20250227,33.3,33.46,31.2,31.8,33.17,-1.37,-4.1302,155321.83,497404.932
688183.SH,20250226,33.58,33.58,32.71,33.17,33.69,-0.52,-1.5435,136130.86,449389.998
688183.SH,20250225,33.77,34.24,33.06,33.69,33.84,-0.15,-0.4433,132913.71,446675.801
688183.SH,20250224,38.01,38.98,33.62,33.84,38.95,-5.11,-13.1194,276978.89,966013.189
688183.SH,20250221,37.32,39.08,37.03,38.95,37.32,1.63,4.3676,141436.99,538887.958
688183.SH,20250220,36.95,37.83,35.71,37.32,36.94,0.38,1.0287,91446.75,337205.674
688183.SH,20250219,38.01,38.01,35.7,36.94,37.67,-0.73,-1.9379,114003.4,417289.932
688183.SH,20250218,38.83,39.74,37.3,37.67,38.48,-0.81,-2.105,83805.0,323640.276
688183.SH,20250217,36.56,39.98,36.49,38.48,36.48,2.0,5.4825,116751.83,452971.512
688183.SH,20250214,38.0,38.65,36.1,36.48,37.9,-1.42,-3.7467,87169.24,323148.531
688183.SH,20250213,38.0,38.79,37.16,37.9,38.17,-0.27,-0.7074,83797.27,318334.704
688183.SH,20250212,38.1,38.7,37.8,38.17,38.1,0.07,0.1837,62881.91,239795.96
688183.SH,20250211,37.9,39.13,37.51,38.1,38.01,0.09,0.2368,85375.92,327392.969
688183.SH,20250210,36.71,38.92,36.4,38.01,36.87,1.14,3.0919,121301.62,459818.322
688183.SH,20250207,36.23,37.31,35.68,36.87,36.03,0.84,2.3314,142163.19,520662.804
688183.SH,20250206,33.59,36.26,32.7,36.03,33.25,2.78,8.3609,180084.43,624470.935
688183.SH,20250205,35.7,35.76,32.5,33.25,36.2,-2.95,-8.1492,228957.06,770318.601
688183.SH,20250127,37.69,37.8,35.78,36.2,37.82,-1.62,-4.2834,109003.32,397686.026
688183.SH,20250124,39.34,40.16,36.81,37.82,39.15,-1.33,-3.3972,164232.27,624226.594
688183.SH,20250123,40.61,41.26,39.11,39.15,40.36,-1.21,-2.998,99970.41,400447.236
688183.SH,20250122,38.26,42.01,38.26,40.36,38.31,2.05,5.3511,166094.28,670010.035
688183.SH,20250121,39.85,39.85,36.8,38.31,38.88,-0.57,-1.466,130094.37,493569.997
688183.SH,20250120,38.46,39.98,38.01,38.88,37.71,1.17,3.1026,92305.63,360104.692
688183.SH,20250117,36.85,39.5,36.59,37.71,37.1,0.61,1.6442,105841.73,403739.101
688183.SH,20250116,37.43,38.02,36.72,37.1,37.1,0.0,0.0,75939.86,284083.122
688183.SH,20250115,38.98,39.31,36.92,37.1,39.16,-2.06,-5.2605,108663.86,408836.323
688183.SH,20250114,38.72,39.8,37.73,39.16,38.44,0.72,1.873,93061.31,360407.916
688183.SH,20250113,39.1,39.67,37.8,38.44,39.64,-1.2,-3.0272,92916.66,356845.343
688183.SH,20250110,39.79,42.0,39.4,39.64,41.0,-1.36,-3.3171,98625.2,400204.1
688183.SH,20250109,40.78,43.5,40.78,41.0,40.12,0.88,2.1934,117220.63,494281.101
688183.SH,20250108,38.9,40.84,38.3,40.12,39.7,0.42,1.0579,98703.61,389321.408
688183.SH,20250107,36.67,39.95,36.01,39.7,36.34,3.36,9.246,106737.85,410933.51
688183.SH,20250106,37.41,38.4,35.83,36.34,37.1,-0.76,-2.0485,63832.63,234613.074
688183.SH,20250103,36.95,38.6,36.23,37.1,36.63,0.47,1.2831,88127.24,329472.879
688183.SH,20250102,39.27,39.27,36.21,36.63,39.26,-2.63,-6.6989,82498.21,310036.442
688183.SH,20241231,40.51,40.62,39.25,39.26,40.62,-1.36,-3.3481,57116.94,227531.539
688183.SH,20241230,41.0,41.77,40.11,40.62,41.9,-1.28,-3.0549,85514.08,347529.656
688183.SH,20241227,44.0,44.5,41.13,41.9,44.15,-2.25,-5.0963,109913.82,468609.108
688183.SH,20241226,42.2,45.7,42.0,44.15,42.4,1.75,4.1274,88333.97,385518.723
688183.SH,20241225,41.1,43.77,40.95,42.4,41.09,1.31,3.1881,82703.79,349670.47
688183.SH,20241224,42.09,42.19,40.51,41.09,41.8,-0.71,-1.6986,64269.68,265408.192
688183.SH,20241223,43.08,43.38,40.95,41.8,42.52,-0.72,-1.6933,81382.78,341558.008
688183.SH,20241220,42.08,43.5,41.58,42.52,42.08,0.44,1.0456,93247.27,396707.927
688183.SH,20241219,41.15,42.96,40.92,42.08,43.08,-1.0,-2.3213,80908.09,339445.158
688183.SH,20241218,42.05,44.36,40.88,43.08,44.14,-1.06,-2.4014,109683.09,464600.731
688183.SH,20241217,38.57,45.8,38.31,44.14,38.58,5.56,14.4116,152269.35,648993.792
688183.SH,20241216,36.26,39.2,36.26,38.58,36.38,2.2,6.0473,92214.54,354600.004
688183.SH,20241213,37.37,39.74,36.38,36.38,37.45,-1.07,-2.8571,121464.11,464758.529
688183.SH,20241212,37.03,37.6,36.31,37.45,37.03,0.42,1.1342,75513.57,280106.941
688183.SH,20241211,36.0,37.98,34.84,37.03,35.66,1.37,3.8418,94048.95,343947.904
688183.SH,20241210,38.9,39.0,35.52,35.66,37.47,-1.81,-4.8305,109412.89,399487.806
688183.SH,20241209,38.57,38.79,36.45,37.47,38.98,-1.51,-3.8738,70424.75,263011.325
688183.SH,20241206,36.5,39.55,36.5,38.98,37.01,1.97,5.3229,96533.55,368872.826
688183.SH,20241205,35.12,38.5,35.12,37.01,34.87,2.14,6.1371,119057.17,445215.247
688183.SH,20241204,34.15,36.4,33.95,34.87,33.85,1.02,3.0133,95032.9,335282.329
688183.SH,20241203,34.99,35.1,33.31,33.85,35.1,-1.25,-3.5613,62142.53,211887.693
688183.SH,20241202,33.16,35.73,32.89,35.1,32.86,2.24,6.8168,115703.96,399593.971
688183.SH,20241129,32.81,34.1,32.1,32.86,32.52,0.34,1.0455,58467.11,193163.214
688183.SH,20241128,33.36,33.75,32.35,32.52,33.47,-0.95,-2.8384,53391.48,175534.094
688183.SH,20241127,31.64,33.64,30.87,33.47,31.7,1.77,5.5836,113751.95,371672.654
688183.SH,20241126,30.33,32.28,30.0,31.7,30.19,1.51,5.0017,99711.92,314631.902
688183.SH,20241125,31.02,31.02,29.45,30.19,30.93,-0.74,-2.3925,104569.13,314688.661
688183.SH,20241122,33.08,33.19,30.74,30.93,32.78,-1.85,-5.6437,88249.7,280935.402
688183.SH,20241121,33.19,33.54,32.4,32.78,33.18,-0.4,-1.2055,78077.12,255898.613
688183.SH,20241120,33.34,34.06,32.62,33.18,32.93,0.25,0.7592,60992.65,203867.739
688183.SH,20241119,33.28,33.89,31.78,32.93,32.98,-0.05,-0.1516,67940.65,221875.952
688183.SH,20241118,32.46,33.76,31.4,32.98,32.28,0.7,2.1685,115876.17,379922.615
688183.SH,20241115,33.7,34.4,32.21,32.28,33.8,-1.52,-4.497,62663.2,207970.631
688183.SH,20241114,34.7,35.3,33.64,33.8,35.19,-1.39,-3.95,55444.31,190825.964
688183.SH,20241113,34.59,35.42,32.8,35.19,34.84,0.35,1.0046,116916.81,399716.9
688183.SH,20241112,34.91,35.59,34.28,34.84,35.0,-0.16,-0.4571,113647.48,396939.489
688183.SH,20241111,37.0,37.77,34.45,35.0,37.07,-2.07,-5.584,169651.59,608482.78
688183.SH,20241108,36.55,39.28,36.54,37.07,36.6,0.47,1.2842,101525.45,384043.43
688183.SH,20241107,36.17,36.96,35.21,36.6,36.8,-0.2,-0.5435,85691.88,309863.32
688183.SH,20241106,37.5,39.39,36.11,36.8,37.33,-0.53,-1.4198,129543.99,487459.041
688183.SH,20241105,34.89,38.97,33.79,37.33,35.45,1.88,5.3032,189032.36,686523.566
688183.SH,20241104,34.15,35.99,34.15,35.45,34.99,0.46,1.3147,115477.96,405155.253
688183.SH,20241101,34.96,36.91,34.06,34.99,34.86,0.13,0.3729,161713.49,575442.104
688183.SH,20241031,34.38,36.4,32.69,34.86,34.7,0.16,0.4611,160031.28,551942.804
688183.SH,20241030,34.33,35.58,33.55,34.7,34.43,0.27,0.7842,154097.94,531306.957
688183.SH,20241029,31.7,35.96,31.5,34.43,31.58,2.85,9.0247,239431.4,816034.879
688183.SH,20241028,32.13,32.13,30.5,31.58,32.26,-0.68,-2.1079,126104.0,392592.381
688183.SH,20241025,32.6,32.88,31.3,32.26,31.89,0.37,1.1602,124387.55,399386.722
688183.SH,20241024,32.28,33.15,30.81,31.89,32.3,-0.41,-1.2693,166274.61,528951.175
688183.SH,20241023,32.18,34.2,31.71,32.3,32.38,-0.08,-0.2471,179058.84,589759.278
688183.SH,20241022,33.6,34.2,31.2,32.38,34.3,-1.92,-5.5977,243264.4,793614.678
688183.SH,20241021,32.88,38.8,32.58,34.3,32.46,1.84,5.6685,329790.72,1151428.124
688183.SH,20241018,26.99,32.46,26.91,32.46,27.05,5.41,20.0,218833.54,676844.577
688183.SH,20241017,26.3,27.94,25.74,27.05,25.69,1.36,5.2939,95323.8,258657.035
688183.SH,20241016,25.18,26.3,25.0,25.69,26.43,-0.74,-2.7998,64803.01,166740.178
688183.SH,20241015,27.76,27.93,26.3,26.43,27.51,-1.08,-3.9258,110603.73,298378.857
688183.SH,20241014,24.56,28.1,24.42,27.51,24.78,2.73,11.0169,160176.69,423995.248
688183.SH,20241011,24.5,25.86,23.41,24.78,24.76,0.02,0.0808,118739.02,293348.97
688183.SH,20241010,25.42,26.7,24.5,24.76,25.31,-0.55,-2.1731,146417.91,372359.818
688183.SH,20241009,27.11,28.67,24.9,25.31,29.33,-4.02,-13.7061,192363.97,514479.196
688183.SH,20241008,29.05,29.33,25.22,29.33,24.45,4.88,19.9591,209309.23,576429.053
688183.SH,20240930,22.8,24.72,21.48,24.45,21.49,2.96,13.7738,210602.54,483604.51
688183.SH,20240927,20.2,21.69,20.07,21.49,20.06,1.43,7.1286,62256.8,128611.838
688183.SH,20240926,19.9,20.1,19.23,20.06,19.84,0.22,1.1089,126053.77,248175.329
688183.SH,20240925,19.56,20.8,19.55,19.84,18.91,0.93,4.918,234917.78,473616.473
688183.SH,20240924,17.1,19.01,17.06,18.91,17.01,1.9,11.1699,162895.33,296277.119
688183.SH,20240923,17.17,17.7,16.66,17.01,17.02,-0.01,-0.0588,69244.28,118897.696
688183.SH,20240920,16.88,17.32,16.7,17.02,16.8,0.22,1.3095,80246.62,136559.808
688183.SH,20240919,16.93,17.0,16.57,16.8,16.76,0.04,0.2387,90902.04,152439.696
688183.SH,20240918,17.7,17.71,16.6,16.76,17.68,-0.92,-5.2036,112589.68,190235.974
688183.SH,20240913,17.48,18.36,17.39,17.68,17.54,0.14,0.7982,124506.29,223617.579
688183.SH,20240912,17.88,18.04,17.22,17.54,17.15,0.39,2.2741,101235.79,178507.176
688183.SH,20240911,17.24,17.85,17.01,17.15,17.09,0.06,0.3511,94733.76,165351.999
688183.SH,20240910,17.25,17.26,16.9,17.09,17.14,-0.05,-0.2917,52170.76,89009.109
688183.SH,20240909,17.05,17.37,16.92,17.14,17.05,0.09,0.5279,72570.46,124497.389
688183.SH,20240906,17.93,17.93,16.99,17.05,17.72,-0.67,-3.781,65414.99,112958.336
688183.SH,20240905,17.79,18.15,17.64,17.72,17.71,0.01,0.0565,72031.38,128317.956
688183.SH,20240904,17.85,17.99,17.41,17.71,18.27,-0.56,-3.0651,87209.28,154497.235
688183.SH,20240903,18.19,18.49,17.91,18.27,18.21,0.06,0.3295,64643.27,117888.297
688183.SH,20240902,18.91,19.27,18.1,18.21,19.12,-0.91,-4.7594,125233.93,231630.43
688183.SH,20240830,18.99,19.7,18.7,19.12,18.94,0.18,0.9504,113144.53,217908.576
688183.SH,20240829,19.27,19.58,18.28,18.94,19.52,-0.58,-2.9713,117831.33,220314.417
688183.SH,20240828,19.23,20.05,19.2,19.52,19.3,0.22,1.1399,76937.93,151224.65
688183.SH,20240827,19.59,19.75,19.21,19.3,19.51,-0.21,-1.0764,56358.8,109722.7
688183.SH,20240826,19.6,19.98,19.32,19.51,19.68,-0.17,-0.8638,72344.91,141561.097
688183.SH,20240823,20.12,20.36,19.38,19.68,20.27,-0.59,-2.9107,76419.65,150933.669
688183.SH,20240822,20.37,20.46,19.8,20.27,20.52,-0.25,-1.2183,59094.33,119205.381
688183.SH,20240821,19.67,21.45,19.6,20.52,19.67,0.85,4.3213,97800.36,201966.316
688183.SH,20240820,19.94,20.28,19.51,19.67,19.9,-0.23,-1.1558,41784.61,82747.936
688183.SH,20240819,19.98,20.54,19.75,19.9,20.15,-0.25,-1.2407,50489.99,101405.811
688183.SH,20240816,19.8,20.91,19.8,20.15,20.18,-0.03,-0.1487,72887.62,149510.985
688183.SH,20240815,20.35,20.72,20.1,20.18,20.53,-0.35,-1.7048,87472.06,178071.098
688183.SH,20240814,21.87,21.98,20.37,20.53,21.49,-0.96,-4.4672,92384.07,193136.155
688183.SH,20240813,21.29,21.7,21.0,21.49,21.07,0.42,1.9934,91929.59,196249.484
688183.SH,20240812,20.82,21.78,20.5,21.07,21.01,0.06,0.2856,101977.85,215895.435
688183.SH,20240809,20.48,21.28,20.48,21.01,20.17,0.84,4.1646,123892.49,259355.607
688183.SH,20240808,20.71,20.71,20.0,20.17,20.72,-0.55,-2.6544,78762.59,159251.064
688183.SH,20240807,20.99,21.27,20.46,20.72,21.12,-0.4,-1.8939,94111.06,194782.387
688183.SH,20240806,21.6,21.9,20.81,21.12,20.9,0.22,1.0526,94281.18,200326.176
688183.SH,20240805,21.96,22.64,20.81,20.9,22.46,-1.56,-6.9457,164211.17,354357.835
688183.SH,20240802,23.0,23.35,22.31,22.46,23.83,-1.37,-5.7491,110241.49,251195.379
688183.SH,20240801,24.3,24.6,22.95,23.83,23.62,0.21,0.8891,114369.63,270845.328
688183.SH,20240731,22.6,23.9,22.22,23.62,22.74,0.88,3.8698,100960.93,233795.16
688183.SH,20240730,23.06,23.53,22.53,22.74,23.5,-0.76,-3.234,62461.05,142298.278
688183.SH,20240729,23.12,24.1,22.6,23.5,23.12,0.38,1.6436,106578.03,250254.796
688183.SH,20240726,22.98,23.46,22.55,23.12,23.0,0.12,0.5217,79267.49,182191.571
688183.SH,20240725,23.21,24.38,22.83,23.0,24.9,-1.9,-7.6305,167925.85,393060.91
688183.SH,20240724,25.16,26.76,24.87,24.9,25.35,-0.45,-1.7751,129933.84,335932.684
688183.SH,20240723,25.39,25.75,24.75,25.35,25.22,0.13,0.5155,113537.81,286392.961
688183.SH,20240722,25.1,25.7,24.63,25.22,25.2,0.02,0.0794,97319.51,244729.597
688183.SH,20240719,25.29,25.78,24.6,25.2,25.8,-0.6,-2.3256,117806.07,297074.04
688183.SH,20240718,24.85,26.05,24.65,25.8,25.5,0.3,1.1765,153437.79,387586.671
688183.SH,20240717,26.6,26.83,25.38,25.5,27.65,-2.15,-7.7758,168623.44,438634.903
688183.SH,20240716,26.5,27.86,26.13,27.65,26.4,1.25,4.7348,166846.99,449942.314
688183.SH,20240715,27.39,27.5,25.79,26.4,27.99,-1.59,-5.6806,147696.61,391406.347
688183.SH,20240712,26.3,29.1,25.68,27.99,27.16,0.83,3.056,209429.14,566862.777
688183.SH,20240711,23.98,28.91,23.58,27.16,24.28,2.88,11.8616,304798.69,774342.426
688183.SH,20240710,21.34,24.58,21.01,24.28,20.48,3.8,18.5547,253160.0,584141.545
688183.SH,20240709,19.6,20.78,18.16,20.48,19.66,0.82,4.1709,191723.91,380440.976
688183.SH,20240708,19.51,19.8,19.23,19.66,19.42,0.24,1.2358,58476.09,114427.141
688183.SH,20240705,19.58,19.77,18.7,19.42,19.9,-0.48,-2.4121,94807.3,182056.459
688183.SH,20240704,19.81,21.11,19.55,19.9,19.7,0.2,1.0152,95450.68,194222.741
688183.SH,20240703,20.32,20.56,19.45,19.7,20.33,-0.63,-3.0989,68508.09,135501.087
688183.SH,20240702,21.02,21.02,19.6,20.33,20.89,-0.56,-2.6807,101817.5,205217.058
688183.SH,20240701,19.3,21.51,19.0,20.89,19.38,1.51,7.7915,138860.42,280350.025
688183.SH,20240628,18.96,19.9,18.7,19.38,18.96,0.42,2.2152,112844.15,219455.168
688183.SH,20240627,19.56,19.68,18.85,18.96,19.55,-0.59,-3.0179,96458.48,185679.636
688183.SH,20240626,18.99,19.87,18.6,19.55,18.8,0.75,3.9894,140972.48,271745.299
688183.SH,20240625,19.8,19.8,18.53,18.8,19.69,-0.89,-4.5201,171984.26,324702.906
688183.SH,20240624,20.3,20.75,19.6,19.69,20.4,-0.71,-3.4804,95055.03,190466.541
688183.SH,20240621,19.3,20.85,19.05,20.4,19.94,0.46,2.3069,163572.6,327697.267
688183.SH,20240620,20.1,20.65,19.7,19.94,20.05,-0.11,-0.5486,156822.34,315521.978
688183.SH,20240619,21.01,21.31,19.83,20.05,21.39,-1.34,-6.2646,192665.05,390680.833
688183.SH,20240618,20.9,21.98,20.5,21.39,20.98,0.41,1.9542,172983.76,364589.614
688183.SH,20240617,21.0,22.5,20.13,20.98,21.35,-0.37,-1.733,237947.12,504131.766
688183.SH,20240614,19.55,21.55,19.4,21.35,19.75,1.6,8.1013,253153.76,521487.698
688183.SH,20240613,20.11,20.33,19.3,19.75,20.14,-0.39,-1.9364,220982.44,437789.542
688183.SH,20240612,19.7,20.57,19.19,20.14,19.2,0.94,4.8958,311322.37,617207.056
688183.SH,20240611,16.86,19.58,16.86,19.2,16.66,2.54,15.2461,286371.6,533893.965
688183.SH,20240607,16.68,17.3,16.38,16.66,17.01,-0.35,-2.0576,141635.91,237344.192
688183.SH,20240606,16.53,18.2,16.53,17.01,16.37,0.64,3.9096,266607.6,465720.645
688183.SH,20240605,17.4,17.66,16.31,16.37,17.12,-0.75,-4.3808,178682.48,299070.945
688183.SH,20240604,16.71,18.08,16.45,17.12,16.71,0.41,2.4536,251731.82,430590.012
688183.SH,20240603,15.02,17.49,14.59,16.71,14.73,1.98,13.442,290075.64,472645.512
688183.SH,20240531,14.96,15.19,14.64,14.73,14.97,-0.24,-1.6032,104686.67,155150.627
688183.SH,20240530,14.81,15.38,14.33,14.97,15.3,-0.33,-2.1569,149046.64,222916.174
688183.SH,20240529,15.9,16.58,15.26,15.3,15.6,-0.3,-1.9231,191631.74,303636.768
688183.SH,20240528,16.01,16.08,15.28,15.6,15.92,-0.32,-2.0101,134040.01,208685.026
688183.SH,20240527,15.3,16.46,15.18,15.92,15.26,0.66,4.325,235702.77,371926.806
688183.SH,20240524,16.3,16.62,15.09,15.26,16.11,-0.85,-5.2762,277451.3,433072.981
688183.SH,20240523,15.5,17.63,15.5,16.11,15.43,0.68,4.407,332670.43,546020.741
688183.SH,20240522,15.62,15.89,15.13,15.43,15.62,-0.19,-1.2164,182908.99,282280.744
688183.SH,20240521,15.02,15.75,14.81,15.62,15.3,0.32,2.0915,244667.64,373619.134
688183.SH,20240520,13.0,15.74,12.87,15.3,13.59,1.71,12.5828,387042.68,556256.054
688183.SH,20240517,12.38,13.88,12.1,13.59,12.38,1.21,9.7738,426003.64,557111.086
688183.SH,20240516,10.7,12.38,10.65,12.38,10.32,2.06,19.9612,447742.99,539147.816
688183.SH,20240515,10.01,10.49,9.97,10.32,10.0,0.32,3.2,78899.71,80982.674
688183.SH,20240514,10.19,10.33,9.98,10.0,10.12,-0.12,-1.1858,33012.85,33251.859
688183.SH,20240513,9.98,10.27,9.88,10.12,10.07,0.05,0.4965,37078.2,37595.776
688183.SH,20240510,10.44,10.5,9.94,10.07,10.44,-0.37,-3.5441,58437.58,58941.282
688183.SH,20240509,10.3,10.53,10.22,10.44,10.33,0.11,1.0649,44876.31,46696.987
688183.SH,20240508,10.33,10.54,10.19,10.33,10.42,-0.09,-0.8637,45719.87,47272.859
688183.SH,20240507,10.28,10.53,10.26,10.42,10.33,0.09,0.8712,58390.56,60755.245
688183.SH,20240506,10.54,10.69,10.21,10.33,10.53,-0.2,-1.8993,106635.41,111101.415
