名称,市场,产业链环节,细分方向,代码,公司产品简介,供应链确定性,市值(亿元),PE(TTM),2026 PE(预测),2027 PE(预测),2028 PE(预测),"2025净利润(实际/预测,亿元)","2026净利润(预测,亿元)","2027净利润(预测,亿元)","2028净利润(预测,亿元)",2025净利润同比%(实际/预测),2026净利润同比%(预测),2027净利润同比%(预测),2028净利润同比%(预测),最新交易日,当日涨幅%,10日涨幅%,30日涨幅%,60日涨幅%,90日涨幅%,250日涨幅%,预测来源,数据状态,备注,2026Q1净利润(亿元),2026Q2锁定预测(亿元),2026Q2净利润(亿元),2026Q3净利润(亿元),2026Q4净利润(亿元),2027Q1净利润(亿元),2027Q2净利润(亿元),2027Q3净利润(亿元),2027Q4净利润(亿元),2028Q1净利润(亿元),2028Q2净利润(亿元),2028Q3净利润(亿元),2028Q4净利润(亿元),股息率%
中芯国际,A股,GPU/CPU/NVLink/核心芯片,晶圆制造,688981.SH,先进/成熟制程晶圆制造,主题映射,10626,147.4,138.0,105.7,85.8,50.4,77.0,100.5,123.8,0.363,0.527,0.306,0.232,2026-09-07,2.5,2.9,-13.7,-0.6,8.9,34.5,"report_rc中位数(2025:实际,2026:2,2027:2,2028:2)",OK,,13.6（上个Q预测20.7）,31.1（上个Q预测13.2）,31.1（上个Q预测15.3）,17.9,14.4,,125.2,,,,158.9,,,
寒武纪,A股,GPU/CPU/NVLink/核心芯片,AI训练/推理芯片,688256.SH,国产AI芯片核心标的,主题映射,6869,206.2,122.0,58.5,34.6,20.6,56.3,117.3,198.4,-5.552,1.735,1.083,0.691,2026-09-07,1.9,12.7,-12.0,-11.9,-20.5,-17.8,"report_rc中位数(2025:实际,2026:14,2027:13,2028:13)",OK,AG Q2预测校验：无8/7锁定值，采用财报前120日内4家机构最新2026全年预测中位数55.4×历史Q2占比33.1%=18.4；未采用report_rc Q2字段,10.1（上个Q预测9.7）,,13.0（上个Q预测18.4）,18.4,14.8,20.3,38.9,32.3,25.9,34.2,65.8,54.6,43.8,0.0009
海光信息,A股,GPU/CPU/NVLink/核心芯片,CPU/GPGPU,688041.SH,国产高性能处理器,主题映射,5641,179.6,127.3,85.5,62.5,25.4,44.3,66.0,90.3,0.318,0.741,0.49,0.368,2026-09-07,-0.4,5.2,-22.6,-13.3,-16.0,23.1,"report_rc中位数(2025:实际,2026:10,2027:10,2028:10)",OK,,6.9（上个Q预测8.8）,11.1（上个Q预测12.8）,11.1（上个Q预测12.4）,14.9,11.4,13.1,18.0,19.7,15.1,17.9,24.7,27.0,20.7,0.001
芯原股份,A股,GPU/CPU/NVLink/核心芯片,芯片IP/设计服务,688521.SH,芯片IP平台与定制设计,主题映射,977,,939.5,129.9,60.5,-5.3,1.0,7.5,16.1,-0.122,-1.197,6.231,1.146,2026-09-07,1.1,10.2,-17.3,-16.7,-18.9,72.1,"report_rc中位数(2025:实际,2026:1,2027:1,2028:1)",OK,AG Q2预测校验：8/7锁定1.6，财报前120日内1家机构最新全年预测中位数0.3×历史Q2占比25.0%=0.1；差异2361.5%，AG采用近期预测，未采用report_rc Q2字段,-3.4（上个Q预测0.3）,-2.7（上个Q预测1.6）,-2.7（上个Q预测0.1）,3.6,3.6,1.9,1.9,1.9,1.9,4.0,4.0,4.0,4.0,
豪威集团,A股,GPU/CPU/NVLink/核心芯片,传感器/模拟,603501.SH,AI终端与智能硬件上游,主题映射,1020,31.5,30.3,22.2,17.4,40.5,33.6,45.9,58.5,0.217,-0.168,0.363,0.275,2026-09-07,1.0,-1.7,-14.9,-5.7,-22.0,-43.1,"report_rc中位数(2025:实际,2026:3,2027:3,2028:2)",OK,,5.0（上个Q预测7.2）,7.2（上个Q预测13.0）,7.2（上个Q预测11.8）,12.6,8.9,9.8,13.2,13.4,9.5,12.5,16.8,17.1,12.1,0.0062
龙芯中科,A股,GPU/CPU/NVLink/核心芯片,CPU/IP生态,688047.SH,国产CPU与基础软硬件生态,主题映射,423,,,,,-4.6,,,,-0.272,,,,2026-09-07,3.5,2.7,-3.1,-25.0,-32.2,-25.9,report_rc中位数(2025:实际),OK,AG Q2预测校验：无8/7锁定值及财报前120日年度一致预期，采用2026Q1实际×2025年Q2/Q1季节性系数0.95=-1.1,-1.1,,-1.1（上个Q预测-1.1）,,,,0.1,,,,1.0,,,
复旦微电,A股,GPU/CPU/NVLink/核心芯片,芯片设计,688385.SH,安全芯片、FPGA与存储控制,主题映射,453,51.0,37.9,40.4,27.7,2.3,11.9,11.2,16.4,-0.594,4.139,-0.062,0.461,2026-09-07,1.2,4.6,6.9,3.5,-22.0,-2.9,"report_rc中位数(2025:实际,2026:4,2027:4,2028:2)",OK,,1.5（上个Q预测3.4）,7.0（上个Q预测4.0）,7.0（上个Q预测4.1）,1.2,2.2,0.0,11.1,0.0,0.0,0.3,15.7,0.1,0.2,0.0011
景嘉微,A股,GPU/CPU/NVLink/核心芯片,GPU/图显,300474.SZ,国产图形处理器,主题映射,261,,251.7,125.6,210.6,-1.6,1.0,2.1,1.2,-0.003,-1.63,1.005,-0.404,2026-09-07,-0.4,0.2,-2.7,-1.9,-19.6,-43.1,"report_rc中位数(2025:实际,2026:16,2027:14,2028:2)",OK,AG Q2预测校验：8/7锁定0.2，财报前120日内1家机构最新全年预测中位数-0.3×历史Q2占比25.0%=-0.1；差异358.1%，AG采用近期预测，未采用report_rc Q2字段,-0.6（上个Q预测0.3）,-0.5（上个Q预测0.2）,-0.5（上个Q预测-0.1）,1.1,1.1,0.5,0.5,0.5,0.5,0.3,0.3,0.3,0.3,
长鑫科技,A股,HBM/内存/存储,HBM/内存/存储,688825.SH,HBM/内存/存储,高相关,39692,48.5,26.0,16.4,11.9,18.7,1526.2,2421.2,3326.4,-1.262,80.401,0.586,0.374,2026-09-07,6.7,3.3,19.3,,,,"report_rc中位数(2025:实际,2026:1,2027:1,2028:1)",OK,,247.6（上个Q预测381.5）,528.4（上个Q预测399.8）,528.4（上个Q预测364.5）,375.1,375.1,,2923.1,,,,3870.6,,,
北方华创,A股,HBM/内存/存储,存储上游设备/刻蚀沉积,002371.SZ,DRAM/NAND产线刻蚀与沉积设备,高相关,4794,84.3,66.3,43.6,32.6,55.2,72.3,109.9,147.2,-0.018,0.309,0.521,0.338,2026-09-07,3.5,-6.7,-14.2,-1.0,27.7,72.5,"report_rc中位数(2025:实际,2026:10,2027:10,2028:9)",OK,,16.3（上个Q预测20.7）,17.4（上个Q预测23.4）,17.4（上个Q预测20.6）,32.0,6.5,5.9,95.4,7.2,1.5,9.7,123.2,11.8,2.4,0.0012
兆易创新,A股,HBM/内存/存储,存储芯片设计/NOR/DRAM,603986.SH,NOR与利基DRAM设计，参股长鑫存储,高相关,2713,34.2,19.6,15.3,14.1,16.5,138.6,177.0,192.5,0.495,7.412,0.277,0.088,2026-09-07,3.6,1.0,-11.2,-19.9,25.3,149.6,"report_rc中位数(2025:实际,2026:9,2027:9,2028:9)",OK,AG Q2预测校验：8/7锁定11.1，财报前120日内2家机构最新全年预测中位数108.3×历史Q2占比20.7%=22.4；差异101.8%，AG采用近期预测，未采用report_rc Q2字段,14.6（上个Q预测19.7）,54.0（上个Q预测11.1）,54.0（上个Q预测22.4）,33.2,36.9,25.2,36.6,54.5,60.7,27.4,39.8,59.3,66.0,0.0019
澜起科技,A股,HBM/内存/存储,内存接口/服务器芯片,688008.SH,服务器内存接口芯片,高相关,2414,78.5,61.4,48.1,34.9,22.4,39.3,50.2,69.2,0.584,0.759,0.277,0.377,2026-09-07,5.4,3.1,-13.0,-12.0,13.9,90.9,"report_rc中位数(2025:实际,2026:4,2027:4,2028:4)",OK,,8.5（上个Q预测9.2）,11.5（上个Q预测10.1）,11.5（上个Q预测10.9）,8.5,10.8,11.8,14.2,10.6,13.6,16.3,19.6,14.6,18.7,0.003
江波龙,A股,HBM/内存/存储,存储模组/企业级SSD,301308.SZ,企业级SSD与存储模组,高相关,1539,12.8,8.1,10.7,11.3,14.2,190.1,144.4,135.8,1.854,12.359,-0.24,-0.06,2026-09-07,3.2,-1.8,-4.2,-30.4,-6.2,262.9,"report_rc中位数(2025:实际,2026:2,2027:2,2028:2)",OK,,38.6（上个Q预测47.5）,67.1（上个Q预测30.8）,67.1（上个Q预测32.3）,42.2,42.2,36.1,36.1,36.1,36.1,33.9,33.9,33.9,33.9,0.0027
长电科技,A股,HBM/内存/存储,存储封测/先进封装,600584.SH,存储芯片封测与先进封装,高相关,1235,63.7,57.8,42.4,34.2,15.7,21.4,29.1,36.1,-0.028,0.366,0.362,0.241,2026-09-07,2.4,-6.5,-16.2,0.1,53.0,77.0,"report_rc中位数(2025:实际,2026:8,2027:8,2028:8)",OK,,2.9（上个Q预测2.8）,5.5（上个Q预测3.4）,5.5（上个Q预测3.5）,5.7,7.2,,31.0,,,,37.8,,,0.0019
华海清科,A股,HBM/内存/存储,存储上游设备/CMP,688120.SH,CMP设备，DRAM/NAND制造环节,高相关,1222,107.0,88.2,65.6,50.0,10.8,13.9,18.6,24.4,0.059,0.279,0.343,0.313,2026-09-07,1.1,-7.7,-9.3,33.8,26.6,95.6,"report_rc中位数(2025:实际,2026:5,2027:5,2028:5)",OK,,2.5（上个Q预测3.0）,3.2（上个Q预测3.8）,3.2（上个Q预测3.6）,4.1,4.2,0.1,18.3,0.1,0.1,0.3,23.6,0.3,0.3,0.0012
佰维存储,A股,HBM/内存/存储,AI服务器存储,688525.SH,存储模组与企业级存储,高相关,1054,12.8,132.5,80.4,10.7,8.5,8.0,13.1,98.1,4.291,-0.067,0.648,6.479,2026-09-07,3.7,-2.0,-8.3,-32.6,-15.2,216.3,"report_rc中位数(2025:实际,2026:41,2027:32,2028:6)",OK,AG Q2预测校验：财报前120日无可用年度预测，沿用8/7锁定单季预测,29.0（上个Q预测2.0）,42.7（上个Q预测15.1）,42.7（上个Q预测15.1）,,,3.3,3.3,3.3,3.3,24.5,24.5,24.5,24.5,0.001
德明利,A股,HBM/内存/存储,存储模组/主控,001309.SZ,存储主控与嵌入式存储模组,高相关,916,13.4,104.7,87.7,9.2,6.9,8.8,10.5,99.4,0.964,0.271,0.195,8.505,2026-09-07,3.2,0.9,0.6,-34.6,-18.6,311.1,"report_rc中位数(2025:实际,2026:22,2027:14,2028:2)",OK,AG Q2预测校验：财报前120日无可用年度预测，沿用8/7锁定单季预测,33.5（上个Q预测2.2）,26.7（上个Q预测36.5）,26.7（上个Q预测36.5）,,,2.6,2.6,2.6,2.6,24.8,24.8,24.8,24.8,0.001
香农芯创,A股,HBM/内存/存储,HBM/存储分销,300475.SZ,SK海力士存储分销与HBM涨价受益,高相关,830,20.6,9.4,8.0,6.9,5.4,88.7,103.7,119.6,1.062,15.284,0.17,0.153,2026-09-07,7.3,15.6,6.6,-5.7,3.1,306.5,"report_rc中位数(2025:实际,2026:1,2027:1,2028:1)",OK,AG Q2预测校验：财报前120日无可用年度预测，沿用8/7锁定单季预测,13.3（上个Q预测22.2）,23.1（上个Q预测15.2）,23.1（上个Q预测15.2）,26.1,26.1,25.9,25.9,25.9,25.9,29.9,29.9,29.9,29.9,0.0007
北京君正,A股,HBM/内存/存储,车规存储/SRAM/DRAM,300223.SZ,车规SRAM/DRAM存储芯片,高相关,689,50.3,104.6,86.0,59.0,3.8,6.6,8.0,11.7,0.027,0.75,0.217,0.458,2026-09-07,5.2,0.1,-8.1,-8.1,7.9,73.3,"report_rc中位数(2025:实际,2026:31,2027:26,2028:6)",OK,,3.2（上个Q预测1.3）,8.8（上个Q预测4.3）,8.8（上个Q预测4.9）,,,1.6,2.8,0.9,2.8,2.3,4.0,1.3,4.1,0.0011
普冉股份,A股,HBM/内存/存储,存储芯片设计/NOR,688766.SH,中小容量NOR Flash,高相关,591,59.5,168.3,128.7,,2.1,3.5,4.6,,-0.29,0.691,0.308,,2026-09-07,8.2,-3.3,6.9,1.7,44.0,479.6,"report_rc中位数(2025:实际,2026:21,2027:17)",OK,AG Q2预测校验：财报前120日无可用年度预测，沿用8/7锁定单季预测,2.5（上个Q预测0.6）,5.8（上个Q预测0.4）,5.8（上个Q预测0.4）,,,0.8,1.4,1.4,1.1,,,,,0.0003
东芯股份,A股,HBM/内存/存储,存储芯片设计/SLC NAND,688110.SH,国产SLC NAND存储芯片,高相关,513,89.2,755.0,288.4,73.4,-1.9,0.7,1.8,7.0,0.165,-1.349,1.618,2.93,2026-09-07,2.8,-0.0,0.8,-7.7,-11.9,34.8,"report_rc中位数(2025:实际,2026:13,2027:10,2028:2)",OK,AG Q2预测校验：财报前120日无可用年度预测，沿用8/7锁定单季预测,1.4（上个Q预测0.2）,5.2（上个Q预测1.6）,5.2（上个Q预测1.6）,,,0.4,0.4,0.4,0.4,1.7,1.7,1.7,1.7,
聚辰股份,A股,HBM/内存/存储,存储配套芯片/SPD,688123.SH,内存SPD与DDR5配套芯片,高相关,219,32.0,29.0,27.6,18.6,3.6,7.5,8.0,11.8,0.253,1.077,0.053,0.483,2026-09-07,10.0,4.1,5.0,13.4,23.1,63.9,"report_rc中位数(2025:实际,2026:3,2027:3,2028:3)",OK,AG Q2预测校验：财报前120日无可用年度预测，沿用8/7锁定单季预测,0.3（上个Q预测2.1）,4.9（上个Q预测1.9）,4.9（上个Q预测1.9）,1.7,0.6,0.2,7.4,0.3,0.1,1.0,9.2,1.1,0.4,0.0051
工业富联,A股,整机/机柜/ODM,AI服务器/代工,601138.SH,云厂商AI服务器制造,确定,13210,28.2,21.1,15.4,12.4,352.9,625.7,855.6,1067.3,0.52,0.773,0.368,0.247,2026-09-07,4.5,10.2,8.2,-5.1,-2.4,46.4,"report_rc中位数(2025:实际,2026:11,2027:11,2028:11)",OK,,105.9（上个Q预测92.8）,131.5（上个Q预测113.4）,131.5（上个Q预测121.6）,173.8,214.5,11.7,792.0,23.2,28.7,13.3,995.3,26.3,32.4,0.0147
中兴通讯,A股,整机/机柜/ODM,通信/服务器,000063.SZ,通信设备、服务器与算力网络,主题映射,1592,48.1,27.2,23.5,21.4,56.2,58.5,67.7,74.5,-0.333,0.041,0.158,0.099,2026-09-07,0.6,0.5,-5.6,-8.4,-7.6,-26.1,"report_rc中位数(2025:实际,2026:5,2027:5,2028:4)",OK,AG Q2预测校验：财报前120日无可用年度预测，沿用8/7锁定单季预测,13.1（上个Q预测19.0）,14.4（上个Q预测23.0）,14.4（上个Q预测23.0）,25.0,6.0,,74.1,,,,75.0,,,0.0123
中科曙光,A股,整机/机柜/ODM,服务器/HPC,603019.SH,高性能计算与服务器,主题映射,1220,50.4,41.3,31.0,25.5,21.8,29.6,39.4,47.9,0.139,0.358,0.332,0.217,2026-09-07,0.8,1.5,-13.8,1.5,-8.3,-8.7,"report_rc中位数(2025:实际,2026:8,2027:8,2028:7)",OK,,2.3（上个Q预测2.5）,7.4（上个Q预测7.4）,7.4（上个Q预测8.0）,3.3,16.6,0.3,36.9,0.4,1.8,0.1,47.3,0.1,0.5,0.0054
浪潮信息,A股,整机/机柜/ODM,AI服务器,000977.SZ,AI服务器整机,主题映射,1098,24.0,20.8,15.5,12.4,24.1,52.9,70.7,88.7,0.053,1.191,0.337,0.255,2026-09-07,-3.8,2.1,-12.1,29.2,5.5,9.1,"report_rc中位数(2025:实际,2026:6,2027:6,2028:5)",OK,,6.0（上个Q预测10.1）,23.5（上个Q预测5.6）,23.5（上个Q预测6.3）,9.9,13.5,,72.5,,,0.5,86.5,0.7,1.0,0.0005
中际旭创,A股,光模块/CPO/硅光,高速光模块,300308.SZ,AI算力光模块龙头,确定,10583,51.7,31.1,17.7,12.1,108.0,340.2,598.1,874.2,1.088,2.151,0.758,0.462,2026-09-07,10.4,3.2,-16.6,-21.8,8.9,186.1,"report_rc中位数(2025:实际,2026:7,2027:7,2028:7)",OK,,57.3（上个Q预测49.9）,79.2（上个Q预测68.8）,79.2（上个Q预测71.7）,93.9,109.7,,647.2,,,12.1,810.1,24.0,28.0,0.0016
新易盛,A股,光模块/CPO/硅光,高速光模块,300502.SZ,800G/1.6T光模块,确定,5817,44.3,28.5,16.1,10.4,95.3,204.0,362.4,559.9,2.359,1.14,0.776,0.545,2026-09-07,8.1,1.3,-15.0,-17.6,-22.1,47.9,"report_rc中位数(2025:实际,2026:6,2027:6,2028:6)",OK,,27.8（上个Q预测33.7）,47.5（上个Q预测49.2）,47.5（上个Q预测51.5）,54.9,73.8,,392.5,,,7.0,528.0,10.6,14.3,0.0017
天孚通信,A股,光模块/CPO/硅光,光器件,300394.SZ,高速光器件与封装,高相关,2913,125.4,81.6,50.4,34.3,20.2,35.7,57.8,85.0,0.501,0.77,0.619,0.471,2026-09-07,7.4,7.0,27.6,-5.0,-13.8,84.4,"report_rc中位数(2025:实际,2026:9,2027:9,2028:9)",OK,,4.9（上个Q预测6.0）,7.1（上个Q预测9.8）,7.1（上个Q预测10.1）,12.0,11.7,1.2,52.7,2.0,1.9,2.2,75.7,3.6,3.5,0.0032
源杰科技,A股,光模块/CPO/硅光,光芯片,688498.SH,高速激光器芯片,高相关,2119,281.9,140.4,73.0,47.0,1.9,15.1,29.0,45.1,-32.126,6.906,0.923,0.555,2026-09-07,16.1,10.4,15.5,21.6,18.0,527.4,"report_rc中位数(2025:实际,2026:5,2027:5,2028:4)",OK,,1.8（上个Q预测1.1）,4.3（上个Q预测1.3）,4.3（上个Q预测1.5）,3.7,5.3,2.2,4.9,9.1,12.9,3.4,7.5,14.1,20.1,0.0004
光迅科技,A股,光模块/CPO/硅光,光芯片/模块,002281.SZ,光通信模块和芯片,高相关,1527,132.1,90.0,37.6,27.8,9.5,17.0,40.6,55.0,0.431,0.793,1.391,0.356,2026-09-07,10.0,10.9,-4.3,-10.0,34.6,189.1,"report_rc中位数(2025:实际,2026:2,2027:2,2028:1)",OK,,2.4（上个Q预测2.7）,3.4（上个Q预测4.3）,3.4（上个Q预测4.4）,6.7,4.4,6.4,9.5,14.9,9.7,8.7,12.9,20.2,13.2,
华工科技,A股,光模块/CPO/硅光,光器件/激光,000988.SZ,光器件与激光加工,高相关,1025,58.7,46.7,34.9,28.1,14.7,22.0,29.3,36.5,0.205,0.493,0.336,0.244,2026-09-07,6.6,-1.4,-8.8,-32.5,-11.8,69.7,"report_rc中位数(2025:实际,2026:4,2027:4,2028:4)",OK,AG Q2预测校验：财报前120日无可用年度预测，沿用8/7锁定单季预测,6.4（上个Q预测6.1）,5.5（上个Q预测7.8）,5.5（上个Q预测7.8）,7.4,2.7,8.2,10.0,8.2,3.0,10.2,12.4,10.2,3.7,0.0024
光库科技,A股,光模块/CPO/硅光,光器件,300620.SZ,光器件与铌酸锂调制器,高相关,753,275.7,465.0,331.8,65.9,1.8,1.6,2.3,11.4,1.638,-0.083,0.401,4.036,2026-09-07,8.3,1.1,25.8,5.7,26.6,239.7,"report_rc中位数(2025:实际,2026:17,2027:15,2028:2)",OK,AG Q2预测校验：8/7锁定0.7，财报前120日内1家机构最新全年预测中位数4.3×历史Q2占比23.2%=1.0；差异43.6%，AG采用近期预测，未采用report_rc Q2字段,0.4（上个Q预测0.1）,1.0（上个Q预测0.7）,1.0（上个Q预测1.0）,0.1,0.1,0.1,0.5,0.8,0.8,0.7,2.7,4.1,4.0,0.0007
长芯博创,A股,光模块/CPO/硅光,光模块,300548.SZ,数通光模块,高相关,631,129.3,84.1,42.6,30.9,3.3,7.5,14.8,20.4,3.646,1.24,0.975,0.378,2026-09-07,10.4,7.6,27.6,-4.5,-13.4,78.7,"report_rc中位数(2025:实际,2026:1,2027:1,2028:1)",OK,AG Q2预测校验：财报前120日无可用年度预测，沿用8/7锁定单季预测,1.3（上个Q预测2.0）,1.9（上个Q预测1.2）,1.9（上个Q预测1.2）,2.1,2.2,4.0,3.5,3.6,3.8,5.5,4.8,5.0,5.2,0.0014
生益科技,A股,先进封装/CoWoS/ABF,封装基板材料,600183.SH,封装基板材料与高频覆铜板,高相关,3599,69.3,50.4,33.6,23.4,33.3,71.5,107.2,153.9,0.918,1.143,0.5,0.436,2026-09-07,7.7,17.3,17.6,-2.1,93.4,206.0,"report_rc中位数(2025:实际,2026:9,2027:9,2028:9)",OK,,11.6（上个Q预测12.1）,21.3（上个Q预测14.4）,21.3（上个Q预测17.5）,20.6,18.0,,136.5,,,,181.6,,,0.0081
奥士康,A股,先进封装/CoWoS/ABF,IC载板,002913.SZ,封装基板与高阶载板,高相关,207,106.1,41.7,26.3,17.9,3.1,5.0,7.9,11.6,-0.128,0.611,0.585,0.471,2026-09-07,6.7,13.2,40.5,16.3,27.4,69.2,"report_rc中位数(2025:实际,2026:1,2027:1,2028:1)",OK,AG Q2预测校验：8/7锁定1.9，财报前120日内1家机构最新全年预测中位数4.7×历史Q2占比27.1%=1.3；差异48.9%，AG采用近期预测，未采用report_rc Q2字段,0.2（上个Q预测1.8）,0.7（上个Q预测1.9）,0.7（上个Q预测1.3）,3.2,0.9,2.9,2.1,2.2,0.6,4.2,3.1,3.3,1.0,0.0046
阳光电源,A股,电源/配电/BBU,储能/电源,300274.SZ,算力基础设施能源侧,高相关,1840,16.7,13.6,10.3,8.4,134.6,135.0,179.2,219.6,0.22,0.003,0.328,0.225,2026-09-07,0.4,-20.4,-23.6,-40.3,-31.7,-8.5,"report_rc中位数(2025:实际,2026:10,2027:10,2028:10)",OK,,22.9（上个Q预测38.4）,29.7（上个Q预测51.6）,29.7（上个Q预测39.3）,59.7,22.7,0.1,178.9,0.1,0.0,1.7,215.4,1.8,0.7,0.0183
科华数据,A股,电源/配电/BBU,UPS/数据中心电源,002335.SZ,数据中心电源系统,高相关,233,40.9,34.2,26.6,,4.2,6.8,8.8,,0.326,0.632,0.287,,2026-09-07,2.8,4.0,2.0,-13.3,-49.5,-40.5,"report_rc中位数(2025:实际,2026:1,2027:1)",OK,,0.8（上个Q预测1.1）,3.2（上个Q预测3.0）,3.2（上个Q预测2.9）,1.7,1.2,0.5,7.1,0.7,0.5,,9.4,,,0.0111
胜宏科技,A股,高速PCB/CCL,AI服务器PCB,300476.SZ,高速PCB与算力板卡,高相关,2294,45.7,28.6,16.3,10.7,43.1,80.2,141.0,214.9,2.735,0.859,0.759,0.524,2026-09-07,6.4,-4.7,-2.2,-28.7,-25.4,5.7,"report_rc中位数(2025:实际,2026:3,2027:3,2028:2)",OK,,12.9（上个Q预测17.1）,15.7（上个Q预测26.7）,15.7（上个Q预测21.3）,26.2,25.4,30.1,40.0,36.0,34.9,45.9,60.9,54.9,53.2,0.0085
深南电路,A股,高速PCB/CCL,PCB/封装基板,002916.SZ,通信与服务器PCB,高相关,2486,59.7,41.1,26.5,19.5,32.8,60.5,93.9,127.3,0.745,0.848,0.551,0.356,2026-09-07,10.0,6.2,3.3,-3.8,15.9,124.3,"report_rc中位数(2025:实际,2026:9,2027:9,2028:8)",OK,,8.5（上个Q预测9.1）,14.0（上个Q预测14.2）,14.0（上个Q预测14.1）,19.2,18.9,3.2,78.1,6.3,6.2,4.3,106.2,8.5,8.3,0.0066
沪电股份,A股,高速PCB/CCL,AI服务器PCB,002463.SZ,高阶服务器PCB,确定,2360,46.6,35.2,21.5,15.4,38.2,67.1,109.7,153.6,0.477,0.755,0.636,0.399,2026-09-07,10.0,6.1,4.4,-2.0,20.4,112.7,"report_rc中位数(2025:实际,2026:7,2027:7,2028:7)",OK,,12.4（上个Q预测13.4）,16.8（上个Q预测14.4）,16.8（上个Q预测15.2）,18.3,19.5,,112.5,,,,158.7,,,0.0041
鹏鼎控股,A股,高速PCB/CCL,PCB,002938.SZ,消费电子与服务器PCB,高相关,2086,55.0,38.8,25.2,19.0,37.4,53.8,82.7,110.0,0.032,0.439,0.537,0.331,2026-09-07,8.0,2.3,-3.5,-11.4,20.6,68.8,"report_rc中位数(2025:实际,2026:10,2027:10,2028:9)",OK,,4.6（上个Q预测7.0）,8.2（上个Q预测11.2）,8.2（上个Q预测10.7）,19.2,21.7,,85.8,,,,119.7,,,0.0111
生益电子,A股,高速PCB/CCL,PCB,688183.SH,高速多层PCB,高相关,1113,54.2,38.4,24.6,16.9,14.7,29.0,45.2,65.9,3.438,0.969,0.559,0.457,2026-09-07,12.2,29.9,29.3,7.5,14.7,85.2,"report_rc中位数(2025:实际,2026:1,2027:1,2028:1)",OK,,4.4（上个Q预测3.9）,6.7（上个Q预测5.7）,6.7（上个Q预测5.9）,11.1,6.8,,49.8,,,0.1,65.1,0.4,0.2,0.0067
景旺电子,A股,高速PCB/CCL,PCB,603228.SH,通信与服务器PCB,高相关,1061,89.7,43.5,23.1,15.4,12.3,24.4,46.0,69.0,0.053,0.983,0.883,0.501,2026-09-07,10.0,15.6,29.1,45.0,44.5,73.7,"report_rc中位数(2025:实际,2026:4,2027:4,2028:4)",OK,,2.3（上个Q预测6.4）,3.7（上个Q预测6.4）,3.7（上个Q预测5.3）,9.4,8.9,1.3,42.2,1.2,1.2,4.3,57.0,3.9,3.7,0.0051
三环集团,A股,MLCC/被动件/结构件,MLCC/被动元件,300408.SZ,MLCC、片式电阻等被动元件,高相关,2295,69.3,45.8,27.6,22.7,26.2,50.0,83.0,101.1,0.195,0.911,0.659,0.217,2026-09-07,6.0,5.5,3.0,-9.2,40.7,168.4,"report_rc中位数(2025:实际,2026:2,2027:2,2028:1)",OK,,7.9（上个Q预测10.2）,11.4（上个Q预测9.5）,11.4（上个Q预测9.8）,16.0,14.7,16.9,22.3,22.9,20.9,20.6,27.2,27.9,25.5,0.0039
洁美科技,A股,MLCC/被动件/结构件,MLCC/电子陶瓷,002859.SZ,MLCC和电子陶瓷材料,高相关,285,110.0,69.0,44.1,34.5,2.2,4.1,6.5,8.2,0.087,0.879,0.567,0.275,2026-09-07,2.3,-2.7,-0.9,-16.5,28.6,136.6,"report_rc中位数(2025:实际,2026:4,2027:4,2028:4)",OK,,0.5（上个Q预测0.6）,0.9（上个Q预测1.4）,0.9（上个Q预测1.5）,1.8,1.0,1.0,1.9,2.3,1.3,1.3,2.4,2.9,1.6,0.0033
骏亚科技,A股,MLCC/被动件/结构件,MLCC,603386.SH,被动元件与MLCC国产替代,高相关,47,,,,,-0.1,,,,-0.955,,,,2026-09-07,4.0,6.4,21.6,-16.3,11.2,-7.4,report_rc中位数(2025:实际),OK,AG Q2预测校验：无8/7锁定值及财报前120日年度一致预期，采用2026Q1实际×2025年Q2/Q1季节性系数1.53=-0.3,-0.2,,0.1（上个Q预测-0.3）,,,,,,,,,,,
英维克,A股,液冷,数据中心温控,002837.SZ,液冷与机房温控,高相关,823,167.7,68.5,38.5,22.9,5.2,12.0,21.4,35.9,0.153,1.304,0.779,0.678,2026-09-07,0.9,17.8,5.2,-2.4,-30.6,-5.2,"report_rc中位数(2025:实际,2026:4,2027:4,2028:3)",OK,,0.1（上个Q预测1.1）,1.8（上个Q预测4.1）,1.8（上个Q预测3.6）,6.1,4.1,0.3,19.0,1.3,0.8,0.8,29.8,3.2,2.1,0.002
申菱环境,A股,液冷,液冷温控,301018.SZ,数据中心液冷与热管理,高相关,399,331.1,101.2,67.7,39.2,2.2,3.9,5.9,10.2,0.876,0.818,0.494,0.727,2026-09-07,3.5,18.8,14.4,8.5,-13.0,57.0,"report_rc中位数(2025:实际,2026:22,2027:22,2028:8)",OK,,0.3（上个Q预测1.0）,0.3（上个Q预测1.4）,0.3（上个Q预测1.1）,1.7,1.7,1.5,1.5,1.5,1.5,2.5,2.5,2.5,2.5,0.0017
高澜股份,A股,液冷,液冷,300499.SZ,服务器液冷设备,高相关,110,351.5,124.6,79.7,,0.3,0.9,1.4,,-1.564,2.1,0.562,,2026-09-07,8.8,24.0,28.4,5.1,-8.4,12.2,"report_rc中位数(2025:实际,2026:13,2027:8)",OK,AG Q2预测校验：财报前120日无可用年度预测，沿用8/7锁定单季预测,0.2（上个Q预测0.2）,0.1（上个Q预测0.2）,0.1（上个Q预测0.2）,0.3,0.3,0.3,0.3,0.3,0.3,,,,,0.0018
中国移动,A股,算力服务/IDC/云,运营商云,600941.SH,算力网络与云资源,主题映射,21409,16.2,16.5,16.1,15.3,1371.0,1294.5,1332.3,1400.7,-0.009,-0.056,0.029,0.051,2026-09-07,-1.6,1.2,4.6,3.8,2.8,-10.0,"report_rc中位数(2025:实际,2026:6,2027:6,2028:5)",OK,AG Q2预测校验：财报前120日无可用年度预测，沿用8/7锁定单季预测,293.4（上个Q预测289.2）,495.9（上个Q预测514.1）,495.9（上个Q预测514.1）,297.4,207.8,297.7,520.9,302.4,211.3,312.9,547.7,317.9,222.1,0.0223
中国电信,A股,算力服务/IDC/云,运营商云,601728.SH,IDC、云与算力服务,主题映射,5802,19.5,20.1,19.3,17.9,331.8,289.3,299.9,324.6,0.005,-0.128,0.037,0.082,2026-09-07,-0.6,-2.0,3.6,4.8,6.0,-16.4,"report_rc中位数(2025:实际,2026:4,2027:4,2028:3)",OK,AG Q2预测校验：财报前120日无可用年度预测，沿用8/7锁定单季预测,73.5（上个Q预测77.3）,122.4（上个Q预测128.0）,122.4（上个Q预测128.0）,71.3,22.2,80.1,127.9,70.1,21.8,86.7,138.4,75.9,23.6,0.0143
中国联通,A股,算力服务/IDC/云,运营商云,600050.SH,通信云与行业AI,主题映射,1319,19.1,18.1,17.0,16.0,91.3,72.8,77.5,82.5,0.011,-0.203,0.066,0.064,2026-09-07,-0.7,-0.7,-3.7,-3.4,-6.8,-27.1,"report_rc中位数(2025:实际,2026:3,2027:3,2028:3)",OK,,21.4（上个Q预测19.7）,20.0（上个Q预测31.3）,20.0（上个Q预测33.0）,24.1,7.3,1.5,74.1,1.4,0.4,2.2,77.7,2.0,0.6,0.0387
润泽科技,A股,算力服务/IDC/云,IDC,300442.SZ,数据中心基础设施,主题映射,1050,19.6,32.3,26.2,20.5,50.5,32.5,40.1,51.2,1.821,-0.356,0.233,0.275,2026-09-07,1.7,2.5,-3.5,-13.0,-27.5,12.6,"report_rc中位数(2025:实际,2026:60,2027:54,2028:11)",OK,AG Q2预测校验：财报前120日无可用年度预测，沿用8/7锁定单季预测,5.8（上个Q预测8.6）,6.2（上个Q预测9.4）,6.2（上个Q预测9.4）,13.6,6.9,10.6,11.0,12.3,6.2,13.6,14.1,15.6,7.9,0.01
宝信软件,A股,算力服务/IDC/云,工业云/IDC,600845.SH,工业软件云和数据中心,主题映射,492,37.9,30.3,25.3,24.0,13.1,16.2,19.4,20.5,-0.424,0.245,0.196,0.055,2026-09-07,-1.0,0.5,-2.9,-3.9,-24.1,-33.3,"report_rc中位数(2025:实际,2026:2,2027:2,2028:1)",OK,AG Q2预测校验：财报前120日无可用年度预测，沿用8/7锁定单季预测,3.8（上个Q预测5.5）,3.3（上个Q预测3.9）,3.3（上个Q预测3.9）,6.0,3.2,6.6,4.0,5.7,3.1,7.0,4.2,6.1,3.3,0.0134
光环新网,A股,算力服务/IDC/云,IDC/云,300383.SZ,数据中心与云服务,主题映射,219,,165.1,99.3,65.1,-7.6,1.3,2.2,3.4,-2.99,-1.175,0.662,0.526,2026-09-07,0.1,0.5,-4.1,0.3,-21.9,-26.8,"report_rc中位数(2025:实际,2026:2,2027:2,2028:2)",OK,AG Q2预测校验：财报前120日无可用年度预测，沿用8/7锁定单季预测,0.2（上个Q预测0.6）,0.4（上个Q预测1.2）,0.4（上个Q预测1.2）,0.6,0.1,0.9,0.6,0.5,0.1,1.4,0.9,0.8,0.2,0.0016
紫金矿业,A股,AI源头资源,铜/金/锂等资源,601899.SH,铜金矿资源龙头，AI电力与数据中心铜需求受益,主题映射,8740,12.9,10.6,9.2,7.8,517.8,825.2,951.0,1123.7,0.615,0.594,0.152,0.182,2026-09-07,-1.4,-4.8,3.5,13.0,-0.2,46.8,"report_rc中位数(2025:实际,2026:9,2027:9,2028:8)",OK,,200.8（上个Q预测162.0）,190.9（上个Q预测197.5）,190.9（上个Q预测201.1）,221.8,211.8,,983.2,,,,1143.4,,,0.0309
洛阳钼业,A股,AI源头资源,铜/钴/钼资源,603993.SH,铜钴钼资源平台，电气化与算力基建上游,主题映射,3930,14.1,11.9,10.7,9.3,203.4,331.5,368.5,420.3,0.503,0.63,0.111,0.141,2026-09-07,-0.6,-3.3,-5.1,-3.9,-0.6,52.4,"report_rc中位数(2025:实际,2026:10,2027:10,2028:9)",OK,,77.6（上个Q预测64.3）,83.9（上个Q预测72.0）,83.9（上个Q预测77.6）,81.7,88.3,1.6,362.1,2.3,2.5,2.3,411.4,3.2,3.5,0.0156
中国铝业,A股,AI源头资源,铝资源/电解铝,601600.SH,铝资源与电解铝龙头，电网和数据中心材料上游,主题映射,1637,9.4,6.9,7.0,7.2,126.7,235.5,233.9,228.6,0.022,0.858,-0.007,-0.023,2026-09-07,-1.3,0.4,1.7,-11.7,-18.2,16.6,"report_rc中位数(2025:实际,2026:2,2027:2,2028:2)",OK,,55.3（上个Q预测65.7）,63.4（上个Q预测57.0）,63.4（上个Q预测63.7）,79.2,37.6,7.2,215.4,7.7,3.7,0.8,226.5,0.9,0.4,0.0283
中金黄金,A股,AI源头资源,贵金属/资源,600489.SH,贵金属资源龙头，资源品配置标的,主题映射,1215,18.4,12.9,10.9,9.3,49.3,93.9,111.4,130.9,0.457,0.904,0.186,0.175,2026-09-07,-2.1,-8.0,16.4,16.6,-0.8,64.2,"report_rc中位数(2025:实际,2026:2,2027:2,2028:2)",OK,AG Q2预测校验：财报前120日无可用年度预测，沿用8/7锁定单季预测,23.8（上个Q预测19.8）,19.8（上个Q预测31.0）,19.8（上个Q预测31.0）,22.1,28.2,3.5,100.2,3.4,4.3,4.9,115.4,4.6,5.9,0.0183
赣锋锂业,A股,AI源头资源,锂资源,002460.SZ,锂资源与电池材料，储能链上游,主题映射,1024,16.0,13.2,10.8,9.3,16.1,77.8,95.1,109.9,-1.778,3.821,0.223,0.156,2026-09-07,-0.5,-12.2,-2.4,-31.3,-40.5,24.9,"report_rc中位数(2025:实际,2026:1,2027:1,2028:1)",OK,,18.4（上个Q预测19.4）,24.2（上个Q预测25.0）,24.2（上个Q预测29.5）,17.6,17.6,,112.2,,,,126.4,,,0.0031
天齐锂业,A股,AI源头资源,锂资源,002466.SZ,锂资源龙头，储能和电力系统上游,主题映射,775,16.8,10.2,8.3,6.7,4.6,75.8,93.0,115.3,-1.059,15.378,0.228,0.24,2026-09-07,-0.2,-7.8,0.1,-27.6,-37.6,3.1,"report_rc中位数(2025:实际,2026:1,2027:1,2028:1)",OK,AG Q2预测校验：8/7锁定18.7，财报前120日内2家机构最新全年预测中位数108.3×历史Q2占比25.0%=27.1；差异44.8%，AG采用近期预测，未采用report_rc Q2字段,18.8（上个Q预测18.9）,23.7（上个Q预测18.7）,23.7（上个Q预测27.1）,16.7,16.7,5.8,75.7,5.8,5.8,13.2,75.8,13.2,13.2,
华友钴业,A股,稀土资源,稀土资源,603799.SH,华友钴业，钴资源与新能源材料,主题映射,719,10.4,9.9,7.6,6.5,61.1,72.6,94.2,111.3,0.471,0.188,0.298,0.182,2026-09-07,-0.2,-5.5,-5.2,-24.4,-41.4,-19.5,"report_rc中位数(2025:实际,2026:3,2027:3,2028:3)",OK,,25.0（上个Q预测14.9）,10.1（上个Q预测20.1）,10.1（上个Q预测23.3）,16.6,20.9,0.8,91.2,1.0,1.2,0.5,109.4,0.6,0.8,0.0132
长江电力,A股,电力类,水电/绿电,600900.SH,水电运营龙头，AI数据中心长期电力底座,主题映射,6814,18.8,18.7,17.7,17.3,345.0,363.6,385.6,393.5,0.062,0.054,0.061,0.021,2026-09-07,-2.0,-1.1,-1.8,-1.5,4.2,-1.6,"report_rc中位数(2025:实际,2026:5,2027:5,2028:5)",OK,,67.6（上个Q预测54.6）,79.9（上个Q预测78.3）,79.9（上个Q预测82.5）,152.5,63.6,3.9,365.4,11.5,4.8,4.7,369.3,13.8,5.7,0.0359
中国广核,A股,电力类,核电,003816.SZ,核电运营商，稳定低碳电力供给,主题映射,2166,21.8,20.5,18.3,16.7,97.7,105.7,118.4,129.5,-0.097,0.082,0.121,0.093,2026-09-07,-1.8,10.6,6.5,-1.8,-8.9,12.6,"report_rc中位数(2025:实际,2026:7,2027:7,2028:7)",OK,AG Q2预测校验：财报前120日无可用年度预测，沿用8/7锁定单季预测,27.4（上个Q预测32.7）,33.6（上个Q预测34.1）,33.6（上个Q预测34.1）,30.7,13.9,,120.1,,,2.9,123.0,2.5,1.1,0.02
中国核电,A股,电力类,核电,601985.SH,核电运营龙头，稳定基荷电力,主题映射,1833,25.2,24.2,19.8,17.7,93.0,75.8,92.5,103.5,0.06,-0.185,0.22,0.119,2026-09-07,-1.9,1.6,0.6,-3.6,-2.0,-3.7,"report_rc中位数(2025:实际,2026:3,2027:3,2028:3)",OK,AG Q2预测校验：财报前120日无可用年度预测，沿用8/7锁定单季预测,20.6（上个Q预测25.6）,15.8（上个Q预测26.8）,15.8（上个Q预测26.8）,25.3,14.1,0.9,90.6,0.7,0.4,,103.8,,,0.0202
国投电力,A股,电力类,水电/火电,600886.SH,水火电综合运营，稳定电力资产,主题映射,1141,16.0,15.4,14.2,13.6,73.9,74.0,80.6,83.6,0.113,0.001,0.089,0.038,2026-09-07,0.0,2.2,-3.2,1.6,4.8,-3.8,"report_rc中位数(2025:实际,2026:5,2027:5,2028:5)",OK,,21.2（上个Q预测20.8）,14.2（上个Q预测17.6）,14.2（上个Q预测17.6）,29.2,9.4,0.6,79.0,0.8,0.2,0.5,82.3,0.6,0.2,0.0357
华能国际,A股,电力类,火电/综合电力,600011.SH,大型火电与综合能源运营商,主题映射,1074,9.2,9.7,8.2,7.5,144.1,110.3,131.3,142.3,0.422,-0.234,0.19,0.084,2026-09-07,-0.3,3.0,-4.2,-15.0,-1.0,-7.8,"report_rc中位数(2025:实际,2026:12,2027:12,2028:11)",OK,,44.8（上个Q预测27.6）,21.0（上个Q预测28.1）,21.0（上个Q预测27.8）,22.2,22.2,0.2,130.8,0.2,0.2,0.8,139.9,0.8,0.8,0.0585
三峡能源,A股,电力类,新能源发电,600905.SH,风光新能源运营，绿电供给侧标的,主题映射,1052,94.0,50.7,38.5,29.9,37.1,20.7,27.4,35.2,-0.392,-0.442,0.319,0.286,2026-09-07,0.0,-0.5,-4.4,-12.0,-10.2,-14.8,"report_rc中位数(2025:实际,2026:1,2027:1,2028:1)",OK,AG Q2预测校验：财报前120日无可用年度预测，沿用8/7锁定单季预测,10.4（上个Q预测8.2）,1.8（上个Q预测12.4）,1.8（上个Q预测12.4）,4.4,4.2,10.8,7.2,4.7,4.6,13.9,9.3,6.1,5.9,0.0111
国电电力,A股,电力类,火电/新能源,600795.SH,火电与新能源运营，电力需求增长受益,主题映射,942,14.5,15.5,13.0,11.8,71.6,60.9,72.4,79.7,-0.272,-0.149,0.189,0.101,2026-09-07,-1.7,2.3,8.0,5.4,7.3,9.8,"report_rc中位数(2025:实际,2026:15,2027:15,2028:13)",OK,,14.0（上个Q预测15.4）,16.2（上个Q预测16.3）,16.2（上个Q预测15.8）,27.4,3.4,,75.8,,,,82.7,,,0.0456
华电国际,A股,电力类,火电/综合电力,600027.SH,大型综合电力运营商,主题映射,560,10.6,10.8,9.2,8.1,60.7,52.0,60.8,68.8,0.064,-0.143,0.169,0.13,2026-09-07,-0.4,5.9,3.0,-5.9,-3.2,-12.0,"report_rc中位数(2025:实际,2026:6,2027:6,2028:5)",OK,,17.9（上个Q预测17.0）,13.2（上个Q预测13.6）,13.2（上个Q预测12.6）,16.4,4.6,0.4,59.8,0.5,0.1,1.5,65.2,1.6,0.5,0.0477
立讯精密,A股,非Rubin直接链/AI应用,AI终端制造,002475.SZ,AI手机/可穿戴制造,主题映射,4328,24.3,20.8,15.2,12.7,166.0,207.7,285.1,342.0,0.242,0.251,0.373,0.199,2026-09-07,3.0,4.1,-11.1,-12.3,-20.0,22.7,"report_rc中位数(2025:实际,2026:7,2027:7,2028:7)",OK,,36.6（上个Q预测38.1）,41.8（上个Q预测47.6）,41.8（上个Q预测47.0）,63.3,66.0,0.8,281.6,1.3,1.4,,356.3,,,0.0053
海康威视,A股,非Rubin直接链/AI应用,视觉AI,002415.SZ,视觉AI与物联感知,主题映射,3196,19.4,17.5,15.6,13.9,142.0,182.5,204.3,230.7,0.185,0.286,0.12,0.129,2026-09-07,0.0,2.1,-5.7,15.3,0.6,11.5,"report_rc中位数(2025:实际,2026:12,2027:12,2028:11)",OK,AG Q2预测校验：无8/7锁定值，采用财报前120日内1家机构最新2026全年预测中位数158.3×历史Q2占比25.5%=40.4；未采用report_rc Q2字段,27.8（上个Q预测26.2）,,51.1（上个Q预测40.4）,44.4,59.1,29.3,52.1,52.7,70.2,33.1,58.8,59.5,79.3,0.0373
蓝思科技,A股,非Rubin直接链/AI应用,AI终端结构件,300433.SZ,智能终端玻璃与模组,主题映射,1889,54.7,41.8,28.5,22.0,40.2,45.2,66.2,86.0,0.109,0.126,0.464,0.298,2026-09-07,1.8,-5.7,-2.3,-13.0,39.7,18.1,"report_rc中位数(2025:实际,2026:6,2027:6,2028:5)",OK,,-1.5（上个Q预测4.8）,7.3（上个Q预测10.0）,7.3（上个Q预测7.7）,23.3,16.1,1.2,56.6,4.9,3.4,1.6,73.9,6.2,4.3,0.0153
同花顺,A股,非Rubin直接链/AI应用,金融AI,300033.SZ,金融数据与AI投顾应用,主题映射,1633,44.7,34.8,31.6,29.2,32.1,47.0,51.6,55.8,0.758,0.465,0.1,0.081,2026-09-07,-2.3,0.1,-0.8,4.6,-6.2,-46.0,"report_rc中位数(2025:实际,2026:9,2027:9,2028:7)",OK,,2.6（上个Q预测11.7）,7.0（上个Q预测14.1）,7.0（上个Q预测11.6）,18.7,18.7,,51.8,,,,58.9,,,0.0171
汇川技术,A股,非Rubin直接链/AI应用,工业自动化,300124.SZ,机器人控制与工业AI,主题映射,1596,32.6,27.6,23.0,19.6,50.5,57.9,69.5,81.5,0.178,0.147,0.2,0.174,2026-09-07,-0.7,1.0,-1.0,-12.3,-4.0,-17.3,"report_rc中位数(2025:实际,2026:2,2027:2,2028:2)",OK,,10.1（上个Q预测15.2）,18.0（上个Q预测22.2）,18.0（上个Q预测19.6）,18.4,11.4,,75.9,,,,92.4,,,0.0085
金山办公,A股,非Rubin直接链/AI应用,办公AI,688111.SH,办公软件AI化,主题映射,1111,30.8,30.5,41.9,35.2,18.4,36.5,26.5,31.6,0.116,0.986,-0.273,0.191,2026-09-07,-1.4,2.7,-0.5,11.4,-3.3,-25.3,"report_rc中位数(2025:实际,2026:8,2027:8,2028:7)",OK,AG Q2预测校验：8/7锁定2.1，财报前120日内4家机构最新全年预测中位数33.1×历史Q2占比18.8%=6.2；差异195.9%，AG采用近期预测，未采用report_rc Q2字段,22.0（上个Q预测8.0）,3.2（上个Q预测2.1）,3.2（上个Q预测6.2）,4.5,6.8,0.2,25.8,0.2,0.3,0.3,30.5,0.3,0.5,0.0052
科大讯飞,A股,非Rubin直接链/AI应用,大模型/语音AI,002230.SZ,中文语音与行业大模型,主题映射,947,108.3,90.3,69.9,58.1,8.4,10.5,13.6,16.3,0.498,0.25,0.293,0.204,2026-09-07,-0.2,1.3,-0.7,-2.4,-19.8,-24.2,"report_rc中位数(2025:实际,2026:3,2027:3,2028:3)",OK,AG Q2预测校验：8/7锁定4.6，财报前120日内1家机构最新全年预测中位数11.2×历史Q2占比25.0%=2.8；差异63.6%，AG采用近期预测，未采用report_rc Q2字段,-1.7（上个Q预测2.6）,-0.3（上个Q预测4.6）,-0.3（上个Q预测2.8）,6.3,6.3,3.4,3.4,3.4,3.4,4.1,4.1,4.1,4.1,0.0025
领益智造,A股,非Rubin直接链/AI应用,AI终端组件,002600.SZ,消费电子与AI硬件组件,主题映射,1027,48.4,33.8,24.2,18.4,22.9,30.4,42.5,55.8,0.305,0.329,0.396,0.313,2026-09-07,0.2,4.7,2.0,-9.7,-9.4,-15.2,"report_rc中位数(2025:实际,2026:4,2027:4,2028:3)",OK,,3.9（上个Q预测7.5）,3.7（上个Q预测5.7）,3.7（上个Q预测5.0）,17.0,5.8,10.5,6.8,18.8,6.4,13.8,8.9,24.7,8.4,0.0031
昆仑万维,A股,非Rubin直接链/AI应用,AIGC/海外应用,300418.SZ,AI应用与内容生成,主题映射,599,170.7,84.6,250.9,74.1,-15.9,7.1,2.4,8.1,-0.001,-1.444,-0.663,2.387,2026-09-07,2.6,14.9,22.1,25.2,-6.0,11.2,"report_rc中位数(2025:实际,2026:2,2027:2,2028:2)",OK,AG Q2预测校验：8/7锁定1.4，财报前120日内5家机构最新全年预测中位数-11.2×历史Q2占比25.0%=-2.8；差异300.0%，AG采用近期预测，未采用report_rc Q2字段,-8.9（上个Q预测1.8）,19.7（上个Q预测1.4）,19.7（上个Q预测-2.8）,,,0.1,2.2,0.1,0.1,,10.9,,,
蓝色光标,A股,非Rubin直接链/AI应用,营销AI,300058.SZ,AI营销与内容生成,主题映射,511,150.5,146.9,116.3,147.8,2.2,3.5,4.4,3.5,-1.773,0.549,0.263,-0.213,2026-09-07,1.9,8.3,20.4,-0.8,-14.7,91.1,"report_rc中位数(2025:实际,2026:21,2027:14,2028:4)",OK,AG Q2预测校验：财报前120日无可用年度预测，沿用8/7锁定单季预测,1.3（上个Q预测0.9）,0.9（上个Q预测0.5）,0.9（上个Q预测0.5）,0.7,0.7,1.1,1.1,1.1,1.1,0.9,0.9,0.9,0.9,0.0007
大华股份,A股,非Rubin直接链/AI应用,机器视觉/安防AI,002236.SZ,视觉AI硬件与方案,主题映射,532,14.1,13.7,12.5,11.6,38.6,38.8,42.6,46.0,0.328,0.004,0.1,0.08,2026-09-07,-0.2,1.1,-2.7,2.1,-10.1,-13.7,"report_rc中位数(2025:实际,2026:3,2027:3,2028:3)",OK,,7.0（上个Q预测6.6）,16.9（上个Q预测18.7）,16.9（上个Q预测18.8）,11.4,3.5,,44.9,,,,51.0,,,0.0339
奥比中光,A股,非Rubin直接链/AI应用,3D视觉,688322.SH,机器人与AI终端感知,主题映射,395,361.6,143.3,82.9,51.0,1.3,2.8,4.8,7.8,-3.033,1.158,0.728,0.625,2026-09-07,3.9,3.6,4.2,-22.1,25.0,11.6,"report_rc中位数(2025:实际,2026:3,2027:3,2028:3)",OK,AG Q2预测校验：财报前120日无可用年度预测，沿用8/7锁定单季预测,0.3（上个Q预测0.5）,0.1（上个Q预测1.0）,0.1（上个Q预测1.0）,1.7,0.7,0.9,1.3,1.8,0.7,1.5,2.2,2.9,1.2,
中文在线,A股,非Rubin直接链/AI应用,AI内容,300364.SZ,数字内容和IP,主题映射,194,,2280.6,232.2,119.3,-6.7,0.1,0.8,1.6,1.762,-1.013,8.824,0.946,2026-09-07,3.5,19.5,32.7,21.4,-6.8,-25.2,"report_rc中位数(2025:实际,2026:2,2027:2,2028:2)",OK,AG Q2预测校验：财报前120日无可用年度预测，沿用8/7锁定单季预测,-0.5（上个Q预测0.0）,0.0（上个Q预测0.3）,0.0（上个Q预测0.3）,0.3,0.3,,1.2,,,,2.3,,,
拓尔思,A股,非Rubin直接链/AI应用,NLP/政企AI,300229.SZ,自然语言处理与知识图谱,主题映射,119,,129.3,223.6,,-2.9,0.9,0.5,-0.0,2.12,-1.314,-0.422,-1.075,2026-09-07,-0.9,4.0,9.7,-9.8,-22.0,-49.2,"report_rc中位数(2025:实际,2026:6,2027:5,2028:1)",OK,AG Q2预测校验：无8/7锁定值及财报前120日年度一致预期，采用2026Q1实际×2025年Q2/Q1季节性系数2.21=-1.7,-0.8（上个Q预测0.2）,,-0.9（上个Q预测-1.7）,1.3,1.3,0.1,0.1,0.1,0.1,,,,,
万兴科技,A股,非Rubin直接链/AI应用,创意软件AI,300624.SZ,AIGC创意工具,主题映射,107,,,251.8,112.1,-0.9,-0.3,0.4,1.0,-0.442,-0.715,-2.635,1.247,2026-09-07,-0.1,17.4,20.1,5.9,-13.5,-34.6,"report_rc中位数(2025:实际,2026:2,2027:2,2028:2)",OK,AG Q2预测校验：财报前120日无可用年度预测，沿用8/7锁定单季预测,-0.5（上个Q预测-0.1）,-0.2（上个Q预测0.3）,-0.2（上个Q预测0.3）,0.2,0.2,0.1,0.1,0.1,0.1,0.2,0.2,0.2,0.2,
格灵深瞳,A股,非Rubin直接链/AI应用,机器视觉,688207.SH,AI视觉算法与应用,主题映射,48,,,,,-1.9,,,,-0.119,,,,2026-09-07,7.0,3.8,10.8,2.7,26.9,4.7,report_rc中位数(2025:实际),OK,AG Q2预测校验：无8/7锁定值及财报前120日年度一致预期，采用2026Q1实际×2025年Q2/Q1季节性系数0.79=-0.3,-0.4,,-0.5（上个Q预测-0.3）,,,,,,,,,,,
贵州茅台,A股,白马成长股,高端白酒,600519.SH,高端白酒龙头，消费核心资产,主题映射,16451,20.2,19.6,18.6,17.5,823.2,838.5,884.7,939.0,-0.045,0.019,0.055,0.061,2026-09-07,-1.1,0.9,2.1,1.9,-6.3,-11.2,"report_rc中位数(2025:实际,2026:46,2027:46,2028:43)",OK,,272.4（上个Q预测273.5）,172.7（上个Q预测193.3）,172.7（上个Q预测191.4）,204.8,188.5,8.9,863.5,6.4,5.9,15.8,901.5,11.3,10.4,0.0395
美的集团,A股,白马成长股,家电制造,000333.SZ,全球家电和工业技术龙头,主题映射,6581,14.8,14.1,13.2,12.3,439.5,466.9,500.2,534.2,0.14,0.063,0.071,0.068,2026-09-07,-1.5,0.3,2.5,3.7,7.2,16.9,"report_rc中位数(2025:实际,2026:13,2027:13,2028:13)",OK,,126.7（上个Q预测132.0）,137.7（上个Q预测147.0）,137.7（上个Q预测144.6）,134.0,68.4,,519.5,,,,567.4,,,0.0488
中信证券,A股,白马成长股,券商龙头,600030.SH,头部综合券商，财富管理、投行与资管业务,主题映射,4323,10.9,10.6,9.9,8.8,300.8,409.7,438.6,488.6,0.386,0.362,0.071,0.114,2026-09-07,-1.1,1.5,-2.1,5.2,1.4,-12.7,"report_rc中位数(2025:实际,2026:11,2027:11,2028:9)",OK,,102.2（上个Q预测89.2）,131.3（上个Q预测78.9）,131.3（上个Q预测95.7）,101.7,74.6,1.3,434.0,1.9,1.4,4.5,472.7,6.5,4.8,0.0253
国泰海通,A股,白马成长股,券商龙头,601211.SH,综合券商龙头，资本市场活跃度受益,主题映射,3073,9.5,8.9,8.3,7.9,278.1,344.6,370.9,390.8,1.135,0.239,0.076,0.054,2026-09-07,-2.2,-0.9,-7.8,-1.1,8.4,-18.4,"report_rc中位数(2025:实际,2026:14,2027:14,2028:12)",OK,,63.9（上个Q预测151.7）,138.7（上个Q预测52.8）,138.7（上个Q预测42.8）,74.5,67.5,5.9,359.1,3.1,2.8,,414.9,,,0.0285
格力电器,A股,白马成长股,家电制造,000651.SZ,空调与家电龙头,主题映射,2179,7.8,7.6,7.3,6.8,290.0,288.2,300.1,319.1,-0.099,-0.006,0.041,0.063,2026-09-07,-0.2,-6.2,-3.7,1.0,1.2,-19.0,"report_rc中位数(2025:实际,2026:13,2027:13,2028:12)",OK,,60.8（上个Q预测58.7）,72.0（上个Q预测89.9）,72.0（上个Q预测89.5）,75.1,80.3,2.2,292.3,2.7,2.9,6.3,297.2,7.5,8.1,0.077
三花智控,A股,白马成长股,家电零部件,002050.SZ,热管理和制冷零部件龙头,主题映射,1536,38.4,34.3,28.6,24.0,40.6,44.8,53.8,63.9,0.311,0.103,0.2,0.187,2026-09-07,2.9,2.2,1.3,-18.5,-17.3,19.0,"report_rc中位数(2025:实际,2026:6,2027:6,2028:4)",OK,,9.3（上个Q预测10.0）,11.2（上个Q预测14.7）,11.2（上个Q预测14.1）,14.1,10.2,,57.7,,,,73.0,,,0.0109
广发证券,A股,白马成长股,券商龙头,000776.SZ,全国性综合券商,主题映射,1707,9.0,8.3,7.4,6.7,137.0,206.2,229.2,253.9,0.422,0.505,0.112,0.108,2026-09-07,-1.8,5.7,-0.4,8.6,3.4,-0.8,"report_rc中位数(2025:实际,2026:9,2027:9,2028:7)",OK,,47.1（上个Q预测41.5）,69.4（上个Q预测41.1）,69.4（上个Q预测48.5）,55.4,34.3,6.1,207.0,10.0,6.2,7.5,226.7,12.1,7.5,0.0275
海天酱油,A股,白马成长股,消费,603288.SH,消费,主题映射,2001,27.3,26.2,23.5,21.5,70.4,76.5,85.1,93.0,0.109,0.087,0.112,0.093,2026-09-07,-0.6,-4.1,-5.1,-3.7,-12.9,-16.7,"report_rc中位数(2025:实际,2026:16,2027:16,2028:15)",OK,AG Q2预测校验：无8/7锁定值，采用财报前120日内5家机构最新2026全年预测中位数77.9×历史Q2占比24.3%=18.9；未采用report_rc Q2字段,24.4（上个Q预测23.9）,,17.5（上个Q预测18.9）,15.6,19.0,,86.0,,,,93.9,,,0.0397
联讯仪器,A股,白马成长股,机械设备,688808.SH,测试测量与半导体设备,主题映射,2728,398.7,181.4,100.3,66.4,1.7,15.0,27.2,41.1,0.236,7.661,0.808,0.51,2026-09-07,7.8,17.3,23.5,27.8,207.2,,"report_rc中位数(2025:实际,2026:3,2027:3,2028:3)",OK,AG Q2预测校验：无8/7锁定值，采用财报前120日内6家机构最新2026全年预测中位数14.1×历史Q2占比25.0%=3.5；未采用report_rc Q2字段,1.2（上个Q预测3.8）,,4.5（上个Q预测3.5）,4.7,4.7,,38.8,,,,56.3,,,
比亚迪,A股,白马成长股,交运设备,002594.SZ,新能源车与智能汽车龙头,主题映射,7887,26.8,20.2,15.6,12.5,326.2,390.3,506.1,632.6,-0.19,0.196,0.297,0.25,2026-09-07,-1.0,-4.6,-6.4,-5.6,-14.8,-23.9,"report_rc中位数(2025:实际,2026:15,2027:15,2028:13)",OK,AG Q2预测校验：无8/7锁定值，采用财报前120日内8家机构最新2026全年预测中位数412.9×历史Q2占比19.5%=80.4；未采用report_rc Q2字段,40.8（上个Q预测109.5）,,82.4（上个Q预测80.4）,122.1,144.9,,506.1,,,,636.7,,,0.0041
潍柴动力,A股,白马成长股,交运设备,000338.SZ,商用车与动力系统龙头,主题映射,2380,18.3,15.8,11.8,10.1,109.3,150.4,201.0,234.9,-0.041,0.376,0.337,0.168,2026-09-07,2.6,2.0,-3.2,-1.6,-8.4,75.5,"report_rc中位数(2025:实际,2026:3,2027:3,2028:3)",OK,AG Q2预测校验：无8/7锁定值，采用财报前120日内5家机构最新2026全年预测中位数145.3×历史Q2占比26.8%=39.0；未采用report_rc Q2字段,30.9（上个Q预测37.3）,,46.2（上个Q预测39.0）,44.9,28.5,3.8,189.8,4.6,2.9,2.1,228.8,2.5,1.6,0.0266
药明康德,A股,白马成长股,医药生物,603259.SH,创新药研发与商业化,主题映射,4615,21.3,20.7,17.0,14.3,191.5,223.0,270.7,322.4,1.026,0.165,0.214,0.191,2026-09-07,-0.4,-1.7,22.9,53.7,38.6,58.3,"report_rc中位数(2025:实际,2026:33,2027:33,2028:31)",OK,AG Q2预测校验：无8/7锁定值，采用财报前120日内9家机构最新2026全年预测中位数209.7×历史Q2占比25.5%=53.5；未采用report_rc Q2字段,46.5（上个Q预测42.8）,,64.3（上个Q预测53.5）,37.2,75.0,,322.3,,,61.8,82.3,59.2,119.1,0.0136
百济神州,A股,白马成长股,医药生物,688235.SH,创新药与全球化商业布局,主题映射,3894,90.9,63.8,44.3,33.6,14.6,61.1,87.9,115.9,-1.293,3.181,0.439,0.319,2026-09-07,-2.2,-4.2,-3.3,22.5,13.7,5.8,"report_rc中位数(2025:实际,2026:2,2027:2,2028:1)",OK,AG Q2预测校验：无8/7锁定值，采用财报前120日内4家机构最新2026全年预测中位数57.3×历史Q2占比25.0%=14.3；未采用report_rc Q2字段,16.1（上个Q预测15.3）,,16.6（上个Q预测14.3）,14.2,14.2,22.0,22.0,22.0,22.0,29.0,29.0,29.0,29.0,
迈瑞医疗,A股,白马成长股,医药生物,300760.SZ,医疗器械龙头,主题映射,2050,26.1,23.8,20.9,18.2,81.4,86.1,98.3,112.6,-0.303,0.058,0.142,0.146,2026-09-07,-0.4,6.6,13.9,12.0,5.0,-31.4,"report_rc中位数(2025:实际,2026:10,2027:10,2028:9)",OK,AG Q2预测校验：无8/7锁定值，采用财报前120日内1家机构最新2026全年预测中位数83.6×历史Q2占比30.0%=25.1；未采用report_rc Q2字段,23.3（上个Q预测27.8）,,24.7（上个Q预测25.1）,31.1,7.0,1.0,96.1,1.0,0.2,3.0,106.2,2.8,0.6,0.0172
万华化学,A股,白马成长股,医药生物,600309.SH,化工新材料龙头,主题映射,2402,14.6,12.4,11.2,10.0,125.3,194.3,214.5,239.8,-0.039,0.551,0.104,0.118,2026-09-07,-1.2,4.9,3.5,7.1,-14.2,10.2,"report_rc中位数(2025:实际,2026:11,2027:11,2028:11)",OK,AG Q2预测校验：无8/7锁定值，采用财报前120日内11家机构最新2026全年预测中位数186.4×历史Q2占比24.3%=45.2；未采用report_rc Q2字段,37.2（上个Q预测47.8）,,63.5（上个Q预测45.2）,44.4,49.3,0.7,212.4,0.7,0.7,,245.4,,,0.0163
工商银行,A股,红利低波股,红利低波股,601398.SH,红利低波股,主题映射,28406,7.6,7.4,7.1,6.7,3685.6,3838.6,4009.8,4244.6,0.007,0.042,0.045,0.059,2026-09-07,-2.0,1.0,3.1,2.4,5.8,5.6,"report_rc中位数(2025:实际,2026:4,2027:4,2028:3)",OK,AG Q2预测校验：财报前120日无可用年度预测，沿用8/7锁定单季预测,869.4（上个Q预测876.5）,867.4（上个Q预测867.9）,867.4（上个Q预测867.9）,1067.4,1034.4,12.2,3968.7,14.7,14.2,35.7,4123.7,43.2,41.9,0.0389
农业银行,A股,红利低波股,红利低波股,601288.SH,红利低波股,主题映射,23834,8.0,7.8,7.4,7.0,2910.4,3069.0,3223.0,3386.7,0.032,0.054,0.05,0.051,2026-09-07,-2.2,-0.7,1.3,0.1,-2.4,-6.5,"report_rc中位数(2025:实际,2026:3,2027:3,2028:2)",OK,AG Q2预测校验：财报前120日无可用年度预测，沿用8/7锁定单季预测,751.9（上个Q预测758.5）,712.0（上个Q预测705.2）,712.0（上个Q预测705.2）,861.7,743.4,,3263.6,,,,3461.3,,,0.0366
中国人寿,A股,红利低波股,红利低波股,601628.SH,红利低波股,主题映射,10868,4.4,6.4,6.1,5.6,1540.8,1687.9,1787.8,1932.0,0.441,0.095,0.059,0.081,2026-09-07,-1.8,2.2,-3.2,7.4,5.0,-10.0,"report_rc中位数(2025:实际,2026:10,2027:10,2028:9)",OK,,195.1（上个Q预测422.0）,1149.8（上个Q预测462.2）,1149.8（上个Q预测410.6）,171.5,171.5,129.2,1400.1,129.2,129.2,152.1,1475.8,152.1,152.1,0.0223
招商银行,A股,红利低波股,红利低波股,600036.SH,红利低波股,主题映射,10358,6.8,6.7,6.5,6.2,1501.8,1544.0,1592.4,1679.6,0.012,0.028,0.031,0.055,2026-09-07,-1.5,3.8,5.3,4.4,3.7,-5.6,"report_rc中位数(2025:实际,2026:7,2027:7,2028:6)",OK,AG Q2预测校验：财报前120日无可用年度预测，沿用8/7锁定单季预测,378.5（上个Q预测383.3）,385.9（上个Q预测386.0）,385.9（上个Q预测386.0）,402.4,377.2,,1605.0,,,,1682.2,,,0.0491
中国平安,A股,红利低波股,红利低波股,601318.SH,红利低波股,主题映射,10205,6.4,6.9,6.3,5.7,1347.8,1489.3,1619.6,1782.4,0.065,0.105,0.087,0.101,2026-09-07,-3.2,2.6,5.5,4.4,-2.2,-6.9,"report_rc中位数(2025:实际,2026:12,2027:12,2028:11)",OK,Q3/Q4暂无机构单季预测，按历史季节性模型拆分；全年预测以年度预测列为准,250.2（上个Q预测431.8）,675.6（上个Q预测516.9）,675.6（上个Q预测443.5）,483.0,80.5,,1663.0,,,,1863.0,,,0.0479
中国神华,A股,红利低波股,红利低波股,601088.SH,红利低波股,主题映射,9997,18.5,16.2,15.9,15.4,528.5,616.0,629.7,650.1,-0.099,0.166,0.022,0.032,2026-09-07,-3.2,-1.7,2.8,-0.1,-4.3,18.7,"report_rc中位数(2025:实际,2026:10,2027:10,2028:9)",OK,,106.7（上个Q预测139.3）,180.5（上个Q预测143.4）,180.5（上个Q预测132.6）,168.0,160.9,,633.5,,,,686.1,,,0.0415
中国人保,A股,红利低波股,红利低波股,601319.SH,红利低波股,主题映射,3472,6.1,6.3,5.9,5.7,466.5,549.1,585.0,611.7,0.088,0.177,0.065,0.046,2026-09-07,-1.8,11.5,5.5,11.8,10.6,-10.2,"report_rc中位数(2025:实际,2026:5,2027:5,2028:4)",OK,,88.1（上个Q预测114.8）,279.3（上个Q预测169.6）,279.3（上个Q预测164.6）,122.8,58.8,4.5,570.3,6.9,3.3,,616.5,,,0.028
中国石油,A股,红利低波股,化石能源,601857.SH,油气龙头，高分红资产,主题映射,20169,11.5,10.6,11.1,10.7,1573.0,1894.2,1818.5,1877.2,-0.045,0.204,-0.04,0.032,2026-09-07,-1.3,-1.3,1.1,6.2,-9.5,25.7,"report_rc中位数(2025:实际,2026:6,2027:6,2028:6)",OK,AG Q2预测校验：无8/7锁定值及财报前120日年度一致预期，采用2026Q1实际×2025年Q2/Q1季节性系数0.79=384.0,483.3（上个Q预测563.6）,,556.0（上个Q预测384.0）,493.1,361.8,5.3,1804.9,4.8,3.5,,1889.2,,,0.0426
中国石化,A股,红利低波股,化石能源,600028.SH,炼化与石油化工龙头,主题映射,6494,18.1,15.9,14.2,12.6,318.1,409.4,458.0,514.1,-0.368,0.287,0.119,0.122,2026-09-07,-2.0,0.8,4.3,8.7,0.4,-7.7,"report_rc中位数(2025:实际,2026:5,2027:5,2028:5)",OK,AG Q2预测校验：无8/7锁定值，采用财报前120日内2家机构最新2026全年预测中位数448.2×历史Q2占比25.8%=115.8；未采用report_rc Q2字段,170.1（上个Q预测170.7）,,86.2（上个Q预测115.8）,126.1,27.1,,458.6,,,1.2,512.0,0.7,0.2,0.0373
中远海控,A股,红利低波股,交通运输,601919.SH,航运龙头，现金流与分红属性,主题映射,2443,9.1,7.0,9.5,9.5,308.7,351.1,258.0,256.0,-0.371,0.137,-0.265,-0.008,2026-09-07,-0.4,-8.2,4.5,9.8,12.4,0.3,"report_rc中位数(2025:实际,2026:5,2027:5,2028:4)",OK,AG Q2预测校验：无8/7锁定值及财报前120日年度一致预期，采用2026Q1实际×2025年Q2/Q1季节性系数0.50=29.4,58.8（上个Q预测133.0）,,75.4（上个Q预测29.4）,155.1,61.8,97.7,48.8,79.7,31.7,97.0,48.4,79.1,31.5,0.0626
