ts_code,trade_date,close,turnover_rate,turnover_rate_f,volume_ratio,pe,pe_ttm,pb,ps,ps_ttm,dv_ratio,dv_ttm,total_share,float_share,free_share,total_mv,circ_mv
600845.SH,20260605,19.32,0.6635,2.0311,,42.5004,44.6695,5.1537,5.0552,5.0069,,,287077.8802,213405.4153,69710.0479,5546344.6455,4122992.6236
600845.SH,20260604,19.31,1.2098,3.7036,1.39,42.4784,44.6464,5.151,5.0526,5.0043,3.126,1.1911,287077.8802,213405.4153,69710.0479,5543473.8667,4120858.5694
600845.SH,20260603,20.26,1.0386,3.1796,1.25,44.5682,46.8429,5.4044,5.3012,5.2505,2.9795,1.1352,287077.8802,213405.4153,69710.0479,5816197.8529,4323593.714
600845.SH,20260602,20.84,0.7846,2.4019,0.81,45.8441,48.1839,5.5591,5.4529,5.4008,2.8965,1.1036,287077.8802,213405.4153,69710.0479,5982703.0234,4447368.8549
600845.SH,20260601,20.46,0.7241,2.2167,0.62,45.0082,47.3053,5.4578,5.3535,5.3023,2.9503,1.1241,287077.8802,213405.4153,69710.0479,5873613.4289,4366274.797
600845.SH,20260529,20.15,0.9819,3.0061,0.8,44.3262,46.5885,5.3751,5.2724,5.222,2.9957,1.1414,287077.8802,213405.4153,69710.0479,5784619.286,4300119.1183
600845.SH,20260528,20.96,0.8349,2.556,0.57,46.1081,48.4613,5.5911,5.4843,5.4319,2.88,1.0973,287077.8802,213405.4153,69710.0479,6017152.369,4472977.5047
600845.SH,20260527,20.83,0.8308,2.5434,0.51,45.8221,48.1608,5.5565,5.4503,5.3982,2.8979,1.1042,287077.8802,213405.4153,69710.0479,5979832.2446,4445234.8007
600845.SH,20260526,21.16,1.4714,4.5044,0.9,46.548,48.9238,5.6445,5.5367,5.4837,2.8527,1.087,287077.8802,213405.4153,69710.0479,6074567.945,4515658.5877
600845.SH,20260525,22.01,1.6849,5.158,1.09,48.4179,50.889,5.8712,5.7591,5.704,2.7426,1.045,287077.8802,213405.4153,69710.0479,6318584.1432,4697053.1908
600845.SH,20260522,22.84,1.326,4.0593,0.86,50.2437,52.8081,6.0926,5.9762,5.9191,2.6429,1.007,287077.8802,213405.4153,69710.0479,6556858.7838,4874179.6855
600845.SH,20260521,22.55,1.9881,6.0862,1.44,49.6058,52.1376,6.0153,5.9004,5.8439,2.6769,1.02,287077.8802,213405.4153,69710.0479,6473606.1985,4812292.115
600845.SH,20260520,23.91,1.6589,5.0785,1.2,52.5975,55.282,6.3781,6.2562,6.1964,2.5246,0.9619,287077.8802,213405.4153,69710.0479,6864032.1156,5102523.4798
600845.SH,20260519,24.22,1.4922,4.568,1.15,53.2794,55.9987,6.4608,6.3373,6.2767,2.4923,0.9496,287077.8802,213405.4153,69710.0479,6953026.2584,5168679.1586
600845.SH,20260518,23.73,1.295,3.9645,1.0,52.2015,54.8658,6.33,6.2091,6.1498,2.5438,0.9692,287077.8802,213405.4153,69710.0479,6812358.0971,5064110.5051
600845.SH,20260515,23.14,1.2353,3.7818,0.89,50.9036,53.5017,6.1727,6.0547,5.9969,2.6086,0.9939,287077.8802,213405.4153,69710.0479,6642982.1478,4938201.31
600845.SH,20260514,23.72,1.226,3.7531,0.9,52.1795,54.8427,5.9616,6.2065,6.1472,2.5449,2.5449,287077.8802,213405.4153,69710.0479,6809487.3183,5061976.4509
600845.SH,20260513,24.18,1.6714,5.1166,1.09,53.1915,55.9063,6.0772,6.3269,6.2664,2.4964,2.4964,287077.8802,213405.4153,69710.0479,6941543.1432,5160142.942
600845.SH,20260512,23.69,1.0643,3.2581,0.73,52.1135,54.7733,5.9541,6.1986,6.1394,2.5481,2.5481,287077.8802,213405.4153,69710.0479,6800874.9819,5055574.2885
600845.SH,20260511,24.22,1.2776,3.9111,0.95,53.2794,55.9987,6.0873,6.3373,6.2767,2.4923,2.4923,287077.8802,213405.4153,69710.0479,6953026.2584,5168679.1586
600845.SH,20260508,24.34,1.6931,5.1832,1.44,53.5434,56.2762,6.1174,6.3687,6.3078,2.48,2.48,287077.8802,213405.4153,69710.0479,6987475.6041,5194287.8084
600845.SH,20260507,23.98,1.07,3.2756,0.95,52.7515,55.4438,6.027,6.2745,6.2145,2.5173,2.5173,287077.8802,213405.4153,69710.0479,6884127.5672,5117461.8589
600845.SH,20260506,24.0,2.5387,7.7719,3.21,52.7955,55.4901,6.032,6.2798,6.2197,2.5152,2.5152,287077.8802,213405.4153,69710.0479,6889869.1248,5121729.9672
600845.SH,20260430,22.68,0.6943,2.1255,0.76,49.8917,52.4381,5.7002,5.9344,5.8776,2.6616,2.6616,287077.8802,213405.4153,69710.0479,6510926.3229,4840034.819
600845.SH,20260429,22.84,0.7568,2.3169,0.73,50.2437,52.8081,5.7404,5.9762,5.9191,2.6429,2.6429,287077.8802,213405.4153,69710.0479,6556858.7838,4874179.6855
600845.SH,20260428,22.7,0.8183,2.5051,0.76,49.9357,52.4844,5.7053,5.9396,5.8828,2.6592,2.6592,287077.8802,213405.4153,69710.0479,6516667.8805,4844302.9273
600845.SH,20260427,22.62,0.8135,2.4905,0.77,49.7597,52.2994,5.6851,5.9187,5.8621,2.6686,2.6686,287077.8802,213405.4153,69710.0479,6493701.6501,4827230.4941
600845.SH,20260424,23.06,0.8656,2.6499,0.83,50.7277,53.3167,5.7957,6.0338,5.9761,2.6177,2.6177,287077.8802,213405.4153,69710.0479,6620015.9174,4921128.8768
600845.SH,20260423,23.27,1.2997,3.9789,1.15,51.1896,53.8023,5.8485,6.0887,6.0305,2.5941,2.5941,287077.8802,213405.4153,69710.0479,6680302.2723,4965944.014
600845.SH,20260422,23.15,1.4221,4.3535,1.49,50.9256,53.5248,5.8184,6.0573,5.9994,2.6075,2.6075,287077.8802,213405.4153,69710.0479,6645852.9266,4940335.3642
600845.SH,20260421,22.32,0.9565,2.9281,1.0,49.0998,49.0998,5.803,5.8402,5.8402,2.7045,2.7045,287077.8802,213405.4153,69710.0479,6407578.2861,4763208.8695
600845.SH,20260420,22.82,0.7178,2.1974,0.75,50.1997,50.1997,5.933,5.971,5.971,2.6452,2.6452,287077.8802,213405.4153,69710.0479,6551117.2262,4869911.5771
600845.SH,20260417,22.92,0.8115,2.4844,0.86,50.4197,50.4197,5.959,5.9972,5.9972,2.6337,2.6337,287077.8802,213405.4153,69710.0479,6579825.0142,4891252.1187
600845.SH,20260416,23.45,1.723,5.2747,2.31,51.5856,51.5856,6.0967,6.1358,6.1358,2.5742,2.5742,287077.8802,213405.4153,69710.0479,6731976.2907,5004356.9888
600845.SH,20260415,22.45,0.5668,1.7351,0.66,49.3858,49.3858,5.8368,5.8742,5.8742,2.6888,2.6888,287077.8802,213405.4153,69710.0479,6444898.4105,4790951.5735
600845.SH,20260414,22.78,0.9675,2.9618,1.15,50.1117,50.1117,5.9226,5.9605,5.9605,2.6499,2.6499,287077.8802,213405.4153,69710.0479,6539634.111,4861375.3605
600845.SH,20260413,22.44,0.7166,2.1938,0.85,49.3638,49.3638,5.8342,5.8716,5.8716,2.69,2.69,287077.8802,213405.4153,69710.0479,6442027.6317,4788817.5193
600845.SH,20260410,22.42,0.749,2.2929,0.91,49.3198,49.3198,5.829,5.8663,5.8663,2.6924,2.6924,287077.8802,213405.4153,69710.0479,6436286.0741,4784549.411
600845.SH,20260409,22.74,0.7277,2.2278,0.89,50.0237,50.0237,5.9122,5.9501,5.9501,2.6545,2.6545,287077.8802,213405.4153,69710.0479,6528150.9957,4852839.1439
600845.SH,20260408,22.97,1.1272,3.4507,1.34,50.5297,50.5297,5.972,6.0102,6.0102,2.6279,2.6279,287077.8802,213405.4153,69710.0479,6594178.9082,4901922.3894
600845.SH,20260407,21.79,0.8827,2.7024,0.76,47.9339,47.9339,5.6652,5.7015,5.7015,2.7703,2.7703,287077.8802,213405.4153,69710.0479,6255427.0096,4650103.9994
600845.SH,20260403,22.49,0.7474,2.2879,0.61,49.4738,49.4738,5.8472,5.8847,5.8847,2.684,2.684,287077.8802,213405.4153,69710.0479,6456381.5257,4799487.7901
600845.SH,20260402,22.78,0.6296,1.9274,0.52,50.1117,50.1117,5.9226,5.9605,5.9605,2.6499,2.6499,287077.8802,213405.4153,69710.0479,6539634.111,4861375.3605
600845.SH,20260401,23.18,0.7171,2.1954,0.56,50.9916,50.9916,6.0265,6.0652,6.0652,2.6041,2.6041,287077.8802,213405.4153,69710.0479,6654465.263,4946737.5267
600845.SH,20260331,23.0,1.2418,3.8014,1.05,50.5957,50.5957,5.9798,6.0181,6.0181,2.6245,2.6245,287077.8802,213405.4153,69710.0479,6602791.2446,4908324.5519
600845.SH,20260330,23.81,2.4345,7.4528,2.69,30.1716,47.7001,6.2166,5.0096,6.2478,2.5352,2.5352,287077.8802,213405.4153,69710.0479,6835324.3276,5081182.9383
600845.SH,20260327,22.1,1.1301,3.4595,1.24,28.0047,44.2744,5.7701,4.6498,5.7991,2.7314,2.7314,287077.8802,213405.4153,69710.0479,6344421.1524,4716259.6781
600845.SH,20260326,21.14,0.5582,1.7089,0.56,26.7882,42.3511,5.5195,4.4478,5.5472,2.8554,2.8554,287077.8802,213405.4153,69710.0479,6068826.3874,4511390.4794
600845.SH,20260325,21.59,1.0782,3.3007,0.96,27.3585,43.2527,5.637,4.5425,5.6653,2.7959,2.7959,287077.8802,213405.4153,69710.0479,6198011.4335,4607422.9163
600845.SH,20260324,20.69,0.7018,2.1485,0.59,26.218,41.4496,5.402,4.3532,5.4291,2.9175,2.9175,287077.8802,213405.4153,69710.0479,5939641.3413,4415358.0426
600845.SH,20260323,20.55,1.0591,3.2421,0.92,26.0406,41.1692,5.3654,4.3237,5.3924,2.9374,2.9374,287077.8802,213405.4153,69710.0479,5899450.4381,4385481.2844
600845.SH,20260320,21.69,1.1488,3.5168,0.97,27.4852,43.453,5.6631,4.5636,5.6915,2.783,2.783,287077.8802,213405.4153,69710.0479,6226719.2215,4628763.4579
600845.SH,20260319,22.63,1.0275,3.1454,0.9,28.6763,45.3362,5.9085,4.7613,5.9382,2.6674,2.6674,287077.8802,213405.4153,69710.0479,6496572.4289,4829364.5482
600845.SH,20260318,23.13,1.693,5.1828,1.72,29.3099,46.3378,6.039,4.8665,6.0694,2.6098,2.6098,287077.8802,213405.4153,69710.0479,6640111.369,4936067.2559
600845.SH,20260317,21.68,1.0385,3.1793,0.98,27.4725,43.433,5.6605,4.5615,5.6889,2.7843,2.7843,287077.8802,213405.4153,69710.0479,6223848.4427,4626629.4037
600845.SH,20260316,22.39,0.8251,2.5259,0.65,28.3722,44.8553,5.8458,4.7108,5.8752,2.696,2.696,287077.8802,213405.4153,69710.0479,6427673.7377,4778147.2486
600845.SH,20260313,22.7,1.3499,4.1326,1.17,28.765,45.4764,5.9268,4.7761,5.9566,2.6592,2.6592,287077.8802,213405.4153,69710.0479,6516667.8805,4844302.9273
600845.SH,20260312,23.8,0.7823,2.3947,0.68,30.1589,47.6801,6.214,5.0075,6.2452,2.5363,2.5363,287077.8802,213405.4153,69710.0479,6832453.5488,5079048.8841
600845.SH,20260311,24.0,0.9201,2.8168,0.81,30.4124,48.0808,6.2662,5.0496,6.2977,2.5152,2.5152,287077.8802,213405.4153,69710.0479,6889869.1248,5121729.9672
600845.SH,20260310,24.11,1.4205,4.3485,1.22,30.5518,48.3011,6.2949,5.0727,6.3266,2.5037,2.5037,287077.8802,213405.4153,69710.0479,6921447.6916,5145204.5629
600845.SH,20260309,24.02,1.8282,5.5968,1.68,30.4377,48.1208,6.2714,5.0538,6.3029,2.5131,2.5131,287077.8802,213405.4153,69710.0479,6895610.6824,5125998.0755
600845.SH,20260306,23.1,0.8378,2.5647,0.71,29.2719,46.2777,6.0312,4.8602,6.0615,2.6132,2.6132,287077.8802,213405.4153,69710.0479,6631499.0326,4929665.0934
600845.SH,20260305,22.62,0.7579,2.3203,0.55,28.6637,45.3161,5.9059,4.7592,5.9356,2.6686,2.6686,287077.8802,213405.4153,69710.0479,6493701.6501,4827230.4941
600845.SH,20260304,22.45,0.8279,2.5345,0.56,28.4482,44.9755,5.8615,4.7235,5.891,2.6888,2.6888,287077.8802,213405.4153,69710.0479,6444898.4105,4790951.5735
600845.SH,20260303,22.4,1.5736,4.8172,1.08,28.3849,44.8754,5.8484,4.7129,5.8778,2.6948,2.6948,287077.8802,213405.4153,69710.0479,6430544.5165,4780281.3027
600845.SH,20260302,23.8,1.442,4.4143,1.04,30.1589,47.6801,6.214,5.0075,6.2452,2.5363,2.5363,287077.8802,213405.4153,69710.0479,6832453.5488,5079048.8841
600845.SH,20260227,24.18,1.3287,4.0675,0.88,30.6405,48.4414,6.3132,5.0875,6.3449,2.4964,2.4964,287077.8802,213405.4153,69710.0479,6941543.1432,5160142.942
600845.SH,20260226,24.18,1.7449,5.3418,1.29,30.6405,48.4414,6.3132,5.0875,6.3449,2.4964,2.4964,287077.8802,213405.4153,69710.0479,6941543.1432,5160142.942
600845.SH,20260225,23.5,1.2868,3.9392,1.0,29.7788,47.0791,6.1356,4.9444,6.1665,2.5687,2.5687,287077.8802,213405.4153,69710.0479,6746330.1847,5015027.2596
600845.SH,20260224,24.12,1.4721,4.5065,1.2,30.5644,48.3212,6.2975,5.0748,6.3292,2.5027,2.5027,287077.8802,213405.4153,69710.0479,6924318.4704,5147338.617
600845.SH,20260213,23.91,1.118,3.4226,0.99,30.2983,47.9005,6.2427,5.0306,6.2741,2.5246,2.5246,287077.8802,213405.4153,69710.0479,6864032.1156,5102523.4798
600845.SH,20260212,24.24,1.9288,5.9048,2.23,30.7165,48.5616,6.3288,5.1001,6.3607,2.4903,2.4903,287077.8802,213405.4153,69710.0479,6958767.816,5172947.2669
600845.SH,20260211,23.35,0.932,2.8532,1.09,29.5887,46.7786,6.0965,4.9128,6.1271,2.5852,2.5852,287077.8802,213405.4153,69710.0479,6703268.5027,4983016.4473
600845.SH,20260210,23.22,0.9643,2.952,1.2,29.424,46.5181,6.0625,4.8855,6.093,2.5997,2.5997,287077.8802,213405.4153,69710.0479,6665948.3782,4955273.7433
600845.SH,20260209,23.16,1.191,3.6459,1.6,29.3479,46.3979,6.0469,4.8729,6.0773,2.6064,2.6064,287077.8802,213405.4153,69710.0479,6648723.7054,4942469.4183
600845.SH,20260206,22.18,0.6335,1.9395,0.72,28.1061,44.4346,5.791,4.6667,5.8201,2.7216,2.7216,287077.8802,213405.4153,69710.0479,6367387.3828,4733332.1114
600845.SH,20260205,22.4,0.5993,1.8347,0.55,28.3849,44.8754,5.8484,4.7129,5.8778,2.6948,2.6948,287077.8802,213405.4153,69710.0479,6430544.5165,4780281.3027
600845.SH,20260204,22.68,0.8827,2.7023,0.7,28.7397,45.4363,5.9215,4.7719,5.9513,2.6616,2.6616,287077.8802,213405.4153,69710.0479,6510926.3229,4840034.819
600845.SH,20260203,23.14,0.7263,2.2235,0.55,29.3226,46.3579,6.0416,4.8686,6.072,2.6086,2.6086,287077.8802,213405.4153,69710.0479,6642982.1478,4938201.31
600845.SH,20260202,22.63,0.8788,2.6903,0.62,28.6763,45.3362,5.9085,4.7613,5.9382,2.6674,2.6674,287077.8802,213405.4153,69710.0479,6496572.4289,4829364.5482
600845.SH,20260130,22.86,1.3221,4.0474,0.94,28.9678,45.7969,5.9685,4.8097,5.9985,2.6406,2.6406,287077.8802,213405.4153,69710.0479,6562600.3414,4878447.7938
600845.SH,20260129,23.65,1.6754,5.1289,1.3,29.9689,47.3796,6.1748,4.9759,6.2058,2.5524,2.5524,287077.8802,213405.4153,69710.0479,6789391.8667,5047038.0718
600845.SH,20260128,23.94,1.6904,5.175,1.39,30.3363,47.9606,6.2505,5.037,6.2819,2.5215,2.5215,287077.8802,213405.4153,69710.0479,6872644.452,5108925.6423
600845.SH,20260127,23.51,0.9927,3.0389,0.81,29.7914,47.0991,6.1383,4.9465,6.1691,2.5676,2.5676,287077.8802,213405.4153,69710.0479,6749200.9635,5017161.3137
600845.SH,20260126,23.95,1.3919,4.261,1.11,30.349,47.9806,6.2531,5.0391,6.2846,2.5204,2.5204,287077.8802,213405.4153,69710.0479,6875515.2308,5111059.6964
600845.SH,20260123,23.86,1.2963,3.9685,0.92,30.235,47.8003,6.2296,5.0201,6.261,2.5299,2.5299,287077.8802,213405.4153,69710.0479,6849678.2216,5091853.2091
600845.SH,20260122,23.51,1.0485,3.2099,0.63,29.7914,47.0991,6.1383,4.9465,6.1691,2.5676,2.5676,287077.8802,213405.4153,69710.0479,6749200.9635,5017161.3137
600845.SH,20260121,23.54,1.3621,4.1699,0.59,29.8295,47.1592,6.1461,4.9528,6.177,2.5643,2.5643,287077.8802,213405.4153,69710.0479,6757813.2999,5023563.4762
600845.SH,20260120,23.43,1.048,3.2083,0.38,29.6901,46.9388,6.1174,4.9297,6.1481,2.5764,2.5764,287077.8802,213405.4153,69710.0479,6726234.7331,5000088.8805
600845.SH,20260119,23.5,1.5393,4.7124,0.48,29.7788,47.0791,6.1356,4.9444,6.1665,2.5687,2.5687,287077.8802,213405.4153,69710.0479,6746330.1847,5015027.2596
600845.SH,20260116,23.89,2.036,6.2328,0.56,30.273,47.8604,6.2375,5.0264,6.2688,2.5267,2.5267,287077.8802,213405.4153,69710.0479,6858290.558,5098255.3715
600845.SH,20260115,24.66,2.3341,7.1454,0.65,31.2487,49.403,6.4385,5.1884,6.4709,2.4479,2.4479,287077.8802,213405.4153,69710.0479,7079340.5257,5262577.5413
600845.SH,20260114,24.97,4.6142,14.1255,1.64,31.6415,50.024,6.5194,5.2537,6.5522,2.4175,2.4175,287077.8802,213405.4153,69710.0479,7168334.6686,5328733.22
600845.SH,20260113,23.8,3.1197,9.5503,1.34,30.1589,47.6801,6.214,5.0075,6.2452,2.5363,2.5363,287077.8802,213405.4153,69710.0479,6832453.5488,5079048.8841
600845.SH,20260112,24.94,3.8144,11.6771,2.26,31.6035,49.9639,6.5116,5.2474,6.5443,2.4204,2.4204,287077.8802,213405.4153,69710.0479,7159722.3322,5322331.0576
600845.SH,20260109,23.73,4.345,13.3014,4.65,30.0702,47.5399,6.1957,4.9928,6.2268,2.5438,2.5438,287077.8802,213405.4153,69710.0479,6812358.0971,5064110.5051
600845.SH,20260108,22.86,2.1918,6.7099,3.89,28.9678,45.7969,5.9685,4.8097,5.9985,2.6406,2.6406,287077.8802,213405.4153,69710.0479,6562600.3414,4878447.7938
600845.SH,20260107,20.78,0.5568,1.7046,1.02,26.332,41.6299,5.4255,4.3721,5.4527,2.9049,2.9049,287077.8802,213405.4153,69710.0479,5965478.3506,4434564.5299
600845.SH,20260106,21.0,0.759,2.3235,1.35,26.6108,42.0707,5.4829,4.4184,5.5105,2.8745,2.8745,287077.8802,213405.4153,69710.0479,6028635.4842,4481513.7213
600845.SH,20260105,20.87,0.5728,1.7536,1.08,26.4461,41.8102,5.449,4.391,5.4764,2.8924,2.8924,287077.8802,213405.4153,69710.0479,5991315.3598,4453771.0173
600845.SH,20251231,20.71,0.5874,1.7982,1.25,26.2433,41.4897,5.4072,4.3574,5.4344,4.0494,2.9147,287077.8802,213405.4153,69710.0479,5945382.8989,4419626.1509
600845.SH,20251230,20.43,0.3449,1.0557,0.71,25.8885,40.9287,5.3341,4.2985,5.3609,4.1049,2.9547,287077.8802,213405.4153,69710.0479,5865001.0925,4359872.6346
600845.SH,20251229,20.52,0.4666,1.4285,0.95,26.0026,41.1091,5.3576,4.3174,5.3845,4.0869,2.9417,287077.8802,213405.4153,69710.0479,5890838.1017,4379079.122
600845.SH,20251226,20.7,0.8436,2.5833,1.98,26.2307,41.4697,5.4046,4.3553,5.4318,4.0513,2.9161,287077.8802,213374.0521,69678.6847,5942512.1201,4416842.8785
600845.SH,20251225,20.34,0.4144,1.269,0.96,25.7745,40.7484,5.3106,4.2795,5.3373,4.123,2.9677,287077.8802,213374.0521,69678.6847,5839164.0833,4340028.2197
600845.SH,20251224,20.07,0.2788,0.8536,0.55,25.4323,40.2075,5.2401,4.2227,5.2664,4.1785,3.0077,287077.8802,213374.0521,69678.6847,5761653.0556,4282417.2256
600845.SH,20251223,20.02,0.4316,1.3218,0.86,25.369,40.1074,5.227,4.2122,5.2533,4.1889,3.0152,287077.8802,213374.0521,69678.6847,5747299.1616,4271748.523
600845.SH,20251222,20.38,0.4815,1.4745,0.91,25.8252,40.8286,5.321,4.2879,5.3478,4.1149,2.9619,287077.8802,213374.0521,69678.6847,5850647.1985,4348563.1818
600845.SH,20251219,20.16,0.522,1.5984,0.91,25.5464,40.3878,5.2636,4.2417,5.2901,4.1598,2.9942,287077.8802,213374.0521,69678.6847,5787490.0648,4301620.8903
600845.SH,20251218,20.09,0.4502,1.3787,0.78,25.4577,40.2476,5.2453,4.2269,5.2717,4.1743,3.0047,287077.8802,213374.0521,69678.6847,5767394.6132,4286684.7067
600845.SH,20251217,20.03,0.6522,1.9972,1.25,25.3817,40.1274,5.2297,4.2143,5.2559,4.1868,3.0137,287077.8802,213374.0521,69678.6847,5750169.9404,4273882.2636
600845.SH,20251216,20.03,0.3985,1.2203,0.79,25.3817,40.1274,5.2297,4.2143,5.2559,4.1868,3.0137,287077.8802,213374.0521,69678.6847,5750169.9404,4273882.2636
600845.SH,20251215,20.01,0.613,1.8773,1.37,25.3563,40.0873,5.2244,4.2101,5.2507,4.191,3.0167,287077.8802,213374.0521,69678.6847,5744428.3828,4269614.7825
600845.SH,20251212,20.17,0.7391,2.2632,2.03,25.5591,40.4079,5.2662,4.2438,5.2927,4.1578,2.9928,287077.8802,213374.0521,69678.6847,5790360.8436,4303754.6309
600845.SH,20251211,20.32,0.4932,1.5103,1.3,25.7491,40.7084,5.3054,4.2753,5.332,4.1271,2.9707,287077.8802,213374.0521,69678.6847,5833422.5257,4335760.7387
600845.SH,20251210,20.68,0.361,1.1056,0.87,26.2053,41.4296,5.3994,4.3511,5.4265,4.0552,2.919,287077.8802,213374.0521,69678.6847,5936770.5625,4412575.3974
600845.SH,20251209,20.8,0.3076,0.9421,0.74,26.3574,41.67,5.4307,4.3763,5.458,4.0318,2.9021,287077.8802,213374.0521,69678.6847,5971219.9082,4438180.2837
600845.SH,20251208,20.99,0.3328,1.0192,0.78,26.5981,42.0506,5.4803,4.4163,5.5079,3.9954,2.8758,287077.8802,213374.0521,69678.6847,6025764.7054,4478721.3536
600845.SH,20251205,20.92,0.3297,1.0097,0.77,26.5094,41.9104,5.462,4.4016,5.4895,4.0087,2.8855,287077.8802,213374.0521,69678.6847,6005669.2538,4463785.1699
600845.SH,20251204,20.95,0.5646,1.7288,1.18,26.5475,41.9705,5.4699,4.4079,5.4974,4.003,2.8813,287077.8802,213374.0521,69678.6847,6014281.5902,4470186.3915
600845.SH,20251203,20.8,0.5358,1.6408,1.09,26.3574,41.67,5.4307,4.3763,5.458,4.0318,2.9021,287077.8802,213374.0521,69678.6847,5971219.9082,4438180.2837
600845.SH,20251202,21.2,0.3265,0.9999,0.64,26.8643,42.4713,5.5351,4.4605,5.563,3.9558,2.8474,287077.8802,213374.0521,69678.6847,6086051.0602,4523529.9045
600845.SH,20251201,21.43,0.3777,1.1565,0.71,27.1557,42.9321,5.5952,4.5089,5.6233,3.9133,2.8168,287077.8802,213374.0521,69678.6847,6152078.9727,4572605.9365
600845.SH,20251128,21.35,0.344,1.0535,0.57,27.0543,42.7718,5.5743,4.492,5.6023,3.928,2.8274,287077.8802,213374.0521,69678.6847,6129112.7423,4555536.0123
600845.SH,20251127,21.31,0.8146,2.4946,1.59,27.0036,42.6917,5.5639,4.4836,5.5918,3.9354,2.8327,287077.8802,213374.0521,69678.6847,6117629.6271,4547001.0503
600845.SH,20251126,21.8,0.5932,1.8165,1.17,27.6246,43.6734,5.6918,4.5867,5.7204,3.8469,2.769,287077.8802,213374.0521,69678.6847,6258297.7884,4651554.3358
600845.SH,20251125,22.14,0.4385,1.3428,0.82,28.0554,44.3545,5.7806,4.6582,5.8096,3.7878,2.7265,287077.8802,213374.0521,69678.6847,6355904.2676,4724101.5135
600845.SH,20251124,22.23,0.4686,1.4348,0.86,28.1695,44.5348,5.8041,4.6772,5.8332,3.7725,2.7154,287077.8802,213374.0521,69678.6847,6381741.2768,4743305.1782
600845.SH,20251121,22.02,0.6796,2.081,1.43,27.9033,44.1141,5.7492,4.633,5.7781,3.8085,2.7413,287077.8802,213374.0521,69678.6847,6321454.922,4698496.6272
600845.SH,20251120,22.55,0.3778,1.1569,0.8,28.575,45.1759,5.8876,4.7445,5.9172,3.719,2.6769,287077.8802,213374.0521,69678.6847,6473606.1985,4811584.8749
600845.SH,20251119,22.67,0.5813,1.7801,1.33,28.727,45.4163,5.9189,4.7698,5.9487,3.6993,2.6627,287077.8802,213374.0521,69678.6847,6508055.5441,4837189.7611
600845.SH,20251118,23.0,0.576,1.764,1.45,29.1452,46.0774,6.0051,4.8392,6.0353,3.6462,2.6245,287077.8802,213374.0521,69678.6847,6602791.2446,4907603.1983
600845.SH,20251117,22.87,0.496,1.519,1.28,28.9804,45.817,5.9712,4.8118,6.0012,3.6669,2.6394,287077.8802,213374.0521,69678.6847,6565471.1202,4879864.5715
600845.SH,20251114,22.73,0.3443,1.0542,0.88,28.803,45.5365,5.9346,4.7824,5.9644,3.6895,2.6557,287077.8802,213374.0521,69678.6847,6525280.2169,4849992.2042
600845.SH,20251113,22.85,0.3613,1.1063,0.84,28.9551,45.7769,5.9659,4.8076,5.9959,3.6701,2.6418,287077.8802,213374.0521,69678.6847,6559729.5626,4875597.0905
600845.SH,20251112,22.79,0.4076,1.2483,0.91,28.8791,45.6567,5.9503,4.795,5.9802,3.6798,2.6487,287077.8802,213374.0521,69678.6847,6542504.8898,4862794.6474
600845.SH,20251111,22.9,0.381,1.1668,0.78,29.0185,45.8771,5.979,4.8181,6.009,3.6621,2.636,287077.8802,213374.0521,69678.6847,6574083.4566,4886265.7931
600845.SH,20251110,23.0,0.4454,1.3638,0.81,29.1452,46.0774,6.0051,4.8392,6.0353,3.6462,2.6245,287077.8802,213374.0521,69678.6847,6602791.2446,4907603.1983
600845.SH,20251107,22.8,0.3661,1.121,0.58,28.8917,45.6767,5.9529,4.7971,5.9828,3.6782,2.6475,287077.8802,213374.0521,69678.6847,6545375.6686,4864928.3879
600845.SH,20251106,22.87,0.5453,1.6697,0.8,28.9804,45.817,5.9712,4.8118,6.0012,3.6669,2.6394,287077.8802,213374.0521,69678.6847,6565471.1202,4879864.5715
600845.SH,20251105,23.03,0.4991,1.5284,0.72,29.1832,46.1375,6.0129,4.8455,6.0432,3.6414,2.6211,287077.8802,213374.0521,69678.6847,6611403.581,4914004.4199
600845.SH,20251104,23.07,0.5894,1.8049,0.83,29.2339,46.2176,6.0234,4.8539,6.0537,3.6351,2.6166,287077.8802,213374.0521,69678.6847,6622886.6962,4922539.3819
600845.SH,20251103,23.3,0.7518,2.3021,1.13,29.5253,46.6784,6.0834,4.9023,6.114,3.5992,2.5907,287077.8802,213374.0521,69678.6847,6688914.6087,4971615.4139
600845.SH,20251031,22.99,0.7892,2.4168,1.29,29.1325,46.0574,6.0025,4.8371,6.0327,3.6478,2.6257,287077.8802,213374.0521,69678.6847,6599920.4658,4905469.4578
600845.SH,20251030,22.83,0.7751,2.3736,1.4,28.9298,45.7368,5.9607,4.8034,5.9907,3.6733,2.6441,287077.8802,213374.0521,69678.6847,6553988.005,4871329.6094
600845.SH,20251029,22.71,0.5482,1.6787,1.05,28.7777,45.4964,5.9294,4.7782,5.9592,3.6928,2.658,287077.8802,213374.0521,69678.6847,6519538.6593,4845724.7232
600845.SH,20251028,22.82,0.676,2.0702,1.41,28.9171,45.7168,5.9581,4.8013,5.9881,3.675,2.6452,287077.8802,213374.0521,69678.6847,6551117.2262,4869195.8689
600845.SH,20251027,22.91,0.5299,1.6226,1.13,29.0311,39.9289,6.3192,4.8203,5.6618,3.6605,2.6348,287077.8802,213374.0521,69678.6847,6576954.2354,4888399.5336
600845.SH,20251024,22.87,0.5393,1.6516,1.07,28.9804,39.8592,6.3082,4.8118,5.6519,3.6669,2.6394,287077.8802,213374.0521,69678.6847,6565471.1202,4879864.5715
600845.SH,20251023,22.93,0.469,1.4362,0.85,29.0565,39.9638,6.3247,4.8245,5.6667,3.6573,2.6325,287077.8802,213374.0521,69678.6847,6582695.793,4892667.0147
600845.SH,20251022,22.67,0.3982,1.2193,0.64,28.727,39.5106,6.253,4.7698,5.6024,3.6993,2.6627,287077.8802,213374.0521,69678.6847,6508055.5441,4837189.7611
600845.SH,20251021,22.83,0.4616,1.4136,0.61,28.9298,39.7895,6.2971,4.8034,5.642,3.6733,2.6441,287077.8802,213374.0521,69678.6847,6553988.005,4871329.6094
600845.SH,20251020,22.74,0.4785,1.4652,0.47,28.8157,39.6326,6.2723,4.7845,5.6197,3.6879,2.6545,287077.8802,213374.0521,69678.6847,6528150.9957,4852125.9448
600845.SH,20251017,22.8,0.7054,2.1601,0.66,28.8917,39.7372,6.2889,4.7971,5.6346,3.6782,2.6475,287077.8802,213374.0521,69678.6847,6545375.6686,4864928.3879
600845.SH,20251016,23.22,0.7079,2.1679,0.57,29.424,40.4692,6.4047,4.8855,5.7384,3.6116,2.5997,287077.8802,213374.0521,69678.6847,6665948.3782,4954545.4898
600845.SH,20251015,23.56,0.739,2.2631,0.59,29.8548,41.0618,6.4985,4.957,5.8224,3.5595,2.5621,287077.8802,213374.0521,69678.6847,6763554.8575,5027092.6675
600845.SH,20251014,23.45,1.1805,3.615,1.01,29.7154,40.87,6.4681,4.9339,5.7952,3.5762,2.5742,287077.8802,213374.0521,69678.6847,6731976.2907,5003621.5217
600845.SH,20251013,23.91,1.7574,5.3817,1.65,30.2983,41.6718,6.595,5.0306,5.9089,3.5074,2.5246,287077.8802,213374.0521,69678.6847,6864032.1156,5101773.5857
600845.SH,20251010,23.5,0.9477,2.9021,0.83,29.7788,40.9572,6.4819,4.9444,5.8076,3.5686,2.5687,287077.8802,213374.0521,69678.6847,6746330.1847,5014290.2244
600845.SH,20251009,23.97,1.6274,4.9834,1.58,30.3743,41.7763,6.6116,5.0433,5.9237,3.4986,2.5183,287077.8802,213374.0521,69678.6847,6881256.7884,5114576.0288
600845.SH,20250930,23.22,0.7507,2.2988,0.67,29.424,40.4692,6.4047,4.8855,5.7384,3.6116,2.5997,287077.8802,213374.0521,69678.6847,6665948.3782,4954545.4898
600845.SH,20250929,23.04,0.7479,2.2904,0.66,29.1959,40.1555,6.3551,4.8476,5.6939,3.6399,2.62,287077.8802,213374.0521,69678.6847,6614274.3598,4916138.1604
600845.SH,20250926,22.96,1.2624,3.8658,1.18,29.0945,40.016,6.333,4.8308,5.6741,3.6525,2.6291,287077.8802,213374.0521,69678.6847,6591308.1294,4899068.2362
600845.SH,20250925,23.76,1.3437,4.1147,1.23,30.1082,41.4103,6.5536,4.9991,5.8718,3.5296,2.5406,287077.8802,213374.0521,69678.6847,6820970.4336,5069767.4779
600845.SH,20250924,23.36,1.0563,3.2347,1.03,29.6014,40.7132,6.4433,4.9149,5.773,3.59,2.5841,287077.8802,213374.0521,69678.6847,6706139.2815,4984417.8571
600845.SH,20250923,22.66,1.1608,3.5548,1.24,28.7143,39.4932,6.2502,4.7677,5.6,3.7009,2.6639,287077.8802,213374.0521,69678.6847,6505184.7653,4835056.0206
600845.SH,20250922,23.09,0.8184,2.506,0.87,29.2592,40.2426,6.3688,4.8581,5.7062,3.632,2.6143,287077.8802,213374.0521,69678.6847,6628628.2538,4926806.863
600845.SH,20250919,23.24,0.9486,2.9048,0.92,29.4493,40.504,6.4102,4.8897,5.7433,3.6085,2.5974,287077.8802,213374.0521,69678.6847,6671689.9358,4958812.9708
600845.SH,20250918,23.46,1.4648,4.4856,1.57,29.7281,40.8875,6.4709,4.936,5.7977,3.5747,2.5731,287077.8802,213374.0521,69678.6847,6734847.0695,5005755.2623
600845.SH,20250917,23.72,0.7122,2.1809,0.74,30.0576,41.3406,6.5426,4.9907,5.8619,3.5355,2.5449,287077.8802,213374.0521,69678.6847,6809487.3183,5061232.5158
600845.SH,20250916,23.77,0.7551,2.3124,0.78,30.1209,41.4278,6.5564,5.0012,5.8743,3.5281,2.5395,287077.8802,213374.0521,69678.6847,6823841.2124,5071901.2184
600845.SH,20250915,23.66,0.8455,2.5892,0.87,29.9815,41.236,6.5261,4.978,5.8471,3.5445,2.5513,287077.8802,213374.0521,69678.6847,6792262.6455,5048430.0727
600845.SH,20250912,24.02,1.3831,4.2355,1.57,30.4377,41.8635,6.6254,5.0538,5.9361,3.4914,2.5131,287077.8802,213374.0521,69678.6847,6895610.6824,5125244.7314
600845.SH,20250911,23.74,0.9599,2.9396,1.02,30.0829,41.3755,6.5481,4.9949,5.8669,3.5325,2.5427,287077.8802,213374.0521,69678.6847,6815228.8759,5065499.9969
600845.SH,20250910,23.31,0.8498,2.6024,0.82,29.538,40.626,6.4295,4.9044,5.7606,3.5977,2.5896,287077.8802,213374.0521,69678.6847,6691785.3875,4973749.1545
600845.SH,20250909,23.52,0.8276,2.5343,0.69,29.8041,40.992,6.4874,4.9486,5.8125,3.5656,2.5665,287077.8802,213374.0521,69678.6847,6752071.7423,5018557.7054
600845.SH,20250908,24.01,0.845,2.5876,0.62,30.425,41.846,6.6226,5.0517,5.9336,3.4928,2.5141,287077.8802,213374.0521,69678.6847,6892739.9036,5123110.9909
600845.SH,20250905,23.65,0.9092,2.7841,0.63,29.9689,41.2186,6.5233,4.9759,5.8446,3.546,2.5524,287077.8802,213374.0521,69678.6847,6789391.8667,5046296.3322
600845.SH,20250904,23.46,1.2949,3.9655,0.8,29.7281,40.8875,6.4709,4.936,5.7977,3.5747,2.5731,287077.8802,213374.0521,69678.6847,6734847.0695,5005755.2623
600845.SH,20250903,23.82,1.3025,3.9886,0.68,30.1843,41.5149,6.5702,5.0117,5.8866,3.5207,2.5342,287077.8802,213374.0521,69678.6847,6838195.1064,5082569.921
600845.SH,20250902,24.71,1.613,4.9394,0.85,31.3121,43.066,6.8157,5.199,6.1066,3.3939,2.4429,287077.8802,213374.0521,69678.6847,7093694.4197,5272472.8274
600845.SH,20250901,25.63,1.7052,5.2216,0.86,32.4779,44.6695,7.0694,5.3925,6.3339,3.272,2.3552,287077.8802,213374.0521,69678.6847,7357806.0695,5468776.9553
600845.SH,20250829,25.32,1.3399,4.103,0.62,32.085,44.1292,6.9839,5.3273,6.2573,3.3121,2.384,287077.8802,213374.0521,69678.6847,7268811.9267,5402630.9992
600845.SH,20250828,25.89,2.1308,6.5251,1.05,32.8073,45.1226,7.1412,5.4472,6.3982,3.2392,2.3316,287077.8802,213374.0521,69678.6847,7432446.3184,5524254.2089
600845.SH,20250827,25.64,2.7917,8.5488,1.58,32.4905,44.6869,7.0722,5.3946,6.3364,3.2708,2.3543,287077.8802,213374.0521,69678.6847,7360676.8483,5470910.6958
600845.SH,20250826,25.82,1.5007,4.5955,0.81,32.7186,45.0006,7.1219,5.4325,6.3809,3.248,2.3379,287077.8802,213374.0521,69678.6847,7412350.8668,5509318.0252
600845.SH,20250825,25.8,2.2019,6.7427,1.22,32.6933,44.9658,7.1163,5.4283,6.376,3.2505,2.3397,287077.8802,213374.0521,69678.6847,7406609.3092,5505050.5442
600845.SH,20250822,25.81,2.2303,6.8298,1.45,32.706,44.9832,7.1191,5.4304,6.3784,3.2492,2.3388,287077.8802,213374.0521,69678.6847,7409480.088,5507184.2847
600845.SH,20250821,25.06,1.3743,4.2083,0.95,31.8997,43.8742,6.8225,5.2965,6.2212,3.3263,2.3943,288380.3858,213374.0521,69678.6847,7226812.4681,5347153.7456
600845.SH,20250820,25.29,1.5463,4.735,1.19,32.1924,44.2769,6.8851,5.3451,6.2783,3.296,2.3725,288380.3858,213374.0521,69678.6847,7293139.9569,5396229.7776
600845.SH,20250819,24.95,1.9001,5.8187,1.84,31.7596,43.6816,6.7925,5.2733,6.1939,3.341,2.4048,288380.3858,213374.0521,69678.6847,7195090.6257,5323682.5999
600845.SH,20250818,25.36,1.9905,6.0954,2.62,32.2815,34.4897,6.1999,5.3599,5.7174,3.2869,2.3659,288380.3858,213374.0521,69678.6847,7313326.5839,5411165.9613
600845.SH,20250815,24.49,0.8859,2.7128,1.19,31.1741,33.3065,5.9872,5.1761,5.5213,3.4037,2.45,288380.3858,213374.0521,69678.6847,7062435.6482,5225530.5359
600845.SH,20250814,24.38,0.9134,2.7971,1.22,31.0341,33.1569,5.9603,5.1528,5.4965,3.4191,2.461,288380.3858,213374.0521,69678.6847,7030713.8058,5202059.3902
600845.SH,20250813,24.72,0.8312,2.5453,1.08,31.4669,33.6193,6.0434,5.2247,5.5731,3.372,2.4272,288380.3858,213374.0521,69678.6847,7128763.137,5274606.5679
600845.SH,20250812,24.61,0.543,1.6627,0.7,31.3268,33.4697,6.0165,5.2014,5.5483,3.3871,2.438,288380.3858,213374.0521,69678.6847,7097041.2945,5251135.4222
600845.SH,20250811,24.67,0.621,1.9016,0.8,31.4032,33.5513,6.0312,5.2141,5.5618,3.3789,2.4321,288380.3858,213374.0521,69678.6847,7114344.1177,5263937.8653
600845.SH,20250808,24.44,0.8014,2.4541,1.02,31.1104,33.2385,5.9749,5.1655,5.51,3.4107,2.455,288380.3858,213374.0521,69678.6847,7048016.629,5214861.8333
600845.SH,20250807,24.87,0.9347,2.8624,1.19,31.6578,33.8233,6.0801,5.2564,5.6069,3.3517,2.4125,288380.3858,213374.0521,69678.6847,7172020.1948,5306612.6757
600845.SH,20250806,25.18,0.9444,2.892,1.15,32.0524,34.2449,6.1558,5.3219,5.6768,3.3104,2.3828,288380.3858,213374.0521,69678.6847,7261418.1144,5372758.6319
600845.SH,20250805,24.85,0.5737,1.7569,0.62,31.6323,33.7961,6.0752,5.2521,5.6024,3.3544,2.4145,288380.3858,213374.0521,69678.6847,7166252.5871,5302345.1947
600845.SH,20250804,24.94,0.6077,1.861,0.55,31.7469,33.9185,6.0972,5.2712,5.6227,3.3423,2.4058,288380.3858,213374.0521,69678.6847,7192206.8219,5321548.8594
600845.SH,20250801,24.75,0.8592,2.631,0.65,31.505,33.6601,6.0507,5.231,5.5799,3.3679,2.4242,288380.3858,213374.0521,69678.6847,7137414.5486,5281007.7895
600845.SH,20250731,24.74,0.9388,2.8748,0.71,31.4923,33.6465,6.0483,5.2289,5.5776,3.3693,2.4252,288380.3858,213374.0521,69678.6847,7134530.7447,5278874.049
600845.SH,20250730,24.86,1.1126,3.4071,0.83,31.6451,33.8097,6.0776,5.2543,5.6047,3.353,2.4135,288380.3858,213374.0521,69678.6847,7169136.391,5304478.9352
600845.SH,20250729,25.39,1.1404,3.4922,0.79,32.3197,34.5305,6.2072,5.3663,5.7242,3.2831,2.3631,288380.3858,213374.0521,69678.6847,7321977.9955,5417567.1828
600845.SH,20250728,25.6,1.4939,4.5748,1.16,32.587,34.8161,6.2585,5.4107,5.7715,3.2561,2.3438,288380.3858,213374.0521,69678.6847,7382537.8765,5462375.7338
600845.SH,20250725,25.9,1.9722,6.0393,1.85,32.9689,35.2241,6.3319,5.4741,5.8391,3.2184,2.3166,288380.3858,213374.0521,69678.6847,7469051.9922,5526387.9494
600845.SH,20250724,25.12,0.9032,2.7657,0.86,31.976,34.1633,6.1412,5.3092,5.6633,3.3183,2.3885,288380.3858,213374.0521,69678.6847,7244115.2913,5359956.1888
600845.SH,20250723,24.81,1.2284,3.7618,1.18,31.5814,33.7417,6.0654,5.2437,5.5934,3.3598,2.4184,288380.3858,213374.0521,69678.6847,7154717.3717,5293810.2326
600845.SH,20250722,24.94,1.6431,5.0316,1.57,31.7469,33.9185,6.0972,5.2712,5.6227,3.3423,2.4058,288380.3858,213374.0521,69678.6847,7192206.8219,5321548.8594
600845.SH,20250721,24.55,0.7025,2.1513,0.66,31.2505,33.3881,6.0018,5.1887,5.5348,3.3954,2.444,288380.3858,213374.0521,69678.6847,7079738.4714,5238332.9791
600845.SH,20250718,24.49,0.8394,2.5706,0.73,31.1741,33.3065,5.9872,5.1761,5.5213,3.4037,2.45,288380.3858,213374.0521,69678.6847,7062435.6482,5225530.5359
600845.SH,20250717,24.42,0.8262,2.5299,0.74,31.085,33.2113,5.97,5.1613,5.5055,3.4135,2.457,288380.3858,213374.0521,69678.6847,7042249.0212,5210594.3523
600845.SH,20250716,24.4,1.2086,3.701,1.19,31.0595,33.1841,5.9652,5.157,5.501,3.4163,2.459,288380.3858,213374.0521,69678.6847,7036481.4135,5206326.8712
600845.SH,20250715,24.38,1.65,5.0527,1.91,31.0341,33.1569,5.9603,5.1528,5.4965,3.4191,2.461,288380.3858,213374.0521,69678.6847,7030713.8058,5202059.3902
600845.SH,20250714,23.76,0.8247,2.5255,1.02,30.2448,32.3137,5.8087,5.0218,5.3567,3.5083,2.5253,288380.3858,213374.0521,69678.6847,6851917.9666,5069767.4779
600845.SH,20250711,23.85,1.205,3.6901,1.29,30.3594,32.4361,5.8307,5.0408,5.377,3.495,2.5157,288380.3858,213374.0521,69678.6847,6877872.2013,5088971.1426
600845.SH,20250710,23.42,0.7016,2.1485,0.76,29.812,31.8513,5.7256,4.9499,5.28,3.5592,2.5619,288380.3858,213374.0521,69678.6847,6753868.6354,4997220.3002
600845.SH,20250709,23.57,0.7098,2.1736,0.75,30.003,32.0553,5.7622,4.9816,5.3138,3.5366,2.5456,288380.3858,213374.0521,69678.6847,6797125.6933,5029226.408
600845.SH,20250708,23.81,0.8711,2.6675,0.97,30.3085,32.3817,5.8209,5.0323,5.368,3.5009,2.5199,288380.3858,213374.0521,69678.6847,6866336.9859,5080436.1805
600845.SH,20250707,23.45,0.575,1.7608,0.64,29.8502,31.8921,5.7329,4.9563,5.2868,3.5547,2.5586,288380.3858,213374.0521,69678.6847,6762520.047,5003621.5217
600845.SH,20250704,23.57,1.8075,5.5352,2.63,30.003,32.0553,5.7622,4.9816,5.3138,3.5366,2.5456,288380.3858,213374.0521,69678.6847,6797125.6933,5029226.408
600845.SH,20250703,23.13,0.6342,1.9422,0.88,29.4429,31.4569,5.6547,4.8886,5.2146,3.6038,2.594,288380.3858,213374.0521,69678.6847,6670238.3236,4935341.8251
600845.SH,20250702,22.98,0.8436,2.5834,1.17,29.252,31.2529,5.618,4.8569,5.1808,3.6274,2.611,288380.3858,213374.0521,69678.6847,6626981.2657,4903335.7173
600845.SH,20250701,23.4,0.6212,1.9021,0.82,29.7866,31.8241,5.7207,4.9457,5.2755,3.5623,2.5641,288380.3858,213374.0521,69678.6847,6748101.0277,4992952.8191
600845.SH,20250630,23.62,0.6168,1.8889,0.82,30.0666,32.1233,5.7745,4.9922,5.3251,3.5291,2.5402,288380.3858,213374.0521,69678.6847,6811544.7126,5039895.1106
600845.SH,20250627,23.4,0.7144,2.1876,0.92,29.7866,31.8241,5.7207,4.9457,5.2755,3.5623,2.5641,288380.3858,213374.0521,69678.6847,6748101.0277,4992952.8191
600845.SH,20250626,23.52,0.8071,2.4714,1.13,29.9393,31.9873,5.75,4.971,5.3026,3.5441,2.551,288380.3858,213374.0521,69678.6847,6782706.674,5018557.7054
600845.SH,20250625,23.66,0.8429,2.5813,1.3,30.1176,32.1777,5.7842,5.0006,5.3341,3.5231,2.5359,288380.3858,213374.0521,69678.6847,6823079.928,5048430.0727
600845.SH,20250624,23.32,0.8015,2.4545,1.35,29.6848,31.7153,5.7011,4.9288,5.2575,3.5745,2.5729,288380.3858,213374.0521,69678.6847,6725030.5969,4975882.895
600845.SH,20250623,22.91,0.5873,1.7986,1.0,29.1629,31.1577,5.6009,4.8421,5.1651,3.6384,2.6189,288380.3858,213374.0521,69678.6847,6606794.6387,4888399.5336
600845.SH,20250620,22.9,0.8591,2.6307,1.51,29.1501,31.1441,5.5984,4.84,5.1628,3.64,2.6201,288380.3858,213374.0521,69678.6847,6603910.8348,4886265.7931
600845.SH,20250619,23.28,0.4907,1.5027,0.81,29.6338,31.6609,5.6913,4.9203,5.2485,3.5806,2.5773,288380.3858,213374.0521,69678.6847,6713495.3814,4967347.9329
600845.SH,20250618,23.67,0.5051,1.5468,0.85,30.1303,32.1913,5.7867,5.0027,5.3364,3.5216,2.5349,288380.3858,213374.0521,69678.6847,6825963.7319,5050563.8132
600845.SH,20250617,23.92,0.5179,1.586,0.83,30.4485,32.5313,5.8478,5.0556,5.3928,3.4848,2.5084,288380.3858,213374.0521,69678.6847,6898058.8283,5103907.3262
600845.SH,20250616,23.8,0.5681,1.7396,0.92,30.2958,32.3681,5.8185,5.0302,5.3657,3.5024,2.521,288380.3858,213374.0521,69678.6847,6863453.182,5078302.44
600845.SH,20250613,24.0,0.7577,2.3202,1.32,30.5503,32.6401,5.8674,5.0725,5.4108,3.4732,2.5,288380.3858,213374.0521,69678.6847,6921129.2592,5120977.2504
600845.SH,20250612,24.47,0.6838,2.0939,1.14,31.1486,33.2793,5.9823,5.1718,5.5168,3.4065,2.452,288380.3858,213374.0521,69678.6847,7056668.0405,5221263.0549
600845.SH,20250611,24.76,0.4388,1.3438,0.73,31.5178,33.6737,6.0532,5.2331,5.5821,3.3666,2.4233,288380.3858,213374.0521,69678.6847,7140298.3524,5283141.53
600845.SH,20250610,24.78,0.6879,2.1064,1.27,31.5432,33.7009,6.0581,5.2374,5.5866,3.3639,2.4213,288380.3858,213374.0521,69678.6847,7146065.9601,5287409.011
600845.SH,20250609,25.19,0.5152,1.5776,0.89,32.0651,34.2585,6.1583,5.324,5.6791,3.3091,2.3819,288380.3858,213374.0521,69678.6847,7264301.9183,5374892.3724
600845.SH,20250606,25.02,0.5435,1.6643,0.91,31.8487,34.0273,6.1167,5.2881,5.6407,3.3316,2.3981,288380.3858,213374.0521,69678.6847,7215277.2527,5338618.7835
600845.SH,20250605,25.68,0.8243,2.5243,1.47,32.6889,34.9249,6.1529,5.4276,5.7895,3.246,3.246,288380.3858,213374.0521,69678.6847,7405608.3073,5479445.6579
600845.SH,20250604,25.23,0.4384,1.3425,0.81,32.1161,34.3129,6.0451,5.3325,5.6881,3.3039,3.3039,288380.3858,213374.0521,69678.6847,7275837.1337,5383427.3345
600845.SH,20250603,25.13,0.3847,1.178,0.68,31.9888,34.1769,6.0211,5.3113,5.6655,3.317,3.317,288380.3858,213374.0521,69678.6847,7246999.0952,5362089.9293
600845.SH,20250530,25.08,0.714,2.1866,1.35,31.9251,34.1089,6.0091,5.3008,5.6543,3.3236,3.3236,288380.3858,213374.0521,69678.6847,7232580.0759,5351421.2267
600845.SH,20250529,25.78,0.6115,1.8727,1.21,32.8162,35.0609,6.1769,5.4487,5.8121,3.2334,3.2334,288380.3858,213374.0521,69678.6847,7434446.3459,5500783.0631
600845.SH,20250528,25.04,0.6495,1.989,1.49,31.8742,34.0545,5.9996,5.2923,5.6453,3.3289,3.3289,288380.3858,213374.0521,69678.6847,7221044.8604,5342886.2646
600845.SH,20250527,25.49,0.3463,1.0604,0.77,32.447,34.6665,6.1074,5.3874,5.7467,3.2702,3.2702,288380.3858,213374.0521,69678.6847,7350816.034,5438904.588
600845.SH,20250526,25.71,0.5164,1.5813,1.14,32.7271,34.9657,6.1601,5.4339,5.7963,3.2422,3.2422,288380.3858,213374.0521,69678.6847,7414259.7189,5485846.8795
600845.SH,20250523,25.6,0.5223,1.5993,1.08,32.587,34.8161,6.1337,5.4107,5.7715,3.2561,3.2561,288380.3858,213374.0521,69678.6847,7382537.8765,5462375.7338
600845.SH,20250522,25.9,0.4838,1.4814,0.94,32.9689,35.2241,6.2056,5.4741,5.8391,3.2184,3.2184,288380.3858,213374.0521,69678.6847,7469051.9922,5526387.9494
600845.SH,20250521,26.14,0.3165,0.9691,0.59,33.2744,35.5505,6.2631,5.5248,5.8933,3.1889,3.1889,288380.3858,213374.0521,69678.6847,7538263.2848,5577597.7219
600845.SH,20250520,26.19,0.4122,1.2624,0.77,33.3381,35.6185,6.2751,5.5354,5.9045,3.1828,3.1828,288380.3858,213374.0521,69678.6847,7552682.3041,5588266.4245
600845.SH,20250519,26.19,0.5351,1.6389,1.04,33.3381,35.6185,6.2751,5.5354,5.9045,3.1828,3.1828,288380.3858,213360.7305,69665.3631,7552682.3041,5587917.5318
600845.SH,20250516,26.51,0.662,2.0274,1.36,33.7454,36.0537,6.3518,5.603,5.9767,3.1443,3.1443,288380.3858,213360.7305,69665.3631,7644964.0276,5656192.9656
600845.SH,20250515,26.93,0.6441,1.9726,1.4,34.28,36.6249,6.4524,5.6918,6.0714,3.0953,3.0953,288380.3858,213360.7305,69665.3631,7766083.7896,5745804.4724
600845.SH,20250514,27.14,0.4185,1.2818,0.79,34.5474,36.9105,6.5027,5.7361,6.1187,3.0714,3.0714,288380.3858,213360.7305,69665.3631,7826643.6706,5790610.2258
600845.SH,20250513,27.03,0.411,1.2587,0.68,34.4073,36.7609,6.4764,5.7129,6.0939,3.0839,3.0839,288380.3858,213360.7305,69665.3631,7794921.8282,5767140.5454
600845.SH,20250512,27.09,0.428,1.3108,0.59,34.4837,36.8425,6.4907,5.7256,6.1074,3.077,3.077,288380.3858,213360.7305,69665.3631,7812224.6513,5779942.1892
600845.SH,20250509,26.81,0.5283,1.6179,0.75,34.1273,36.4617,6.4237,5.6664,6.0443,3.1092,3.1092,288380.3858,213360.7305,69665.3631,7731478.1433,5720201.1847
600845.SH,20250508,27.3,0.5198,1.5918,0.67,34.751,37.1281,6.5411,5.77,6.1548,3.0534,3.0534,288380.3858,213360.7305,69665.3631,7872784.5323,5824747.9427
600845.SH,20250507,27.21,0.7612,2.3314,1.08,34.6365,37.0057,6.5195,5.7509,6.1345,3.0635,3.0635,288380.3858,213360.7305,69665.3631,7846830.2976,5805545.4769
600845.SH,20250506,27.28,0.7941,2.4321,1.24,34.7256,37.1009,6.5363,5.7657,6.1503,3.0556,3.0556,288380.3858,213360.7305,69665.3631,7867016.9246,5820480.728
600845.SH,20250430,26.81,0.9968,3.0529,1.82,34.1273,36.4617,6.4237,5.6664,6.0443,3.1092,3.1092,288380.3858,213360.7305,69665.3631,7731478.1433,5720201.1847
600845.SH,20250429,25.8,0.4589,1.4053,0.82,32.8416,35.0881,6.1817,5.4529,5.8166,3.2309,3.2309,288380.3858,213360.7305,69665.3631,7440213.9536,5504706.8469
600845.SH,20250428,25.81,0.8445,2.5863,1.69,32.8544,35.1017,6.1841,5.455,5.8189,3.2296,3.2296,288380.3858,213360.7305,69665.3631,7443097.7575,5506840.4542
600845.SH,20250425,26.59,0.428,1.3109,0.87,33.8472,33.8472,6.7274,5.6199,5.6199,3.1349,3.1349,288380.3858,213360.7305,69665.3631,7668034.4584,5673261.824
600845.SH,20250424,26.49,0.4773,1.4618,0.98,33.7199,33.7199,6.7021,5.5988,5.5988,3.1467,3.1467,288380.3858,213360.7305,69665.3631,7639196.4198,5651925.7509
600845.SH,20250423,26.86,0.5257,1.61,1.02,34.1909,34.1909,6.7957,5.677,5.677,3.1034,3.1034,288380.3858,213360.7305,69665.3631,7745897.1626,5730869.2212
600845.SH,20250422,26.71,0.5056,1.5486,0.92,34.0,34.0,6.7577,5.6453,5.6453,3.1208,3.1208,288380.3858,213360.7305,69665.3631,7702640.1047,5698865.1117
600845.SH,20250421,27.18,0.5582,1.7096,0.96,34.5983,34.5983,6.8767,5.7446,5.7446,3.0668,3.0668,288380.3858,213360.7305,69665.3631,7838178.886,5799144.655
600845.SH,20250418,26.79,0.3902,1.1952,0.54,34.1018,34.1018,6.778,5.6622,5.6622,3.1115,3.1115,288380.3858,213344.0167,69648.6493,7725710.5356,5715486.2074
600845.SH,20250417,26.67,0.4536,1.3895,0.51,33.9491,33.9491,6.7476,5.6368,5.6368,3.1255,3.1255,288380.3858,213344.0167,69648.6493,7691104.8893,5689884.9254
600845.SH,20250416,26.68,0.6634,2.032,0.66,33.9618,33.9618,6.7502,5.6389,5.6389,3.1243,3.1243,288380.3858,213344.0167,69648.6493,7693988.6931,5692018.3656
600845.SH,20250415,26.79,0.6799,2.0826,0.62,34.1018,34.1018,6.778,5.6622,5.6622,3.1115,3.1115,288380.3858,213344.0167,69648.6493,7725710.5356,5715486.2074
600845.SH,20250414,27.31,0.7244,2.2189,0.59,34.7638,34.7638,6.9096,5.7721,5.7721,3.0522,3.0522,288380.3858,213344.0167,69648.6493,7875668.3362,5826425.0961
600845.SH,20250411,27.46,1.0613,3.2508,0.94,34.9547,34.9547,6.9475,5.8038,5.8038,3.0356,3.0356,288380.3858,213344.0167,69648.6493,7918925.3941,5858426.6986
600845.SH,20250410,27.8,1.3196,4.0422,1.33,35.3875,35.3875,7.0335,5.8756,5.8756,2.9984,2.9984,288380.3858,213344.0167,69648.6493,8016974.7252,5930963.6643
600845.SH,20250409,27.3,1.2406,3.8002,1.07,34.751,34.751,6.907,5.77,5.77,3.0534,3.0534,288380.3858,213344.0167,69648.6493,7872784.5323,5824291.6559
600845.SH,20250408,26.15,1.1392,3.4895,1.05,33.2872,33.2872,6.6161,5.5269,5.5269,3.1876,3.1876,288380.3858,213344.0167,69648.6493,7541147.0887,5578946.0367
600845.SH,20250407,26.04,1.4005,4.2901,1.33,33.1471,33.1471,6.5882,5.5037,5.5037,3.2011,3.2011,288380.3858,213344.0167,69648.6493,7509425.2462,5555478.1949
600845.SH,20250403,28.46,0.5515,1.6892,0.53,36.2276,36.2276,7.2005,6.0151,6.0151,2.9289,2.9289,288380.3858,213344.0167,69648.6493,8207305.7799,6071770.7153
600845.SH,20250402,28.77,0.6473,1.9827,0.65,36.6222,36.6222,7.2789,6.0807,6.0807,2.8973,2.8973,288380.3858,213344.0167,69648.6493,8296703.6995,6137907.3605
600845.SH,20250401,28.66,2.0524,6.2869,2.82,36.4822,36.4822,7.2511,6.0574,6.0574,2.9085,2.9085,288380.3858,213344.0167,69648.6493,8264981.857,6114439.5186
600845.SH,20250331,30.49,0.753,2.3065,1.03,34.4321,33.6522,7.8911,6.8078,6.3467,2.7339,2.7339,288380.3858,213344.0167,69648.6493,8792717.963,6504859.0692
600845.SH,20250328,30.52,1.2524,3.8362,1.75,34.466,33.6854,7.8989,6.8145,6.353,2.7312,2.7312,288380.3858,213344.0167,69648.6493,8801369.3746,6511259.3897
600845.SH,20250327,30.04,0.4526,1.3865,0.52,33.9239,33.1556,7.7746,6.7073,6.2531,2.7749,2.7749,288380.3858,213344.0167,69648.6493,8662946.7894,6408854.2617
600845.SH,20250326,29.92,0.4363,1.3364,0.47,33.7884,33.0231,7.7436,6.6805,6.2281,2.786,2.786,288380.3858,213344.0167,69648.6493,8628341.1431,6383252.9797
600845.SH,20250325,29.95,0.748,2.2913,0.84,33.8223,33.0562,7.7514,6.6872,6.2343,2.7832,2.7832,288380.3858,213344.0167,69648.6493,8636992.5547,6389653.3002
600845.SH,20250324,30.57,0.7705,2.3601,0.89,34.5225,33.7405,7.9118,6.8257,6.3634,2.7267,2.7267,288380.3858,213344.0167,69648.6493,8815788.3939,6521926.5905
600845.SH,20250321,30.38,1.1795,3.6131,1.4,34.3079,33.5308,7.8626,6.7832,6.3238,2.7438,2.7438,288380.3858,213344.0167,69648.6493,8760996.1206,6481391.2273
600845.SH,20250320,31.41,1.1871,3.6362,1.42,35.4711,34.6677,8.1292,7.0132,6.5382,2.6538,2.6538,288380.3858,213344.0167,69648.6493,9058027.918,6701135.5645
600845.SH,20250319,32.22,0.7124,2.1823,0.76,36.3858,35.5617,8.3388,7.1941,6.7069,2.5871,2.5871,288380.3858,213344.0167,69648.6493,9291616.0305,6873944.2181
600845.SH,20250318,32.65,0.5874,1.7993,0.57,36.8714,36.0363,8.4501,7.2901,6.7964,2.553,2.553,288380.3858,213344.0167,69648.6493,9415619.5964,6965682.1453
600845.SH,20250317,32.48,0.6617,2.0269,0.61,36.6794,35.8486,8.4061,7.2521,6.761,2.5664,2.5664,288380.3858,213344.0167,69648.6493,9366594.9308,6929413.6624
600845.SH,20250314,32.87,1.079,3.3052,0.95,37.1198,36.2791,8.5071,7.3392,6.8422,2.536,2.536,288380.3858,213344.0167,69648.6493,9479063.2812,7012617.8289
600845.SH,20250313,32.43,1.1366,3.4816,0.82,36.6229,35.7935,8.3932,7.241,6.7506,2.5704,2.5704,288380.3858,213344.0167,69648.6493,9352175.9115,6918746.4616
600845.SH,20250312,33.45,1.2372,3.7896,0.92,37.7748,36.9192,8.6572,7.4687,6.9629,2.492,2.492,288380.3858,213344.0167,69648.6493,9646323.905,7136357.3586
600845.SH,20250311,33.58,1.0232,3.1343,0.78,37.9216,37.0627,8.6908,7.4977,6.9899,2.4823,2.4823,288380.3858,213344.0167,69648.6493,9683813.3552,7164092.0808
600845.SH,20250310,33.18,0.9317,2.854,0.68,37.4699,36.6212,8.5873,7.4084,6.9067,2.5123,2.5123,288380.3858,213344.0167,69648.6493,9568461.2008,7078754.4741
600845.SH,20250307,33.96,1.3222,4.0499,0.95,38.3508,37.4821,8.7892,7.5826,7.069,2.4546,2.4546,288380.3858,213344.0167,69648.6493,9793397.9018,7245162.8071
600845.SH,20250306,34.73,2.4303,7.4445,1.99,39.2203,38.332,8.9885,7.7545,7.2293,2.4001,2.4001,288380.3858,213344.0167,69648.6493,10015450.7988,7409437.7
600845.SH,20250305,32.5,1.0238,3.1361,0.8,36.702,35.8707,8.4113,7.2566,6.7651,2.5648,2.5648,288380.3858,213344.0167,69648.6493,9372362.5385,6933680.5428
600845.SH,20250304,32.26,0.8772,2.6869,0.59,36.431,35.6058,8.3492,7.203,6.7152,2.5839,2.5839,288380.3858,213344.0167,69648.6493,9303151.2459,6882477.9787
600845.SH,20250303,32.25,1.1774,3.6065,0.63,36.4197,35.5948,8.3466,7.2008,6.7131,2.5847,2.5847,288380.3858,213344.0167,69648.6493,9300267.4421,6880344.5386
600845.SH,20250228,32.69,1.4158,4.3367,0.63,36.9166,36.0804,8.4605,7.299,6.8047,2.5499,2.5499,288380.3858,213344.0167,69648.6493,9427154.8118,6974215.9059
600845.SH,20250227,34.25,1.6203,4.9632,0.74,38.6782,37.8022,8.8642,7.6473,7.1294,2.4338,2.4338,288380.3858,213344.0167,69648.6493,9877028.2137,7307032.572
600845.SH,20250226,35.66,1.2719,3.8959,0.55,40.2705,39.3585,9.2292,7.9622,7.4229,2.3375,2.3375,288380.3858,213344.0167,69648.6493,10283644.5576,7607847.6355
600845.SH,20250225,35.78,1.9332,5.9216,0.78,40.4061,39.4909,9.2602,7.989,7.4479,2.3297,2.3297,288380.3858,213344.0167,69648.6493,10318250.2039,7633448.9175
600845.SH,20250224,37.37,3.0339,9.2931,1.17,42.2016,41.2458,9.6717,8.344,7.7789,2.2306,2.2306,288380.3858,213344.0167,69648.6493,10776775.0173,7972665.9041
600845.SH,20250221,37.05,3.3666,10.3124,1.3,41.8403,40.8926,9.5889,8.2725,7.7123,2.2498,2.2498,288380.3858,213344.0167,69648.6493,10684493.2939,7904395.8187
600845.SH,20250220,33.68,1.4019,4.2941,0.49,38.0346,37.1731,8.7167,7.5201,7.0108,2.475,2.475,288380.3858,213344.0167,69648.6493,9712651.3937,7185426.4825
600845.SH,20250219,33.82,1.8698,5.7276,0.58,38.1927,37.3276,8.7529,7.5513,7.0399,2.4647,2.4647,288380.3858,213344.0167,69648.6493,9753024.6478,7215294.6448
600845.SH,20250218,33.36,2.6756,8.1956,0.91,37.6732,36.8199,8.6339,7.4486,6.9442,2.4987,2.4987,288380.3858,213344.0167,69648.6493,9620369.6703,7117156.3971
600845.SH,20250217,35.3,3.6683,11.2364,1.39,39.864,38.9611,9.136,7.8818,7.348,2.3614,2.3614,288380.3858,213344.0167,69648.6493,10179827.6187,7531043.7895
600845.SH,20250214,34.86,3.3786,10.4742,1.35,39.3671,38.4755,9.0221,7.7835,7.2564,2.3912,2.3912,288380.3858,212115.4226,68420.0552,10052940.249,7394343.6318
600845.SH,20250213,32.28,2.8368,8.7948,1.29,36.4535,35.6279,8.3544,7.2075,6.7193,2.5823,2.5823,288380.3858,212115.4226,68420.0552,9308918.8536,6847085.8415
600845.SH,20250212,33.69,3.5077,10.8746,1.94,38.0458,37.1841,8.7193,7.5223,7.0128,2.4742,2.4742,288380.3858,212115.4226,68420.0552,9715535.1976,7146168.5874
600845.SH,20250211,30.63,1.3864,4.298,0.82,34.5902,33.8068,7.9273,6.8391,6.3759,2.7214,2.7214,288380.3858,212115.4226,68420.0552,8833091.2171,6497095.3942
600845.SH,20250210,30.63,2.1637,6.7078,1.42,34.5902,33.8068,7.9273,6.8391,6.3759,2.7214,2.7214,288380.3858,212115.4226,68420.0552,8833091.2171,6497095.3942
600845.SH,20250207,30.76,2.6083,8.0861,2.15,34.737,33.9503,7.961,6.8681,6.4029,2.7099,2.7099,288380.3858,212115.4226,68420.0552,8870580.6672,6524670.3992
600845.SH,20250206,29.51,1.2913,4.0033,1.05,33.3254,32.5706,7.6375,6.589,6.1427,2.8247,2.8247,288380.3858,212115.4226,68420.0552,8510105.185,6259526.1209
600845.SH,20250205,29.5,1.594,4.9418,1.53,33.3141,32.5596,7.6349,6.5868,6.1407,2.8257,2.8257,288380.3858,212115.4226,68420.0552,8507221.3811,6257404.9667
600845.SH,20250127,28.88,0.7954,2.4659,0.82,32.614,31.8753,7.4744,6.4483,6.0116,2.8863,2.8863,288380.3858,212115.4226,68420.0552,8328425.5419,6125893.4047
600845.SH,20250124,29.49,1.3368,4.1442,1.71,33.3028,32.5485,7.6323,6.5845,6.1386,2.8266,2.8266,288380.3858,212115.4226,68420.0552,8504337.5772,6255283.8125
600845.SH,20250123,28.28,1.0503,3.2561,1.55,31.9364,31.213,7.3191,6.3144,5.8867,2.9475,2.9475,288380.3858,212115.4226,68420.0552,8155397.3104,5998624.1511
600845.SH,20250122,28.82,1.3797,4.2773,2.51,32.5462,31.809,7.4589,6.4349,5.9991,2.8923,2.8923,288380.3858,212115.4226,68420.0552,8311122.7188,6113166.4793
600845.SH,20250121,27.94,0.6367,1.9739,1.06,31.5524,30.8378,7.2311,6.2384,5.8159,2.9834,2.9834,288380.3858,212115.4226,68420.0552,8057347.9793,5926504.9074
600845.SH,20250120,27.71,0.4453,1.3805,0.72,31.2927,30.5839,7.1716,6.1871,5.7681,3.0082,3.0082,288380.3858,212115.4226,68420.0552,7991020.4905,5877718.3602
600845.SH,20250117,27.64,0.3954,1.2258,0.59,31.2136,30.5067,7.1535,6.1715,5.7535,3.0158,3.0158,288380.3858,212115.4226,68420.0552,7970833.8635,5862870.2807
600845.SH,20250116,27.66,0.5361,1.6619,0.81,31.2362,30.5287,7.1587,6.1759,5.7577,3.0136,3.0136,288380.3858,212115.4226,68420.0552,7976601.4712,5867112.5891
600845.SH,20250115,27.82,0.7324,2.2705,1.01,31.4169,30.7053,7.2001,6.2116,5.791,2.9963,2.9963,288380.3858,212115.4226,68420.0552,8022742.333,5901051.0567
600845.SH,20250114,27.9,0.8881,2.7534,1.27,31.5072,30.7936,7.2208,6.2295,5.8076,2.9877,2.9877,288380.3858,212115.4226,68420.0552,8045812.7638,5918020.2905
600845.SH,20250113,27.08,0.5433,1.6842,0.73,30.5812,29.8886,7.0086,6.0464,5.6369,3.0782,3.0782,288380.3858,212115.4226,68420.0552,7809340.8475,5744085.644
600845.SH,20250110,26.67,0.6274,1.9451,0.77,30.1182,29.4361,6.9025,5.9549,5.5516,3.1255,3.1255,288380.3858,212115.4226,68420.0552,7691104.8893,5657118.3207
600845.SH,20250109,27.14,0.5125,1.5888,0.53,30.649,29.9548,7.0241,6.0598,5.6494,3.0714,3.0714,288380.3858,212115.4226,68420.0552,7826643.6706,5756812.5694
600845.SH,20250108,27.07,1.0561,3.274,1.03,30.5699,29.8775,7.006,6.0442,5.6348,3.0793,3.0793,288380.3858,212115.4226,68420.0552,7806457.0436,5741964.4898
600845.SH,20250107,27.76,0.766,2.3746,0.69,31.3491,30.6391,7.1846,6.1983,5.7785,3.0028,3.0028,288380.3858,212115.4226,68420.0552,8005439.5098,5888324.1314
600845.SH,20250106,27.14,0.7666,2.3765,0.6,30.649,29.9548,7.0241,6.0598,5.6494,3.0714,3.0714,288380.3858,212115.4226,68420.0552,7826643.6706,5756812.5694
600845.SH,20250103,27.06,0.9581,2.9704,0.6,30.5586,29.8665,7.0034,6.042,5.6328,3.0804,3.0804,288380.3858,212115.4226,68420.0552,7803573.2397,5739843.3356
600845.SH,20250102,27.8,1.3321,4.1297,0.82,31.3943,30.6833,7.1949,6.2072,5.7868,2.9984,2.9984,288380.3858,212115.4226,68420.0552,8016974.7252,5896808.7483
600845.SH,20241231,29.26,1.2831,3.9778,0.85,33.0431,32.2947,7.5728,6.5332,6.0907,1.8981,2.8488,288380.3858,212115.4226,68420.0552,8438010.0885,6206497.2653
600845.SH,20241230,30.03,1.2041,3.7331,0.83,33.9126,33.1445,7.7721,6.7051,6.251,1.8494,2.7758,288380.3858,212115.4226,68420.0552,8660062.9856,6369826.1407
600845.SH,20241227,29.88,1.5587,4.8322,1.13,33.7432,32.979,7.7332,6.6716,6.2198,1.8587,2.7897,288380.3858,212115.4226,68420.0552,8616805.9277,6338008.8273
600845.SH,20241226,30.29,2.5839,8.0107,2.09,34.2134,33.4385,7.8349,6.7646,6.3064,1.833,2.7512,288440.9605,212115.4226,68420.0552,8736876.6935,6424976.1506
600845.SH,20241225,28.74,1.5248,4.7273,1.5,32.4627,31.7274,7.434,6.4184,5.9837,1.9319,2.8996,288440.9605,212115.4226,68420.0552,8289793.2048,6096197.2455
600845.SH,20241224,27.9,0.6808,2.1105,0.7,31.5139,30.8001,7.2167,6.2308,5.8088,1.99,2.9869,288440.9605,212115.4226,68420.0552,8047502.798,5918020.2905
600845.SH,20241223,27.8,0.8626,2.6742,0.95,31.4009,30.6897,7.1909,6.2085,5.788,1.9972,2.9976,288440.9605,212115.4226,68420.0552,8018658.7019,5896808.7483
600845.SH,20241220,28.68,1.2464,3.8642,1.53,32.3949,31.6612,7.4185,6.405,5.9712,1.9359,2.9056,288440.9605,212115.4226,68420.0552,8272486.7471,6083470.3202
600845.SH,20241219,28.86,1.8622,5.7731,3.28,32.5982,31.8599,7.4651,6.4452,6.0087,1.9238,2.8875,288440.9605,212115.4226,68420.0552,8324406.12,6121651.0962
600845.SH,20241218,27.24,0.4157,1.2887,0.65,30.7684,30.0715,7.046,6.0834,5.6714,2.0383,3.0592,288440.9605,212115.4226,68420.0552,7857131.764,5778024.1116
600845.SH,20241217,27.35,0.4427,1.3724,0.62,30.8926,30.1929,7.0745,6.108,5.6943,2.0301,3.0469,288440.9605,212115.4226,68420.0552,7888860.2697,5801356.8081
600845.SH,20241216,27.27,0.5791,1.7953,0.82,30.8023,30.1046,7.0538,6.0901,5.6777,2.036,3.0559,288440.9605,212115.4226,68420.0552,7865784.9928,5784387.5743
600845.SH,20241213,27.68,0.7859,2.4364,1.19,31.2654,30.5572,7.1598,6.1817,5.763,2.0059,3.0106,288440.9605,212115.4226,68420.0552,7984045.7866,5871354.8976
600845.SH,20241212,28.28,0.6129,1.9,1.01,31.9431,31.2196,7.315,6.3157,5.8879,1.9633,2.9467,288440.9605,212115.4226,68420.0552,8157110.3629,5998624.1511
600845.SH,20241211,28.3,0.7872,2.4403,1.38,31.9657,31.2417,7.3202,6.3202,5.8921,1.9619,2.9446,288440.9605,212115.4226,68420.0552,8162879.1822,6002866.4596
600845.SH,20241210,27.85,0.8006,2.4819,1.53,31.4574,30.7449,7.2038,6.2197,5.7984,1.9936,2.9922,288440.9605,212115.4226,68420.0552,8033080.7499,5907414.5194
600845.SH,20241209,27.74,0.5405,1.6756,0.97,31.3331,30.6235,7.1754,6.1951,5.7755,2.0015,3.0041,288440.9605,212115.4226,68420.0552,8001352.2443,5884081.8229
600845.SH,20241206,27.94,0.571,1.7703,1.0,31.559,30.8443,7.2271,6.2398,5.8172,1.9872,2.9826,288440.9605,212115.4226,68420.0552,8059040.4364,5926504.9074
600845.SH,20241205,27.75,0.3469,1.0756,0.57,31.3444,30.6345,7.1779,6.1973,5.7776,2.0008,3.003,288440.9605,212115.4226,68420.0552,8004236.6539,5886202.9772
600845.SH,20241204,27.65,0.593,1.8383,0.96,31.2315,30.5241,7.1521,6.175,5.7568,2.008,3.0139,288440.9605,212115.4226,68420.0552,7975392.5578,5864991.4349
600845.SH,20241203,28.1,0.5636,1.7474,0.85,31.7398,31.0209,7.2685,6.2755,5.8505,1.9759,2.9656,288440.9605,212115.4226,68420.0552,8105190.9901,5960443.3751
600845.SH,20241202,28.31,0.7241,2.245,1.02,31.977,31.2527,7.3228,6.3224,5.8942,1.9612,2.9436,288440.9605,212115.4226,68420.0552,8165763.5918,6004987.6138
600845.SH,20241129,28.02,0.6412,1.988,0.73,31.6494,30.9326,7.2478,6.2576,5.8338,1.9815,2.9741,288440.9605,212115.4226,68420.0552,8082115.7132,5943474.1413
600845.SH,20241128,27.66,0.5407,1.6762,0.6,31.2428,30.5351,7.1547,6.1772,5.7589,2.0073,3.0128,288440.9605,212115.4226,68420.0552,7978276.9674,5867112.5891
600845.SH,20241127,27.96,0.6255,1.9391,0.67,31.5816,30.8663,7.2323,6.2442,5.8213,1.9858,2.9804,288440.9605,212115.4226,68420.0552,8064809.2556,5930747.2159
600845.SH,20241126,27.38,0.7945,2.4631,0.85,30.9265,30.226,7.0822,6.1147,5.7006,2.0278,3.0436,288440.9605,212115.4226,68420.0552,7897513.4985,5807720.2708
600845.SH,20241125,27.95,0.9321,2.8897,0.96,31.5703,30.8553,7.2297,6.242,5.8192,1.9865,2.9815,288440.9605,212115.4226,68420.0552,8061924.846,5928626.0617
600845.SH,20241122,28.3,1.5099,4.681,1.72,31.9657,31.2417,7.3202,6.3202,5.8921,1.9619,2.9446,288440.9605,212115.4226,68420.0552,8162879.1822,6002866.4596
600845.SH,20241121,28.13,0.6661,2.0652,0.68,31.7737,31.054,7.2762,6.2822,5.8567,1.9738,2.9624,288440.9605,212115.4226,68420.0552,8113844.2189,5966806.8377
600845.SH,20241120,28.07,0.7594,2.3541,0.7,31.7059,30.9878,7.2607,6.2688,5.8442,1.978,2.9688,288440.9605,212115.4226,68420.0552,8096537.7612,5954079.9124
600845.SH,20241119,28.01,0.8234,2.5527,0.62,31.6381,30.9215,7.2452,6.2554,5.8317,1.9822,2.9751,288440.9605,212115.4226,68420.0552,8079231.3036,5941352.987
600845.SH,20241118,27.81,1.0882,3.3737,0.67,31.4122,30.7007,7.1935,6.2107,5.7901,1.9965,2.9965,288440.9605,212115.4226,68420.0552,8021543.1115,5898929.9025
600845.SH,20241115,28.65,1.0479,3.2488,0.55,32.361,31.6281,7.4107,6.3983,5.965,1.9379,2.9087,288440.9605,212115.4226,68420.0552,8263833.5183,6077106.8575
600845.SH,20241114,29.0,1.2125,3.7589,0.61,32.7563,32.0144,7.5013,6.4765,6.0379,1.9146,2.8736,288440.9605,212115.4226,68420.0552,8364787.8545,6151347.2554
600845.SH,20241113,30.02,1.2229,3.7911,0.59,33.9085,33.1405,7.7651,6.7043,6.2502,1.8495,2.7759,288440.9605,212115.4226,68420.0552,8658997.6342,6367704.9865
600845.SH,20241112,29.89,2.0942,6.4926,1.06,33.7616,32.9969,7.7315,6.6752,6.2231,1.8575,2.788,288440.9605,212115.4226,68420.0552,8621500.3093,6340129.9815
600845.SH,20241111,30.51,2.5469,7.8959,1.47,34.4619,33.6814,7.8919,6.8137,6.3522,1.8198,2.7313,288440.9605,212115.4226,68420.0552,8800333.7049,6471641.5435
600845.SH,20241108,29.56,2.4735,7.6683,1.68,33.3889,32.6326,7.6461,6.6015,6.1544,1.8783,2.8191,288440.9605,212115.4226,68420.0552,8526314.7924,6270131.8921
600845.SH,20241107,28.54,1.5986,4.956,1.1,32.2368,31.5066,7.3823,6.3737,5.9421,1.9454,2.9199,288440.9605,212115.4226,68420.0552,8232105.0127,6053774.161
600845.SH,20241106,27.68,1.566,4.8548,0.98,31.2654,30.5572,7.1598,6.1817,5.763,2.0059,3.0106,288440.9605,212115.4226,68420.0552,7984045.7866,5871354.8976
600845.SH,20241105,27.53,1.6654,5.1631,1.16,31.0959,30.3916,7.121,6.1482,5.7318,2.0168,3.027,288440.9605,212115.4226,68420.0552,7940779.6426,5839537.5842
600845.SH,20241104,26.81,1.3848,4.293,1.04,30.2827,29.5968,6.9348,5.9874,5.5819,2.0709,3.1083,288440.9605,212115.4226,68420.0552,7733102.151,5686814.4799
600845.SH,20241101,27.11,1.1577,3.5892,0.9,30.6215,29.928,7.0124,6.0544,5.6443,2.048,3.0739,288440.9605,212115.4226,68420.0552,7819634.4392,5750449.1067
600845.SH,20241031,26.88,1.5243,4.7256,1.34,30.3617,29.6741,6.9529,6.003,5.5965,2.0656,3.1002,288440.9605,212115.4226,68420.0552,7753293.0182,5701662.5595
600845.SH,20241030,27.19,2.2626,7.0146,2.58,30.7119,30.0163,7.0331,6.0723,5.661,2.042,3.0649,288440.9605,212115.4226,68420.0552,7842709.716,5767418.3405
600845.SH,20241029,28.75,0.8478,2.6285,0.94,32.474,30.4568,7.9108,6.4206,5.9312,1.9312,2.8986,288440.9605,212115.4226,68420.0552,8292677.6144,6098318.3998
600845.SH,20241028,29.08,0.8346,2.5875,0.79,32.8467,30.8064,8.0016,6.4943,5.9993,1.9093,2.8657,288440.9605,212115.4226,68420.0552,8387863.1313,6168316.4892
600845.SH,20241025,28.9,0.9281,2.8771,0.76,32.6434,30.6157,7.952,6.4541,5.9622,1.9212,2.8835,288440.9605,212115.4226,68420.0552,8335943.7585,6130135.7131
600845.SH,20241024,28.66,0.807,2.502,0.62,32.3723,30.3615,7.886,6.4005,5.9127,1.9373,2.9077,288440.9605,212115.4226,68420.0552,8266717.9279,6079228.0117
600845.SH,20241023,29.28,0.9738,3.019,0.71,33.0726,31.0183,8.0566,6.539,6.0406,1.8962,2.8461,288440.9605,212115.4226,68420.0552,8445551.3234,6210739.5737
600845.SH,20241022,29.16,0.9595,2.9747,0.62,32.9371,30.8912,8.0236,6.5122,6.0158,1.9041,2.8578,288440.9605,212115.4226,68420.0552,8410938.4082,6185285.723
600845.SH,20241021,29.29,1.6041,4.9731,1.04,33.0839,31.0289,8.0594,6.5412,6.0426,1.8956,2.8451,288440.9605,212115.4226,68420.0552,8448435.733,6212860.728
600845.SH,20241018,28.53,1.7812,5.5221,1.22,32.2255,30.2238,7.8502,6.3715,5.8858,1.9461,2.9209,288440.9605,212115.4226,68420.0552,8229220.6031,6051653.0068
600845.SH,20241017,27.94,1.2241,3.795,0.83,31.559,29.5987,7.6879,6.2398,5.7641,1.9872,2.9826,288440.9605,212115.4226,68420.0552,8059040.4364,5926504.9074
600845.SH,20241016,27.78,1.2937,4.0109,0.78,31.3783,29.4292,7.6439,6.204,5.7311,1.9986,2.9998,288440.9605,212115.4226,68420.0552,8012889.8827,5892566.4398
600845.SH,20241015,28.51,1.7899,5.5491,0.92,32.2029,30.2026,7.8447,6.367,5.8817,1.9475,2.923,288440.9605,212115.4226,68420.0552,8223451.7839,6047410.6983
600845.SH,20241014,29.87,1.618,5.016,0.77,33.739,31.6433,8.2189,6.6708,6.1623,1.8588,2.7899,288440.9605,212115.4226,68420.0552,8615731.4901,6335887.6731
600845.SH,20241011,30.02,1.3799,4.278,0.66,33.9085,31.8022,8.2602,6.7043,6.1932,1.8495,2.7759,288440.9605,212115.4226,68420.0552,8658997.6342,6367704.9865
600845.SH,20241010,31.84,1.2758,3.9554,0.61,35.9642,33.7303,8.761,7.1107,6.5687,1.7438,2.6173,288440.9605,212115.4226,68420.0552,9183960.1823,6753755.0556
600845.SH,20241009,31.5,2.1969,6.8109,1.15,35.5802,33.3701,8.6675,7.0348,6.4986,1.7626,2.6455,288440.9605,212115.4226,68420.0552,9085890.2558,6681635.8119
600845.SH,20241008,34.92,3.2347,10.0282,2.33,39.4432,36.9931,9.6085,7.7986,7.2041,1.59,2.3864,288440.9605,212115.4226,68420.0552,10072358.3407,7407070.5572
600845.SH,20240930,32.99,2.4223,7.5096,2.46,37.2632,34.9485,9.0774,7.3676,6.806,1.683,2.526,288440.9605,212115.4226,68420.0552,9515667.2869,6997687.7916
600845.SH,20240927,30.3,1.3458,4.1722,1.72,34.2247,32.0988,8.3373,6.7668,6.251,1.8324,2.7503,288440.9605,212115.4226,68420.0552,8739761.1032,6427097.3048
600845.SH,20240926,28.48,1.2966,4.0196,2.17,32.169,30.1708,7.8365,6.3603,5.8755,1.9495,2.926,288440.9605,212115.4226,68420.0552,8214798.555,6041047.2356
600845.SH,20240925,28.47,1.2116,3.756,3.08,32.1577,30.1602,7.8337,6.3581,5.8735,1.9502,2.9271,288440.9605,212115.4226,68420.0552,8211914.1454,6038926.0814
600845.SH,20240924,28.85,0.6678,2.0703,2.3,32.5869,30.5628,7.9383,6.443,5.9519,1.9245,2.8885,288440.9605,212115.4226,68420.0552,8321521.7104,6119529.942
600845.SH,20240923,28.29,0.3925,1.2167,1.62,31.9544,29.9695,7.7842,6.3179,5.8363,1.9626,2.9457,288440.9605,212115.4226,68420.0552,8159994.7725,6000745.3054
600845.SH,20240920,28.51,0.3368,1.0441,1.57,32.2029,30.2026,7.8447,6.367,5.8817,1.9475,2.923,288440.9605,212115.4226,68420.0552,8223451.7839,6047410.6983
600845.SH,20240919,28.9,0.379,1.1749,2.1,32.6434,30.6157,7.952,6.4541,5.9622,1.9212,2.8835,288440.9605,212115.4226,68420.0552,8335943.7585,6130135.7131
600845.SH,20240918,29.37,0.1919,0.5949,0.96,33.1743,31.1136,8.0814,6.5591,6.0591,1.8904,2.8374,288440.9605,212115.4226,68420.0552,8471511.0099,6229829.9618
600845.SH,20240913,29.19,0.1517,0.4702,0.71,32.971,30.9229,8.0318,6.5189,6.022,1.9021,2.8549,288440.9605,212115.4226,68420.0552,8419591.637,6191649.1857
600845.SH,20240912,29.68,0.1513,0.469,0.64,33.5244,31.442,8.1667,6.6283,6.1231,1.8707,2.8077,288440.9605,212115.4226,68420.0552,8560927.7076,6295585.7428
600845.SH,20240911,29.67,0.1963,0.6086,0.78,33.5131,31.4314,8.1639,6.6261,6.121,1.8713,2.8087,288440.9605,212115.4226,68420.0552,8558043.298,6293464.5885
600845.SH,20240910,29.29,0.2113,0.6552,0.78,33.0839,31.0289,8.0594,6.5412,6.0426,1.8956,2.8451,288440.9605,212115.4226,68420.0552,8448435.733,6212860.728
600845.SH,20240909,29.06,0.2845,0.8821,1.06,32.8241,30.7852,7.9961,6.4899,5.9952,1.9106,2.8676,288440.9605,212115.4226,68420.0552,8382094.3121,6164074.1808
600845.SH,20240906,29.1,0.2306,0.7149,0.78,32.8693,30.8276,8.0071,6.4988,6.0034,1.908,2.8637,288440.9605,212115.4226,68420.0552,8393631.9506,6172558.7977
600845.SH,20240905,29.54,0.2612,0.8096,0.88,33.3663,31.2937,8.1281,6.5971,6.0942,1.8796,2.821,288440.9605,212115.4226,68420.0552,8520545.9732,6265889.5836
600845.SH,20240904,30.0,0.274,0.8496,0.95,33.8859,31.781,8.2547,6.6998,6.1891,1.8507,2.7778,288440.9605,212115.4226,68420.0552,8653228.815,6363462.678
600845.SH,20240903,29.6,0.3053,0.9465,1.05,33.4341,31.3573,8.1447,6.6105,6.1066,1.8757,2.8153,288440.9605,212115.4226,68420.0552,8537852.4308,6278616.509
600845.SH,20240902,28.9,0.2737,0.8485,0.89,32.6434,30.6157,7.952,6.4541,5.9622,1.9212,2.8835,288440.9605,212115.4226,68420.0552,8335943.7585,6130135.7131
600845.SH,20240830,29.28,0.3658,1.1196,1.19,33.0726,31.0183,8.0566,6.539,6.0406,1.8962,2.8461,288440.9605,209433.4771,68420.0552,8445551.3234,6132212.2095
600845.SH,20240829,29.15,0.2646,0.81,0.93,32.9258,30.8806,8.0208,6.51,6.0138,1.9047,2.8588,288440.9605,209433.4771,68420.0552,8408053.9986,6104985.8575
600845.SH,20240828,29.1,0.2431,0.7441,0.9,32.8693,30.8276,8.0071,6.4988,6.0034,1.908,2.8637,288440.9605,209433.4771,68420.0552,8393631.9506,6094514.1836
600845.SH,20240827,28.89,0.3259,0.9977,1.28,32.6321,31.512,8.7106,6.4519,6.0453,1.9218,2.8845,288440.9605,209433.4771,68420.0552,8333059.3488,6050533.1534
600845.SH,20240826,28.19,0.3594,1.1001,1.65,31.8414,30.7485,8.4995,6.2956,5.8989,1.9696,2.9561,288440.9605,209433.4771,68420.0552,8131150.6765,5903929.7194
600845.SH,20240823,29.79,0.3408,1.0431,1.79,33.6487,32.4937,8.982,6.6529,6.2337,1.8638,2.7974,288440.9605,209433.4771,68420.0552,8592656.2133,6239023.2828
600845.SH,20240822,29.89,0.1487,0.4551,0.73,33.7616,32.6028,9.0121,6.6752,6.2546,1.8575,2.788,288440.9605,209433.4771,68420.0552,8621500.3093,6259966.6305
600845.SH,20240821,29.89,0.1758,0.5382,0.9,33.7616,32.6028,9.0121,6.6752,6.2546,1.8575,2.788,288440.9605,209433.4771,68420.0552,8621500.3093,6259966.6305
600845.SH,20240820,29.86,0.2492,0.7629,1.53,33.7277,32.5701,9.0031,6.6685,6.2483,1.8594,2.7908,288440.9605,209433.4771,68420.0552,8612847.0805,6253683.6262
600845.SH,20240819,30.08,0.1752,0.5362,1.13,33.9762,32.81,9.0694,6.7177,6.2943,1.8458,2.7704,288440.9605,209433.4771,68420.0552,8676304.0918,6299758.9912
600845.SH,20240816,30.34,0.2028,0.6206,1.35,34.2699,33.0936,9.1478,6.7757,6.3488,1.83,2.7466,288440.9605,209433.4771,68420.0552,8751298.7416,6354211.6952
600845.SH,20240815,30.61,0.218,0.6673,1.51,34.5749,33.3881,9.2292,6.836,6.4053,1.8139,2.7224,288440.9605,209433.4771,68420.0552,8829177.8009,6410758.734
600845.SH,20240814,30.21,0.1316,0.4028,0.9,34.1231,32.9518,9.1086,6.7467,6.3216,1.8379,2.7585,288440.9605,209433.4771,68420.0552,8713801.4167,6326985.3432
600845.SH,20240813,30.52,0.0887,0.2716,0.53,34.4732,33.29,9.2021,6.8159,6.3864,1.8192,2.7304,288440.9605,209433.4771,68420.0552,8803218.1145,6391909.7211
600845.SH,20240812,30.59,0.1371,0.4198,0.62,34.5523,33.3663,9.2232,6.8316,6.4011,1.815,2.7242,288440.9605,209433.4771,68420.0552,8823408.9817,6406570.0645
600845.SH,20240809,30.68,0.177,0.5419,0.68,34.654,33.4645,9.2503,6.8517,6.4199,1.8097,2.7162,288440.9605,209433.4771,68420.0552,8849368.6681,6425419.0774
600845.SH,20240808,30.63,0.1891,0.5789,0.59,34.5975,33.4099,9.2352,6.8405,6.4094,1.8127,2.7206,288440.9605,209433.4771,68420.0552,8834946.6201,6414947.4036
600845.SH,20240807,30.44,0.1383,0.4233,0.37,34.3829,33.2027,9.1779,6.7981,6.3697,1.824,2.7376,288440.9605,209433.4771,68420.0552,8780142.8376,6375155.0429
600845.SH,20240806,30.6,0.1903,0.5824,0.5,34.5636,33.3772,9.2262,6.8338,6.4032,1.8144,2.7233,288440.9605,209433.4771,68420.0552,8826293.3913,6408664.3993
600845.SH,20240805,30.8,0.4194,1.2837,1.21,34.7895,33.5954,9.2865,6.8785,6.445,1.8027,2.7056,288440.9605,209433.4771,68420.0552,8883981.5834,6450551.0947
600845.SH,20240802,30.77,0.3718,1.138,1.1,34.7556,33.5627,9.2774,6.8718,6.4387,1.8044,2.7083,288440.9605,209433.4771,68420.0552,8875328.3546,6444268.0904
600845.SH,20240801,30.86,0.4792,1.4668,1.56,34.8573,33.6608,9.3046,6.8919,6.4576,1.7992,2.7004,288440.9605,209433.4771,68420.0552,8901288.041,6463117.1033
600845.SH,20240731,32.14,0.4306,1.318,1.49,36.3031,35.057,9.6905,7.1777,6.7254,1.7275,2.5928,288440.9605,209433.4771,68420.0552,9270492.4705,6731191.954
600845.SH,20240730,31.8,0.1962,0.6005,0.64,35.919,34.6861,9.588,7.1018,6.6543,1.746,2.6205,288440.9605,209433.4771,68420.0552,9172422.5439,6659984.5718
600845.SH,20240729,31.6,0.2486,0.7611,0.74,35.6931,34.468,9.5277,7.0571,6.6124,1.757,2.6371,288440.9605,209433.4771,68420.0552,9114734.3518,6618097.8764
600845.SH,20240726,31.98,0.3426,1.0488,0.99,36.1223,34.8825,9.6423,7.142,6.6919,1.7362,2.6058,288440.9605,209433.4771,68420.0552,9224341.9168,6697682.5977
600845.SH,20240725,31.31,0.3215,0.9841,0.97,35.3656,34.1517,9.4402,6.9924,6.5517,1.7733,2.6616,288440.9605,209433.4771,68420.0552,9031086.4733,6557362.168
600845.SH,20240724,31.78,0.3326,1.0182,1.0,35.8964,34.6643,9.582,7.0973,6.6501,1.7471,2.6222,288440.9605,209433.4771,68420.0552,9166653.7247,6655795.9022
600845.SH,20240723,31.28,0.2841,0.8697,0.81,35.3317,34.1189,9.4312,6.9857,6.5455,1.775,2.6641,288440.9605,209433.4771,68420.0552,9022433.2444,6551079.1637
600845.SH,20240722,32.0,0.4,1.2245,1.28,36.1449,34.9043,9.6483,7.1465,6.6961,1.7351,2.6042,288440.9605,209433.4771,68420.0552,9230110.736,6701871.2672
600845.SH,20240719,31.88,0.3946,1.2079,1.3,36.0094,34.7734,9.6121,7.1197,6.671,1.7416,2.614,288440.9605,209433.4771,68420.0552,9195497.8207,6676739.2499
600845.SH,20240718,31.07,0.2458,0.7524,0.73,35.0945,33.8899,9.3679,6.9388,6.5015,1.787,2.6821,288440.9605,209433.4771,68420.0552,8961860.6427,6507098.1335
600845.SH,20240717,30.8,0.3392,1.0384,1.08,34.7895,33.5954,9.2865,6.8785,6.445,1.8027,2.7056,288440.9605,209433.4771,68420.0552,8883981.5834,6450551.0947
600845.SH,20240716,30.65,0.3721,1.139,1.12,34.6201,33.4318,9.2412,6.845,6.4136,1.8115,2.7189,288440.9605,209433.4771,68420.0552,8840715.4393,6419136.0731
600845.SH,20240715,30.01,0.2152,0.6588,0.61,33.8972,32.7337,9.0483,6.702,6.2797,1.8501,2.7769,288440.9605,209433.4771,68420.0552,8656113.2246,6285098.6478
600845.SH,20240712,30.72,0.3482,1.066,0.98,34.6991,33.5081,9.2624,6.8606,6.4283,1.8074,2.7127,288440.9605,209433.4771,68420.0552,8860906.3066,6433796.4165
600845.SH,20240711,31.3,0.4104,1.2562,1.27,35.3543,34.1408,9.4372,6.9901,6.5496,1.7739,2.6624,288440.9605,209433.4771,68420.0552,9028202.0637,6555267.8332
600845.SH,20240710,30.0,0.2317,0.7092,0.6,33.8859,32.7228,9.0453,6.6998,6.2776,1.8507,2.7778,288440.9605,209433.4771,68420.0552,8653228.815,6283004.313
600845.SH,20240709,30.0,0.4547,1.3918,1.33,33.8859,32.7228,9.0453,6.6998,6.2776,1.8507,2.7778,288440.9605,209433.4771,68420.0552,8653228.815,6283004.313
600845.SH,20240708,30.45,0.3231,0.9889,0.96,34.3942,33.2136,9.1809,6.8003,6.3718,1.8234,2.7367,288440.9605,209433.4771,68420.0552,8783027.2472,6377249.3777
600845.SH,20240705,30.96,0.3549,1.0862,1.07,34.9702,33.7699,9.3347,6.9142,6.4785,1.7933,2.6916,288440.9605,209433.4771,68420.0552,8930132.1371,6484060.451
600845.SH,20240704,30.4,0.2491,0.7624,0.77,34.3377,33.1591,9.1659,6.7891,6.3613,1.8264,2.7412,288440.9605,209433.4771,68420.0552,8768605.1992,6366777.7038
600845.SH,20240703,30.82,0.5513,1.6875,2.14,34.8121,33.6172,9.2925,6.8829,6.4492,1.8015,2.7039,288440.9605,209433.4771,68420.0552,8889750.4026,6454739.7642
600845.SH,20240702,31.37,0.2361,0.7228,0.86,35.4333,34.2171,9.4583,7.0058,6.5643,1.7699,2.6565,288440.9605,209433.4771,68420.0552,9048392.9309,6569928.1766
600845.SH,20240701,31.93,0.2906,0.8896,1.05,36.0659,34.8279,9.6272,7.1308,6.6815,1.7389,2.6099,288440.9605,209433.4771,68420.0552,9209919.8688,6687210.9238
600845.SH,20240628,31.93,0.3352,1.026,1.32,36.0659,34.8279,9.6272,7.1308,6.6815,1.7389,2.6099,288440.9605,209433.4771,68420.0552,9209919.8688,6687210.9238
600845.SH,20240627,32.63,0.2009,0.615,0.77,36.8565,35.5915,9.8382,7.2872,6.8279,1.7016,2.5539,288440.9605,209433.4771,68420.0552,9411828.5411,6833814.3578
600845.SH,20240626,32.88,0.2252,0.6894,0.89,37.1389,35.8642,9.9136,7.343,6.8803,1.6886,2.5345,288440.9605,209433.4771,68420.0552,9483938.7812,6886172.727
600845.SH,20240625,32.02,0.3275,1.0024,1.49,36.1675,34.9261,9.6543,7.1509,6.7003,1.734,2.6025,288440.9605,209433.4771,68420.0552,9235879.5552,6706059.9367
600845.SH,20240624,33.01,0.2968,0.9084,1.37,37.2858,36.006,9.9528,7.372,6.9075,1.682,2.5245,288440.9605,209433.4771,68420.0552,9521436.1061,6913399.0791
600845.SH,20240621,33.21,0.2192,0.671,0.87,37.5117,36.2241,10.0131,7.4167,6.9493,1.6718,2.5093,288440.9605,209433.4771,68420.0552,9579124.2982,6955285.7745
600845.SH,20240620,33.07,0.2414,0.739,0.94,37.3535,36.0714,9.9709,7.3854,6.92,1.6789,2.5199,288440.9605,209433.4771,68420.0552,9538742.5637,6925965.0877
600845.SH,20240619,33.6,0.1733,0.5304,0.59,37.9522,36.6495,10.1307,7.5038,7.0309,1.6524,2.4802,288440.9605,209433.4771,68420.0552,9691616.2728,7036964.8306
600845.SH,20240618,33.97,0.1665,0.5095,0.5,38.3701,37.0531,10.2423,7.5864,7.1083,1.6344,2.4531,288440.9605,209433.4771,68420.0552,9798339.4282,7114455.2171
600845.SH,20240617,33.82,0.2828,0.8655,0.83,38.2007,36.8895,10.197,7.5529,7.077,1.6417,2.464,288440.9605,209433.4771,68420.0552,9755073.2841,7083040.1955
600845.SH,20240614,33.77,0.4799,1.2241,1.26,38.1442,36.8349,10.182,7.5417,7.0665,1.6441,2.4677,288440.9605,174527.8976,68420.0552,9740651.2361,5893807.102
600845.SH,20240613,34.02,0.3142,0.8015,0.79,38.4266,37.1076,10.2573,7.5976,7.1188,1.632,2.4495,288440.9605,174527.8976,68420.0552,9812761.4762,5937439.0764
600845.SH,20240612,34.0,0.4376,1.1162,1.16,38.404,37.0858,10.2513,7.5931,7.1146,1.633,2.451,288440.9605,174527.8976,68420.0552,9806992.657,5933948.5184
600845.SH,20240611,41.82,0.4438,1.3586,1.29,39.3641,38.0129,8.3976,7.7829,7.2925,1.5932,,240367.4671,174527.8976,57016.7127,10052167.4741,7298756.6776
600845.SH,20240607,41.28,0.3587,1.0979,1.1,38.8558,37.5221,8.2892,7.6824,7.1983,1.614,1.614,240367.4671,174527.8976,57016.7127,9922369.0419,7204511.6129
600845.SH,20240606,41.3,0.3545,1.085,1.16,38.8746,37.5403,8.2932,7.6862,7.2018,1.6132,1.6132,240367.4671,174527.8976,57016.7127,9927176.3912,7208002.1709
600845.SH,20240605,41.32,0.4042,1.2374,1.54,38.8935,37.5585,8.2972,7.6899,7.2053,1.6125,1.6125,240367.4671,174527.8976,57016.7127,9931983.7406,7211492.7288
600845.SH,20240604,40.52,0.3309,1.013,1.29,38.1404,36.8313,8.1366,7.541,7.0658,1.6443,1.6443,240367.4671,174527.8976,57016.7127,9739689.7669,7071870.4108
600845.SH,20240603,39.97,0.2674,0.8187,1.07,37.6227,36.3314,8.0261,7.4386,6.9699,1.6669,1.6669,240367.4671,174527.8976,57016.7127,9607487.66,6975880.0671
600845.SH,20240531,39.55,0.2789,0.8538,1.12,37.2274,35.9496,7.9418,7.3605,6.8966,1.6846,1.6846,240367.4671,174527.8976,57016.7127,9506533.3238,6902578.3501
600845.SH,20240530,39.41,0.2417,0.7399,0.95,37.0956,35.8223,7.9137,7.3344,6.8722,1.6906,1.6906,240367.4671,174527.8976,57016.7127,9472881.8784,6878144.4444
600845.SH,20240529,38.98,0.1935,0.5923,0.7,36.6909,35.4315,7.8273,7.2544,6.7973,1.7092,1.7092,240367.4671,174527.8976,57016.7127,9369523.8676,6803097.4484
600845.SH,20240528,39.14,0.2974,0.9105,1.02,36.8415,35.5769,7.8595,7.2842,6.8252,1.7023,1.7023,240367.4671,174527.8976,57016.7127,9407982.6623,6831021.9121
600845.SH,20240527,40.02,0.2391,0.7319,0.74,37.6698,36.3768,8.0362,7.448,6.9786,1.6648,1.6648,240367.4671,174527.8976,57016.7127,9619506.0333,6984606.462
600845.SH,20240524,39.2,0.279,0.8641,0.85,36.898,35.6315,7.8715,7.2953,6.8356,1.6997,1.6997,240367.4671,173535.0517,56023.8668,9422404.7103,6802574.0266
600845.SH,20240523,39.95,0.2673,0.8279,0.77,37.6039,36.3132,8.0221,7.4349,6.9664,1.6677,1.6677,240367.4671,173535.0517,56023.8668,9602680.3106,6932725.3154
600845.SH,20240522,40.72,0.3011,0.9328,0.88,38.3287,37.0131,8.1767,7.5782,7.1007,1.6362,1.6362,240367.4671,173535.0517,56023.8668,9787763.2603,7066347.3052
600845.SH,20240521,40.73,0.3729,1.155,1.1,38.3381,37.0222,8.1787,7.5801,7.1024,1.6358,1.6358,240367.4671,173535.0517,56023.8668,9790166.935,7068082.6557
600845.SH,20240520,40.21,0.3993,1.2369,1.21,37.8486,36.5495,8.0743,7.4833,7.0117,1.657,1.657,240367.4671,173535.0517,56023.8668,9665175.8521,6977844.4289
600845.SH,20240517,39.69,0.3071,0.9512,0.92,37.3592,36.0769,7.9699,7.3865,6.9211,1.6787,1.6787,240367.4671,173524.2769,56013.092,9540184.7692,6887178.5502
600845.SH,20240516,39.0,0.3562,1.1035,1.1,36.7097,35.4497,7.8314,7.2581,6.8007,1.7084,1.7084,240367.4671,173524.2769,56013.092,9374331.2169,6767446.7991
600845.SH,20240515,38.93,0.2848,0.8824,0.85,36.6438,35.386,7.8173,7.2451,6.7885,1.7114,1.7114,240367.4671,173524.2769,56013.092,9357505.4942,6755300.0997
600845.SH,20240514,39.95,0.3516,1.0893,0.95,37.6039,36.3132,8.0221,7.4349,6.9664,1.6677,1.6677,240367.4671,173524.2769,56013.092,9602680.3106,6932294.8622
600845.SH,20240513,39.8,0.3513,1.0882,0.86,37.4627,36.1768,7.992,7.407,6.9402,1.674,1.674,240367.4671,173524.2769,56013.092,9566625.1906,6906266.2206
600845.SH,20240510,40.0,0.318,0.9852,0.67,37.651,36.3586,8.0322,7.4442,6.9751,1.6657,1.6657,240367.4671,173524.2769,56013.092,9614698.684,6940971.076
600845.SH,20240509,40.03,0.3129,0.9694,0.57,37.6792,36.3859,8.0382,7.4498,6.9804,1.6644,1.6644,240367.4671,173524.2769,56013.092,9621909.708,6946176.8043
600845.SH,20240508,40.01,0.3504,1.0854,0.62,37.6604,36.3677,8.0342,7.4461,6.9769,1.6652,1.6652,240367.4671,173524.2769,56013.092,9617102.3587,6942706.3188
600845.SH,20240507,40.65,0.5133,1.5903,0.88,38.2628,36.9495,8.1627,7.5652,7.0885,1.639,1.639,240367.4671,173524.2769,56013.092,9770937.5376,7053761.856
600845.SH,20240506,41.91,0.557,1.7255,0.77,39.4488,38.0948,8.4157,7.7997,7.3082,1.5898,1.5898,240367.4671,173524.2769,56013.092,10073800.5462,7272402.4449
