model,samples,event_rate,mean_probability,brier,log_loss,roc_auc,target_id,target_kind,horizon_start,horizon_end,threshold,walk_forward_event_rate,prediction_rows
price_only,998,0.3116232464929859,0.3986071205579838,0.2194137171612137,0.6305050963437699,0.5899455669601277,absolute_21_60_05pct,absolute,21,60,0.05,0.3116232464929859,5988
expanding_rate_baseline,998,0.3116232464929859,0.4128440820252386,0.2394550772879004,0.6721955013691442,0.3014949194269319,absolute_21_60_05pct,absolute,21,60,0.05,0.3116232464929859,5988
rolling_504_rate_baseline,998,0.3116232464929859,0.2892053949168177,0.2417552413973828,0.6878187661691854,0.4423281240492939,absolute_21_60_05pct,absolute,21,60,0.05,0.3116232464929859,5988
price_only_rolling756,998,0.3116232464929859,0.3115222625300292,0.2498168173392109,0.709568325641629,0.4528379599077025,absolute_21_60_05pct,absolute,21,60,0.05,0.3116232464929859,5988
price_plus_market_regime,998,0.3116232464929859,0.4011462452309939,0.2248166193318723,0.6436836268701037,0.5663001914283173,absolute_21_60_05pct,absolute,21,60,0.05,0.3116232464929859,5988
price_plus_market_regime_rolling756,998,0.3116232464929859,0.314494082241515,0.2570017220250187,0.7343993184918699,0.464758936051709,absolute_21_60_05pct,absolute,21,60,0.05,0.3116232464929859,5988
price_regime_cross_breadth,998,0.3116232464929859,0.4020367728543167,0.22825727120595,0.6521685718644128,0.546291485886257,absolute_21_60_05pct,absolute,21,60,0.05,0.3116232464929859,5988
price_regime_cross_breadth_rolling756,998,0.3116232464929859,0.3080507813928231,0.2550892386022353,0.7390079369554572,0.4809718380394744,absolute_21_60_05pct,absolute,21,60,0.05,0.3116232464929859,5988
price_only,968,0.3295454545454545,0.4498676513397281,0.2614930478500714,0.7189886647214282,0.401963957088552,absolute_61_90_08pct,absolute,61,90,0.08,0.3295454545454545,5808
expanding_rate_baseline,968,0.3295454545454545,0.4367596519814442,0.2647300498680644,0.7236224899891492,0.2138496167240654,absolute_61_90_08pct,absolute,61,90,0.08,0.3295454545454545,5808
rolling_504_rate_baseline,968,0.3295454545454545,0.2383739997376361,0.2668013428971221,0.7830967182960308,0.4631359554849273,absolute_61_90_08pct,absolute,61,90,0.08,0.3295454545454545,5808
price_only_rolling756,968,0.3295454545454545,0.2963154209828534,0.2952514143281338,0.830004758153262,0.3658824040844124,absolute_61_90_08pct,absolute,61,90,0.08,0.3295454545454545,5808
price_plus_market_regime,968,0.3295454545454545,0.4445542889781929,0.266627215589459,0.7325308204648296,0.4333747119996522,absolute_61_90_08pct,absolute,61,90,0.08,0.3295454545454545,5808
price_plus_market_regime_rolling756,968,0.3295454545454545,0.2900163076298238,0.3127390355682673,0.8938693404773241,0.3570286575440393,absolute_61_90_08pct,absolute,61,90,0.08,0.3295454545454545,5808
price_regime_cross_breadth,968,0.3295454545454545,0.4466538093336782,0.2703137862798238,0.7413864037726213,0.4429626481058392,absolute_61_90_08pct,absolute,61,90,0.08,0.3295454545454545,5808
price_regime_cross_breadth_rolling756,968,0.3295454545454545,0.2874044276667191,0.3128373184301913,0.9091169128494888,0.369302181798861,absolute_61_90_08pct,absolute,61,90,0.08,0.3295454545454545,5808
price_only,938,0.302771855010661,0.5324736248826052,0.3164383683124036,0.8358038409849325,0.2674602661842615,absolute_91_120_10pct,absolute,91,120,0.1,0.302771855010661,5628
expanding_rate_baseline,938,0.302771855010661,0.5030613714904788,0.3016462428467188,0.8007206010639429,0.1723521557479433,absolute_91_120_10pct,absolute,91,120,0.1,0.302771855010661,5628
rolling_504_rate_baseline,938,0.302771855010661,0.2578349747859342,0.3043634811580796,0.9649860973295756,0.2958500236895378,absolute_91_120_10pct,absolute,91,120,0.1,0.302771855010661,5628
price_only_rolling756,938,0.302771855010661,0.3220619151741531,0.3222072957873862,0.8703555966419873,0.3299145023043459,absolute_91_120_10pct,absolute,91,120,0.1,0.302771855010661,5628
price_plus_market_regime,938,0.302771855010661,0.5286022804870316,0.3197435801660682,0.8558886133149947,0.3156630917000473,absolute_91_120_10pct,absolute,91,120,0.1,0.302771855010661,5628
price_plus_market_regime_rolling756,938,0.302771855010661,0.3245628838783335,0.3386077003043217,0.93035045242162,0.2512975405952535,absolute_91_120_10pct,absolute,91,120,0.1,0.302771855010661,5628
price_regime_cross_breadth,938,0.302771855010661,0.5341705715909596,0.3236570851076744,0.8635761429169847,0.3192865141921867,absolute_91_120_10pct,absolute,91,120,0.1,0.302771855010661,5628
price_regime_cross_breadth_rolling756,938,0.302771855010661,0.317955765520254,0.3340101574361109,0.9228499434188492,0.2580006030064177,absolute_91_120_10pct,absolute,91,120,0.1,0.302771855010661,5628
price_only,998,0.2645290581162324,0.356827548219463,0.209288259463984,0.608491351056455,0.5328730080092478,relative_21_60_05pct,relative,21,60,0.05,0.2645290581162324,5988
expanding_rate_baseline,998,0.2645290581162324,0.3424675084435677,0.2139556924838714,0.6204557300399163,0.2582311534968211,relative_21_60_05pct,relative,21,60,0.05,0.2645290581162324,5988
rolling_504_rate_baseline,998,0.2645290581162324,0.2345723192416579,0.2125660996975053,0.6332801044360572,0.4375619271736438,relative_21_60_05pct,relative,21,60,0.05,0.2645290581162324,5988
price_only_rolling756,998,0.2645290581162324,0.2638695101073284,0.2404380611013966,0.6846884348130635,0.3846296755016101,relative_21_60_05pct,relative,21,60,0.05,0.2645290581162324,5988
price_plus_market_regime,998,0.2645290581162324,0.3618862700056134,0.2122512968230593,0.6150306130141228,0.5329091321938734,relative_21_60_05pct,relative,21,60,0.05,0.2645290581162324,5988
price_plus_market_regime_rolling756,998,0.2645290581162324,0.2704639097360936,0.2420635799129112,0.6845661742093196,0.4339649905045,relative_21_60_05pct,relative,21,60,0.05,0.2645290581162324,5988
price_regime_cross_breadth,998,0.2645290581162324,0.3609827514313362,0.2135393743439288,0.6182881446435794,0.5071267855668401,relative_21_60_05pct,relative,21,60,0.05,0.2645290581162324,5988
price_regime_cross_breadth_rolling756,998,0.2645290581162324,0.2578179976260406,0.2386468825527216,0.6782711099906266,0.4639532243415077,relative_21_60_05pct,relative,21,60,0.05,0.2645290581162324,5988
price_only,968,0.2603305785123967,0.422787618626324,0.2519103909340931,0.6987693203440185,0.2681675090892968,relative_61_90_08pct,relative,61,90,0.08,0.2603305785123967,5808
expanding_rate_baseline,968,0.2603305785123967,0.3787113751991551,0.2350045970720783,0.6643674854444908,0.1637181874612042,relative_61_90_08pct,relative,61,90,0.08,0.2603305785123967,5808
rolling_504_rate_baseline,968,0.2603305785123967,0.2007247802702348,0.2380640042977705,0.8385254948386072,0.3874035647778664,relative_61_90_08pct,relative,61,90,0.08,0.2603305785123967,5808
price_only_rolling756,968,0.2603305785123967,0.276711411779678,0.2791636807510649,0.7806271607465345,0.3141017114480802,relative_61_90_08pct,relative,61,90,0.08,0.2603305785123967,5808
price_plus_market_regime,968,0.2603305785123967,0.4226341027252473,0.2495019713622221,0.6939483288190171,0.354133413141793,relative_61_90_08pct,relative,61,90,0.08,0.2603305785123967,5808
price_plus_market_regime_rolling756,968,0.2603305785123967,0.2851204201265807,0.2823354319884652,0.7893714998323055,0.337262791522568,relative_61_90_08pct,relative,61,90,0.08,0.2603305785123967,5808
price_regime_cross_breadth,968,0.2603305785123967,0.4217809167588482,0.2531645366361598,0.7012576692644212,0.3264831072093642,relative_61_90_08pct,relative,61,90,0.08,0.2603305785123967,5808
price_regime_cross_breadth_rolling756,968,0.2603305785123967,0.2765292490287449,0.2785610670173014,0.7825700417300612,0.3504090183559457,relative_61_90_08pct,relative,61,90,0.08,0.2603305785123967,5808
price_only,938,0.2729211087420042,0.4589080891246552,0.2767364743209818,0.7503920683700844,0.2390086601906158,relative_91_120_10pct,relative,91,120,0.1,0.2729211087420042,5628
expanding_rate_baseline,938,0.2729211087420042,0.3882288794159608,0.2472081628902736,0.6892951326064783,0.1602020711143695,relative_91_120_10pct,relative,91,120,0.1,0.2729211087420042,5628
rolling_504_rate_baseline,938,0.2729211087420042,0.1970123870443699,0.2601296693161984,2.055478755961986,0.3624679252199413,relative_91_120_10pct,relative,91,120,0.1,0.2729211087420042,5628
price_only_rolling756,938,0.2729211087420042,0.2949716687880492,0.3014572145612569,0.8245287341821614,0.3731843383431085,relative_91_120_10pct,relative,91,120,0.1,0.2729211087420042,5628
price_plus_market_regime,938,0.2729211087420042,0.4621915792071576,0.2804570720027445,0.7588785092829982,0.2701498350439882,relative_91_120_10pct,relative,91,120,0.1,0.2729211087420042,5628
price_plus_market_regime_rolling756,938,0.2729211087420042,0.3027103029853663,0.3158209324933872,0.875035488533804,0.2173696389296187,relative_91_120_10pct,relative,91,120,0.1,0.2729211087420042,5628
price_regime_cross_breadth,938,0.2729211087420042,0.4618089139525392,0.28228233770176,0.7618724791962669,0.2469700788123167,relative_91_120_10pct,relative,91,120,0.1,0.2729211087420042,5628
price_regime_cross_breadth_rolling756,938,0.2729211087420042,0.2922822010817756,0.3042842009173576,0.8490517268281145,0.2212987994868035,relative_91_120_10pct,relative,91,120,0.1,0.2729211087420042,5628
