ts_code,name,report_date,report_title,report_type,classify,org_name,author_name,quarter,op_rt,op_pr,tp,np,eps,pe,rd,roe,ev_ebitda,rating,max_price,min_price
688256.SH,寒武纪,20260531,寒武纪：国产AI芯片供需两旺，大额授信额度将提供有力支撑,一般,一般报告,广发证券,"刘雪峰,周源",2026Q4,1646280.0,823580.0,512300.0,512300.0,8.15,160.7,,30.1,152.7,买入,,1648.46
688256.SH,寒武纪,20260531,寒武纪：国产AI芯片供需两旺，大额授信额度将提供有力支撑,一般,一般报告,广发证券,"刘雪峰,周源",2027Q4,4278090.0,2139340.0,1479700.0,1479600.0,23.55,55.6,,47.2,54.2,买入,,1648.46
688256.SH,寒武纪,20260531,寒武纪：国产AI芯片供需两旺，大额授信额度将提供有力支撑,一般,一般报告,广发证券,"刘雪峰,周源",2028Q4,8384160.0,4192310.0,2953800.0,2953500.0,47.01,27.9,,49.2,26.9,买入,,1648.46
688256.SH,寒武纪,20260505,寒武纪-U2026年一季报点评：业绩大幅增长，国产算力龙头自身核心竞争力凸显,点评,一般报告,国联民生证券,"吕伟,方竞,郭新宇",2026Q4,1558300.0,873500.0,539100.0,523000.0,12.4,137.0,0.22,,122.0,推荐,,
688256.SH,寒武纪,20260505,寒武纪-U2026年一季报点评：业绩大幅增长，国产算力龙头自身核心竞争力凸显,点评,一般报告,国联民生证券,"吕伟,方竞,郭新宇",2027Q4,2646600.0,1508600.0,1012600.0,982300.0,23.29,73.0,0.41,,66.0,推荐,,
688256.SH,寒武纪,20260505,寒武纪-U2026年一季报点评：业绩大幅增长，国产算力龙头自身核心竞争力凸显,点评,一般报告,国联民生证券,"吕伟,方竞,郭新宇",2028Q4,3967500.0,2300100.0,1609200.0,1561000.0,37.02,46.0,0.65,,42.0,推荐,,
688256.SH,寒武纪,20260505,寒武纪2025年年报及2026年一季报点评：26Q1收入环比增长，积极订货应对潜在订单,点评,一般报告,西部证券,"郑宏达,李想",2028Q4,4349100.0,,1912200.0,1899900.0,45.05,37.7,,48.0,,买入,,
688256.SH,寒武纪,20260505,寒武纪2025年年报及2026年一季报点评：26Q1收入环比增长，积极订货应对潜在订单,点评,一般报告,西部证券,"郑宏达,李想",2027Q4,2843200.0,,1273400.0,1264900.0,30.0,56.7,,53.3,,买入,,
688256.SH,寒武纪,20260505,寒武纪2025年年报及2026年一季报点评：26Q1收入环比增长，积极订货应对潜在订单,点评,一般报告,西部证券,"郑宏达,李想",2026Q4,1653800.0,,563100.0,556000.0,13.19,128.9,,38.0,,买入,,
688256.SH,寒武纪,20260504,Cambricon：AI＿expansion＿with＿growing＿local＿chips＿in＿China；1Q26＿beat＿with＿strong＿orders＿on＿hand；Buy，TP＿up＿to＿Rmb2，406,点评,一般报告,高盛集团（GoldmanSachs）,"Verena Jeng,Allen Chang",2026Q4,2366180.0,1285600.0,,614200.0,14.57,116.7,0.3,,,Buy,,2406.0
688256.SH,寒武纪,20260504,Cambricon：AI＿expansion＿with＿growing＿local＿chips＿in＿China；1Q26＿beat＿with＿strong＿orders＿on＿hand；Buy，TP＿up＿to＿Rmb2，406,点评,一般报告,高盛集团（GoldmanSachs）,"Verena Jeng,Allen Chang",2026Q2,,,,,5.25,,,,,Buy,,2406.0
688256.SH,寒武纪,20260504,Cambricon：AI＿expansion＿with＿growing＿local＿chips＿in＿China；1Q26＿beat＿with＿strong＿orders＿on＿hand；Buy，TP＿up＿to＿Rmb2，406,点评,一般报告,高盛集团（GoldmanSachs）,"Verena Jeng,Allen Chang",2027Q4,3910650.0,2111900.0,,999100.0,23.69,71.8,0.4,,,Buy,,2406.0
688256.SH,寒武纪,20260504,Cambricon：AI＿expansion＿with＿growing＿local＿chips＿in＿China；1Q26＿beat＿with＿strong＿orders＿on＿hand；Buy，TP＿up＿to＿Rmb2，406,点评,一般报告,高盛集团（GoldmanSachs）,"Verena Jeng,Allen Chang",2028Q4,6215830.0,3325600.0,,1599200.0,37.92,44.8,0.7,,,Buy,,2406.0
688256.SH,寒武纪,20260430,寒武纪：26Q1业绩大幅增长，预付款项等前瞻指标向好,一般,一般报告,广发证券,"刘雪峰,周源",2026Q4,1646300.0,,510800.0,510700.0,12.11,117.0,,30.4,110.7,买入,,1574.57
688256.SH,寒武纪,20260430,寒武纪：26Q1业绩大幅增长，预付款项等前瞻指标向好,一般,一般报告,广发证券,"刘雪峰,周源",2027Q4,2779200.0,,905200.0,905100.0,21.46,66.0,,35.4,63.9,买入,,1574.57
688256.SH,寒武纪,20260430,寒武纪：26Q1业绩大幅增长，预付款项等前瞻指标向好,一般,一般报告,广发证券,"刘雪峰,周源",2028Q4,4418800.0,,1499400.0,1499300.0,35.55,39.8,,37.4,38.1,买入,,1574.57
688256.SH,寒武纪,20260430,寒武纪：26Q1利润增长提速，高景气需求驱动业绩释放,点评,一般报告,国盛证券,"孙行臻,王心悦",2026Q4,1460300.0,,513900.0,513500.0,12.18,116.3,,33.3,109.9,买入,,
688256.SH,寒武纪,20260430,寒武纪：26Q1利润增长提速，高景气需求驱动业绩释放,点评,一般报告,国盛证券,"孙行臻,王心悦",2027Q4,2365500.0,,841000.0,840300.0,19.93,71.1,,39.5,68.4,买入,,
688256.SH,寒武纪,20260430,寒武纪：26Q1利润增长提速，高景气需求驱动业绩释放,点评,一般报告,国盛证券,"孙行臻,王心悦",2028Q4,3665600.0,,1375200.0,1374100.0,32.58,43.5,,44.6,42.6,买入,,
688256.SH,寒武纪,20260427,寒武纪：AI_Agent时代来临，国产算力支撑AI建设,点评,一般报告,第一上海证券,黄晨,2026Q4,1805300.0,992900.0,771000.0,679600.0,16.1,83.9,,,,买入,,1903.0
688256.SH,寒武纪,20260427,寒武纪：AI_Agent时代来临，国产算力支撑AI建设,点评,一般报告,第一上海证券,黄晨,2027Q4,2898300.0,1594100.0,1314900.0,1146900.0,27.2,49.7,,,,买入,,1903.0
688256.SH,寒武纪,20260427,寒武纪：AI_Agent时代来临，国产算力支撑AI建设,点评,一般报告,第一上海证券,黄晨,2028Q4,3929000.0,2161000.0,1818500.0,1580800.0,37.5,36.1,,,,买入,,1903.0
688256.SH,寒武纪,20260412,半导体行业：半导体行业景气上行，封测环节布局加速,非个股,一般报告,银河证券,"高峰,钟宇佳",2028Q4,,,,1470837.873,34.88,,,,,无,,
688256.SH,寒武纪,20260412,半导体行业：半导体行业景气上行，封测环节布局加速,非个股,一般报告,银河证券,"高峰,钟宇佳",2027Q4,,,,859394.376,20.38,,,,,无,,
688256.SH,寒武纪,20260412,半导体行业：半导体行业景气上行，封测环节布局加速,非个股,一般报告,银河证券,"高峰,钟宇佳",2026Q4,,,,494215.019,11.72,,,,,无,,
688256.SH,寒武纪,20260408,寒武纪2025年报点评：业绩稳健释放，Agent时代收入有望持续爆发增长,点评,一般报告,长江证券,"宗建树,杨洋,宋浪",2026Q4,1522600.0,822300.0,511300.0,480900.0,11.4,89.95,,31.7,81.42,买入,,
688256.SH,寒武纪,20260408,寒武纪2025年报点评：业绩稳健释放，Agent时代收入有望持续爆发增长,点评,一般报告,长江证券,"宗建树,杨洋,宋浪",2027Q4,2588000.0,1384700.0,877900.0,825700.0,19.58,52.38,,39.5,47.78,买入,,
688256.SH,寒武纪,20260408,寒武纪2025年报点评：业绩稳健释放，Agent时代收入有望持续爆发增长,点评,一般报告,长江证券,"宗建树,杨洋,宋浪",2028Q4,4269900.0,2263300.0,1442300.0,1356500.0,32.17,31.89,,44.8,28.92,买入,,
688256.SH,寒武纪,20260401,寒武纪年报点评：AI芯片产品持续迭代，巩固多领域竞争优势,点评,首次关注,中原证券,邹臣,2026Q4,1491600.0,,484100.0,479700.0,11.38,86.42,,31.64,80.82,买入,,
688256.SH,寒武纪,20260401,寒武纪年报点评：AI芯片产品持续迭代，巩固多领域竞争优势,点评,首次关注,中原证券,邹臣,2027Q4,2534600.0,,875500.0,870000.0,20.63,47.65,,41.06,45.59,买入,,
688256.SH,寒武纪,20260401,寒武纪年报点评：AI芯片产品持续迭代，巩固多领域竞争优势,点评,首次关注,中原证券,邹臣,2028Q4,4054300.0,,1461400.0,1452200.0,34.44,28.54,,46.47,27.45,买入,,
688256.SH,寒武纪,20260329,科技行业2026年4月金股推荐,非个股,一般报告,长江证券,无,2027Q4,,,,853912.469,20.25,,,,,无,,
688256.SH,寒武纪,20260329,科技行业2026年4月金股推荐,非个股,一般报告,长江证券,无,2026Q4,,,,493793.334,11.71,,,,,无,,
688256.SH,寒武纪,20260323,寒武纪2025年报点评：利润同比扭亏，存货增长匹配高需求,点评,一般报告,浙商证券,"高宇洋,童非,程宇婷,张致远",2026Q4,1406098.0,,489100.0,483027.0,11.45,84.8,,32.62,80.27,买入,,
688256.SH,寒武纪,20260323,寒武纪2025年报点评：利润同比扭亏，存货增长匹配高需求,点评,一般报告,浙商证券,"高宇洋,童非,程宇婷,张致远",2027Q4,2159904.0,,771000.0,761338.0,18.05,53.8,,37.91,51.39,买入,,
688256.SH,寒武纪,20260323,寒武纪2025年报点评：利润同比扭亏，存货增长匹配高需求,点评,一般报告,浙商证券,"高宇洋,童非,程宇婷,张致远",2028Q4,3560476.0,,1371000.0,1353930.0,32.11,30.25,,45.95,29.1,买入,,
688256.SH,寒武纪,20260318,寒武纪：全年业绩高增，关注下一代思元芯片商业化落地——公司简评报告,点评,一般报告,东海证券,"方霁,董经纬",2026Q4,1454037.0,813900.0,492100.0,492061.0,11.67,91.35,,32.3,84.54,增持,,
688256.SH,寒武纪,20260318,寒武纪：全年业绩高增，关注下一代思元芯片商业化落地——公司简评报告,点评,一般报告,东海证券,"方霁,董经纬",2027Q4,2362368.0,1338500.0,876800.0,876811.0,20.79,51.27,,41.1,48.99,增持,,
688256.SH,寒武纪,20260318,寒武纪：全年业绩高增，关注下一代思元芯片商业化落地——公司简评报告,点评,一般报告,东海证券,"方霁,董经纬",2028Q4,3401294.0,1968300.0,1387500.0,1387545.0,32.9,32.4,,44.9,31.19,增持,,
688256.SH,寒武纪,20260316,寒武纪：库存持续提升，关注新品迭代,点评,一般报告,华泰证券,"郭龙飞,张皓怡,林文富,王心怡",2026Q4,1686800.0,,602600.0,596300.0,14.14,77.08,0.0,33.71,72.13,买入,,1663.6
688256.SH,寒武纪,20260316,寒武纪：库存持续提升，关注新品迭代,点评,一般报告,华泰证券,"郭龙飞,张皓怡,林文富,王心怡",2027Q4,4078400.0,,1772200.0,1753700.0,41.59,26.21,0.0,49.79,24.31,买入,,1663.6
688256.SH,寒武纪,20260316,寒武纪：库存持续提升，关注新品迭代,点评,一般报告,华泰证券,"郭龙飞,张皓怡,林文富,王心怡",2028Q4,5300000.0,,2279300.0,2255500.0,53.49,20.38,0.0,39.04,17.99,买入,,1663.6
688256.SH,寒武纪,20260316,寒武纪2025年报点评：算力需求爆发驱动扭亏，云端研发赋能增长,点评,一般报告,华创证券,"吴鸣远,周楚薇",2026Q4,1425800.0,,488100.0,478600.0,11.35,96.0,,34.4,91.0,推荐,,
688256.SH,寒武纪,20260316,寒武纪2025年报点评：算力需求爆发驱动扭亏，云端研发赋能增长,点评,一般报告,华创证券,"吴鸣远,周楚薇",2027Q4,2352300.0,,837800.0,812800.0,19.28,57.0,,39.5,54.0,推荐,,
688256.SH,寒武纪,20260316,寒武纪2025年报点评：算力需求爆发驱动扭亏，云端研发赋能增长,点评,一般报告,华创证券,"吴鸣远,周楚薇",2028Q4,3763600.0,,1374300.0,1326600.0,31.46,35.0,,42.3,33.0,推荐,,
688256.SH,寒武纪,20260315,寒武纪2025年年报点评：国产算力龙头迎来重要业绩拐点,点评,一般报告,国联民生证券,"吕伟,方竞,郭新宇",2026Q4,1353800.0,747400.0,465000.0,451100.0,10.7,102.0,0.13,28.68,90.0,推荐,,
688256.SH,寒武纪,20260315,寒武纪2025年年报点评：国产算力龙头迎来重要业绩拐点,点评,一般报告,国联民生证券,"吕伟,方竞,郭新宇",2027Q4,2035700.0,1125000.0,776200.0,752900.0,17.86,61.0,0.29,34.37,55.0,推荐,,
688256.SH,寒武纪,20260315,寒武纪2025年年报点评：国产算力龙头迎来重要业绩拐点,点评,一般报告,国联民生证券,"吕伟,方竞,郭新宇",2028Q4,3003300.0,1661400.0,1230400.0,1193500.0,28.3,39.0,0.49,37.79,35.0,推荐,,
688256.SH,寒武纪,20260313,寒武纪：25Q4存货大幅增加，供应链稳步改善,一般,一般报告,广发证券,"刘雪峰,周源",2026Q4,1581500.0,,470200.0,470200.0,11.15,98.6,,28.7,92.8,买入,,1367.31
688256.SH,寒武纪,20260313,寒武纪：25Q4存货大幅增加，供应链稳步改善,一般,一般报告,广发证券,"刘雪峰,周源",2027Q4,2669100.0,,844500.0,844400.0,20.02,54.9,,34.4,53.0,买入,,1367.31
688256.SH,寒武纪,20260313,寒武纪：25Q4存货大幅增加，供应链稳步改善,一般,一般报告,广发证券,"刘雪峰,周源",2028Q4,4242600.0,,1441000.0,1440800.0,34.17,32.2,,37.4,30.6,买入,,1367.31
688256.SH,寒武纪,20260303,寒武纪2025年业绩快报点评：营收高增驱动全面扭亏，有望受益中国Token出海,点评,一般报告,国海证券,"刘熹,谢婧茹",2025Q4,649700.0,,213100.0,205900.0,4.88,244.08,,18.0,207.39,买入,,
688256.SH,寒武纪,20260303,寒武纪2025年业绩快报点评：营收高增驱动全面扭亏，有望受益中国Token出海,点评,一般报告,国海证券,"刘熹,谢婧茹",2026Q4,1700800.0,,704400.0,683900.0,16.22,73.49,,37.0,68.63,买入,,
688256.SH,寒武纪,20260303,寒武纪2025年业绩快报点评：营收高增驱动全面扭亏，有望受益中国Token出海,点评,一般报告,国海证券,"刘熹,谢婧茹",2027Q4,2448800.0,,977600.0,940600.0,22.31,53.43,,34.0,50.25,买入,,
688256.SH,寒武纪,20260301,科技行业2026年3月金股推荐,非个股,一般报告,长江证券,无,2025Q4,,,,208734.159,4.95,,,,,无,,
688256.SH,寒武纪,20260301,科技行业2026年3月金股推荐,非个股,一般报告,长江证券,无,2026Q4,,,,460901.891,10.93,,,,,无,,
688256.SH,寒武纪,20260301,科技行业2026年3月金股推荐,非个股,一般报告,长江证券,无,2027Q4,,,,728250.289,17.27,,,,,无,,
688256.SH,寒武纪,20260228,寒武纪2025年业绩快报点评：LPU引领推理算力创新，国产算力龙头新机遇可期,点评,一般报告,国联民生证券,"吕伟,方竞,郭新宇",2025Q4,649700.0,392100.0,213100.0,205900.0,4.88,241.0,0.0,13.24,203.0,推荐,,
688256.SH,寒武纪,20260228,寒武纪2025年业绩快报点评：LPU引领推理算力创新，国产算力龙头新机遇可期,点评,一般报告,国联民生证券,"吕伟,方竞,郭新宇",2026Q4,953700.0,608900.0,375200.0,362800.0,8.6,137.0,0.12,19.55,121.0,推荐,,
688256.SH,寒武纪,20260228,寒武纪2025年业绩快报点评：LPU引领推理算力创新，国产算力龙头新机遇可期,点评,一般报告,国联民生证券,"吕伟,方竞,郭新宇",2027Q4,1185300.0,794600.0,530200.0,512800.0,12.16,97.0,0.22,22.69,86.0,推荐,,
688256.SH,寒武纪,20260227,寒武纪：中国AI需求高速增长，国产芯片龙头受益,点评,一般报告,群益证券,朱吉翔,2025Q4,683800.0,,225000.0,200500.0,4.75,242.1,0.01,,,买入,,1450.0
688256.SH,寒武纪,20260227,寒武纪：中国AI需求高速增长，国产芯片龙头受益,点评,一般报告,群益证券,朱吉翔,2026Q4,1583200.0,,598500.0,500700.0,11.87,96.9,0.01,,,买入,,1450.0
688256.SH,寒武纪,20260227,寒武纪：中国AI需求高速增长，国产芯片龙头受益,点评,一般报告,群益证券,朱吉翔,2027Q4,2379800.0,,1015300.0,849100.0,20.14,57.2,0.02,,,买入,,1450.0
688256.SH,寒武纪,20260225,半导体行业：半导体行业销售额再创新高，长期逻辑稳固,非个股,一般报告,银河证券,"高峰,钟宇佳",2025Q4,,,,215481.122,5.11,,,,,无,,
688256.SH,寒武纪,20260225,半导体行业：半导体行业销售额再创新高，长期逻辑稳固,非个股,一般报告,银河证券,"高峰,钟宇佳",2026Q4,,,,483251.205,11.46,,,,,无,,
688256.SH,寒武纪,20260225,半导体行业：半导体行业销售额再创新高，长期逻辑稳固,非个股,一般报告,银河证券,"高峰,钟宇佳",2027Q4,,,,815960.804,19.35,,,,,无,,
688256.SH,寒武纪,20260208,寒武纪：新品进展顺利，上调27年预测,点评,一般报告,华泰证券,"郭龙飞,张皓怡,林文富,王心怡",2025Q4,650200.0,,205000.0,205000.0,4.86,213.29,0.0,17.87,193.48,买入,,1679.4
688256.SH,寒武纪,20260208,寒武纪：新品进展顺利，上调27年预测,点评,一般报告,华泰证券,"郭龙飞,张皓怡,林文富,王心怡",2026Q4,1686800.0,,608900.0,602700.0,14.29,72.55,0.0,34.68,69.22,买入,,1679.4
688256.SH,寒武纪,20260208,寒武纪：新品进展顺利，上调27年预测,点评,一般报告,华泰证券,"郭龙飞,张皓怡,林文富,王心怡",2027Q4,4078400.0,,1775700.0,1757600.0,41.68,24.88,0.0,50.28,23.41,买入,,1679.4
688256.SH,寒武纪,20260203,寒武纪：25年业绩预告全年转盈，规模效应加速凸显,点评,一般报告,国盛证券,孙行臻,2025Q4,636800.0,,208700.0,206200.0,4.89,254.0,,18.0,227.3,买入,,
688256.SH,寒武纪,20260203,寒武纪：25年业绩预告全年转盈，规模效应加速凸显,点评,一般报告,国盛证券,孙行臻,2026Q4,1309100.0,,441300.0,436300.0,10.35,120.1,,27.6,114.1,买入,,
688256.SH,寒武纪,20260203,寒武纪：25年业绩预告全年转盈，规模效应加速凸显,点评,一般报告,国盛证券,孙行臻,2027Q4,2095300.0,,710300.0,701800.0,16.64,74.6,,30.7,73.2,买入,,
688256.SH,寒武纪,20260201,寒武纪-U2025年业绩预告点评：国产算力龙头迎来重要业绩拐点,点评,首次关注,国联民生证券,"吕伟,方竞,郭新宇",2025Q4,635900.0,383800.0,207300.0,200500.0,4.76,265.0,0.0,12.94,221.0,推荐,,
688256.SH,寒武纪,20260201,寒武纪-U2025年业绩预告点评：国产算力龙头迎来重要业绩拐点,点评,首次关注,国联民生证券,"吕伟,方竞,郭新宇",2026Q4,953700.0,608900.0,373300.0,361000.0,8.56,147.0,0.11,19.51,129.0,推荐,,
688256.SH,寒武纪,20260201,寒武纪-U2025年业绩预告点评：国产算力龙头迎来重要业绩拐点,点评,首次关注,国联民生证券,"吕伟,方竞,郭新宇",2027Q4,1185300.0,794600.0,527800.0,510400.0,12.1,104.0,0.2,22.66,92.0,推荐,,
688256.SH,寒武纪,20260130,寒武纪：25年业绩符合预期，产业格局和供应链优势预期驱动,点评,一般报告,广发证券,"刘雪峰,周源",2027Q4,2259700.0,,706300.0,706200.0,16.75,75.2,,31.2,72.7,买入,,1367.31
688256.SH,寒武纪,20260130,寒武纪：25年业绩符合预期，产业格局和供应链优势预期驱动,点评,一般报告,广发证券,"刘雪峰,周源",2026Q4,1341100.0,,411900.0,411800.0,9.77,128.9,,26.4,122.9,买入,,1367.31
688256.SH,寒武纪,20260130,寒武纪：25年业绩符合预期，产业格局和供应链优势预期驱动,点评,一般报告,广发证券,"刘雪峰,周源",2025Q4,653400.0,,208500.0,207000.0,4.91,256.5,,18.0,231.8,买入,,1367.31
688256.SH,寒武纪,20260128,计算机行业2026年度投资策略：AI拥四海，应用为王,非个股,一般报告,国联民生证券,吕伟,2027Q4,1185300.0,,,504700.0,11.97,,,,,推荐,,
688256.SH,寒武纪,20260128,计算机行业2026年度投资策略：AI拥四海，应用为王,非个股,一般报告,国联民生证券,吕伟,2025Q4,635900.0,,,199300.0,4.73,,,,,推荐,,
688256.SH,寒武纪,20260128,计算机行业2026年度投资策略：AI拥四海，应用为王,非个股,一般报告,国联民生证券,吕伟,2026Q4,953700.0,,,356400.0,8.45,,,,,推荐,,
688256.SH,寒武纪,20260111,计算机行业重大事项点评：英伟达Rubin平台量产，物理AI时代已来,非个股,一般报告,华创证券,"吴鸣远,祝小茜",2025Q4,726000.0,,,252000.0,5.976,,,,,无,,
688256.SH,寒武纪,20260105,1月金股策略：决胜“开门红”：国泰海通策略2026年1月金股组合,非个股,一般报告,国泰海通,无,2025Q4,,,,219276.288,5.2,,,,,增持,,
688256.SH,寒武纪,20260105,1月金股策略：决胜“开门红”：国泰海通策略2026年1月金股组合,非个股,一般报告,国泰海通,无,2026Q4,,,,657828.865,15.6,,,,,增持,,
688256.SH,寒武纪,20260105,1月金股策略：决胜“开门红”：国泰海通策略2026年1月金股组合,非个股,一般报告,国泰海通,无,2027Q4,,,,965659.039,22.9,,,,,增持,,
688256.SH,寒武纪,20251212,寒武纪深度研究报告：国产AI芯片领军者，云边端共铸核心壁垒,深度,首次关注,华创证券,"吴鸣远,周楚薇",2025Q4,726160.0,,257000.0,252000.0,5.98,231.0,,21.0,215.0,推荐,,
688256.SH,寒武纪,20251212,寒武纪深度研究报告：国产AI芯片领军者，云边端共铸核心壁垒,深度,首次关注,华创证券,"吴鸣远,周楚薇",2026Q4,1322771.0,,504700.0,489700.0,11.61,119.0,,29.0,111.0,推荐,,
688256.SH,寒武纪,20251212,寒武纪深度研究报告：国产AI芯片领军者，云边端共铸核心壁垒,深度,首次关注,华创证券,"吴鸣远,周楚薇",2027Q4,2068461.0,,808000.0,779900.0,18.49,75.0,,31.6,69.0,推荐,,
688256.SH,寒武纪,20251209,寒武纪跟踪点评：业绩高增，引领生态构建，有望加速收入放量,点评,一般报告,中信证券,"徐涛,雷俊成,夏胤磊",2025Q4,678800.0,,191900.0,188500.0,4.47,317.2,,15.3,305.3,无,,
688256.SH,寒武纪,20251209,寒武纪跟踪点评：业绩高增，引领生态构建，有望加速收入放量,点评,一般报告,中信证券,"徐涛,雷俊成,夏胤磊",2026Q4,1526300.0,,504900.0,496300.0,11.77,120.5,,28.6,118.1,无,,
688256.SH,寒武纪,20251209,寒武纪跟踪点评：业绩高增，引领生态构建，有望加速收入放量,点评,一般报告,中信证券,"徐涛,雷俊成,夏胤磊",2027Q4,2976200.0,,1106300.0,1087200.0,25.78,55.0,,38.6,54.3,无,,
688256.SH,寒武纪,20251203,寒武纪：推理应用加速落地，算力缺口亟待缓解,点评,一般报告,第一上海证券,黄晨,2025Q4,682300.0,375300.0,197800.0,168100.0,4.0,334.2,,,,买入,,1683.0
688256.SH,寒武纪,20251203,寒武纪：推理应用加速落地，算力缺口亟待缓解,点评,一般报告,第一上海证券,黄晨,2026Q4,1514200.0,832800.0,603100.0,512700.0,12.2,109.6,,,,买入,,1683.0
688256.SH,寒武纪,20251203,寒武纪：推理应用加速落地，算力缺口亟待缓解,点评,一般报告,第一上海证券,黄晨,2027Q4,2430200.0,1336600.0,1044400.0,887700.0,21.1,63.3,,,,买入,,1683.0
688256.SH,寒武纪,20251121,寒武纪：业绩快速增长，持续受益国内算力需求爆发,点评,首次关注,兴业证券,"姚康,张元默",2027Q4,2210000.0,,849300.0,849400.0,20.14,65.6,,32.9,,增持,,
688256.SH,寒武纪,20251121,寒武纪：业绩快速增长，持续受益国内算力需求爆发,点评,首次关注,兴业证券,"姚康,张元默",2026Q4,1360000.0,,526200.0,526100.0,12.48,106.0,,30.3,,增持,,
688256.SH,寒武纪,20251121,寒武纪：业绩快速增长，持续受益国内算力需求爆发,点评,首次关注,兴业证券,"姚康,张元默",2025Q4,700000.0,,243200.0,243100.0,5.76,229.4,,20.1,,增持,,
688256.SH,寒武纪,20251120,寒武纪跟踪点评：业绩高增，引领生态构建，有望加速收入放量,点评,一般报告,中信证券,"徐涛,雷俊成,夏胤磊",2025Q4,678800.0,,190600.0,187300.0,4.442,296.1,,16.7,285.7,无,,
688256.SH,寒武纪,20251120,寒武纪跟踪点评：业绩高增，引领生态构建，有望加速收入放量,点评,一般报告,中信证券,"徐涛,雷俊成,夏胤磊",2026Q4,1526300.0,,502400.0,493900.0,11.713,112.3,,30.5,110.5,无,,
688256.SH,寒武纪,20251120,寒武纪跟踪点评：业绩高增，引领生态构建，有望加速收入放量,点评,一般报告,中信证券,"徐涛,雷俊成,夏胤磊",2027Q4,2976200.0,,1103800.0,1084700.0,25.723,51.2,,40.1,50.8,无,,
688256.SH,寒武纪,20251103,DeepSeek开源AI补齐产业链短板,非个股,一般报告,国泰海通,舒迪,2027Q4,,,,957225.336,22.7,,,,,增持,,
688256.SH,寒武纪,20251103,DeepSeek开源AI补齐产业链短板,非个股,一般报告,国泰海通,舒迪,2026Q4,,,,652768.643,15.48,,,,,增持,,
688256.SH,寒武纪,20251103,DeepSeek开源AI补齐产业链短板,非个股,一般报告,国泰海通,舒迪,2025Q4,,,,218432.918,5.18,,,,,增持,,
688256.SH,寒武纪,20251102,科技行业2025年11月金股推荐,非个股,一般报告,长江证券,无,2025Q4,,,,219276.288,5.2,,,,,无,,
688256.SH,寒武纪,20251102,科技行业2025年11月金股推荐,非个股,一般报告,长江证券,无,2026Q4,,,,460901.891,10.93,,,,,无,,
688256.SH,寒武纪,20251102,科技行业2025年11月金股推荐,非个股,一般报告,长江证券,无,2027Q4,,,,728250.289,17.27,,,,,无,,
688256.SH,寒武纪,20251022,寒武纪3Q25：库存环比显著提升,点评,一般报告,华泰证券,"谢春生,张皓怡,陈钰,林文富",2025Q4,639600.0,,209400.0,209500.0,4.97,275.56,0.0,18.19,254.28,买入,,1679.4
688256.SH,寒武纪,20251022,寒武纪3Q25：库存环比显著提升,点评,一般报告,华泰证券,"谢春生,张皓怡,陈钰,林文富",2026Q4,1405300.0,,540400.0,534900.0,12.68,107.92,0.0,31.95,104.48,买入,,1679.4
688256.SH,寒武纪,20251022,寒武纪3Q25：库存环比显著提升,点评,一般报告,华泰证券,"谢春生,张皓怡,陈钰,林文富",2027Q4,2949400.0,,1305700.0,1292400.0,30.65,44.67,0.0,43.56,43.02,买入,,1679.4
688256.SH,寒武纪,20251022,寒武纪2025年三季报业绩点评报告：业绩延续高增长，存货创同期历史新高,点评,首次关注,华龙证券,"孙伯文,朱凌萱",2025Q4,663800.0,,217700.0,213000.0,5.05,283.1,,28.69,240.24,增持,,
688256.SH,寒武纪,20251022,寒武纪2025年三季报业绩点评报告：业绩延续高增长，存货创同期历史新高,点评,首次关注,华龙证券,"孙伯文,朱凌萱",2026Q4,1350200.0,,477000.0,463900.0,11.0,129.9,,38.58,112.84,增持,,
688256.SH,寒武纪,20251022,寒武纪2025年三季报业绩点评报告：业绩延续高增长，存货创同期历史新高,点评,首次关注,华龙证券,"孙伯文,朱凌萱",2027Q4,2109600.0,,740700.0,724700.0,17.19,83.2,,37.47,74.92,增持,,
688256.SH,寒武纪,20251021,寒武纪2025年三季报点评：存货环比增长，加速建设软件生态,点评,一般报告,西部证券,"郑宏达,李想",2025Q4,689000.0,,240400.0,233400.0,5.53,247.3,,35.1,,买入,,
688256.SH,寒武纪,20251021,寒武纪2025年三季报点评：存货环比增长，加速建设软件生态,点评,一般报告,西部证券,"郑宏达,李想",2026Q4,1432300.0,,515700.0,504200.0,11.96,114.5,,48.4,,买入,,
688256.SH,寒武纪,20251021,寒武纪2025年三季报点评：存货环比增长，加速建设软件生态,点评,一般报告,西部证券,"郑宏达,李想",2027Q4,2219600.0,,794200.0,778600.0,18.46,74.1,,46.3,,买入,,
688256.SH,寒武纪,20251021,寒武纪：存货环比持续增长保障交付，定增落地助力新平台研发,一般,一般报告,国信证券,"胡剑,胡慧,叶子,张大为,詹浏洋,李书颖,连欣然",2025Q4,677299.0,,210600.0,209000.0,4.956,256.5,0.0,27.8,249.4,优于大市,,
688256.SH,寒武纪,20251021,寒武纪：存货环比持续增长保障交付，定增落地助力新平台研发,一般,一般报告,国信证券,"胡剑,胡慧,叶子,张大为,詹浏洋,李书颖,连欣然",2026Q4,1218492.0,,472600.0,469000.0,11.122,114.3,0.0,38.4,112.1,优于大市,,
688256.SH,寒武纪,20251021,寒武纪：业绩符合预期，有望持续爆发增长,点评,一般报告,长江证券,"宗建树,杨洋,余庚宗",2025Q4,690900.0,380400.0,228300.0,219300.0,5.201,238.06,,28.9,219.25,买入,,
688256.SH,寒武纪,20251021,寒武纪：存货环比持续增长保障交付，定增落地助力新平台研发,一般,一般报告,国信证券,"胡剑,胡慧,叶子,张大为,詹浏洋,李书颖,连欣然",2027Q4,2009970.0,,860400.0,854000.0,20.252,62.8,0.0,41.2,63.3,优于大市,,
688256.SH,寒武纪,20251021,寒武纪：业绩符合预期，有望持续爆发增长,点评,一般报告,长江证券,"宗建树,杨洋,余庚宗",2026Q4,1350900.0,770400.0,481900.0,453300.0,10.75,115.16,,37.4,106.12,买入,,
688256.SH,寒武纪,20251021,寒武纪：业绩符合预期，有望持续爆发增长,点评,一般报告,长江证券,"宗建树,杨洋,余庚宗",2027Q4,1950900.0,1150400.0,766400.0,720800.0,17.093,72.41,,37.3,66.64,买入,,
688256.SH,寒武纪,20251020,寒武纪：国产算力龙头，业绩高速增长,点评,首次关注,群益证券,朱吉翔,2027Q4,2003100.0,,809300.0,707800.0,16.92,73.8,0.01,,,区间操作,,1300.0
688256.SH,寒武纪,20251020,寒武纪：国产算力龙头，业绩高速增长,点评,首次关注,群益证券,朱吉翔,2026Q4,1380300.0,,586500.0,521000.0,12.45,100.3,0.01,,,区间操作,,1300.0
688256.SH,寒武纪,20251020,寒武纪：国产算力龙头，业绩高速增长,点评,首次关注,群益证券,朱吉翔,2025Q4,697000.0,,242300.0,222400.0,5.32,235.0,0.01,,,区间操作,,1300.0
688256.SH,寒武纪,20251020,寒武纪：业绩同比维持高增长态势，研发投入持续加码——公司简评报告,点评,一般报告,东海证券,"方霁,董经纬",2027Q4,2265495.0,1305200.0,780000.0,779103.0,18.62,68.79,,38.2,66.14,增持,,
688256.SH,寒武纪,20251020,寒武纪：业绩同比维持高增长态势，研发投入持续加码——公司简评报告,点评,一般报告,东海证券,"方霁,董经纬",2026Q4,1386465.0,784800.0,484500.0,483933.0,11.57,110.75,,38.5,104.37,增持,,
688256.SH,寒武纪,20251020,寒武纪：业绩同比维持高增长态势，研发投入持续加码——公司简评报告,点评,一般报告,东海证券,"方霁,董经纬",2025Q4,685965.0,380900.0,233400.0,233610.0,5.58,229.42,,30.2,201.5,增持,,
688256.SH,寒武纪,20251019,寒武纪2025三季度点评：供给延续增长，存货创新高,点评,一般报告,浙商证券,"童非,王凌涛,厉秋迪,安子超,张致远",2026Q4,1345900.0,,340400.0,282000.0,6.74,185.09,,28.05,138.05,买入,,
688256.SH,寒武纪,20251019,寒武纪2025三季度点评：供给延续增长，存货创新高,点评,一般报告,浙商证券,"童非,王凌涛,厉秋迪,安子超,张致远",2027Q4,2055500.0,,559900.0,465200.0,11.12,112.19,,31.63,84.64,买入,,
688256.SH,寒武纪,20251019,寒武纪2025年三季报业绩点评：业绩符合预期，AI生态协同深化,点评,一般报告,东吴证券,"陈海进,李雅文",2025Q4,677121.0,,217100.0,210630.0,5.03,247.81,,18.0,,买入,,
688256.SH,寒武纪,20251019,寒武纪2025年三季报业绩点评：业绩符合预期，AI生态协同深化,点评,一般报告,东吴证券,"陈海进,李雅文",2026Q4,1353457.0,,520300.0,486925.0,11.64,107.2,,29.38,,买入,,
688256.SH,寒武纪,20251019,寒武纪2025年三季报业绩点评：业绩符合预期，AI生态协同深化,点评,一般报告,东吴证券,"陈海进,李雅文",2027Q4,2300392.0,,958200.0,873340.0,20.88,59.77,,34.51,,买入,,
688256.SH,寒武纪,20251019,寒武纪2025年三季报点评：业绩高增延续，自身壁垒有望不断强化,点评,一般报告,民生证券,"吕伟,郭新宇",2025Q4,635900.0,,206100.0,199300.0,4.76,262.0,0.11,17.28,215.64,推荐,,
688256.SH,寒武纪,20251019,寒武纪2025年三季报点评：业绩高增延续，自身壁垒有望不断强化,点评,一般报告,民生证券,"吕伟,郭新宇",2026Q4,953700.0,,368400.0,356300.0,8.52,147.0,0.2,24.57,125.75,推荐,,
688256.SH,寒武纪,20251019,寒武纪2025年三季报点评：业绩高增延续，自身壁垒有望不断强化,点评,一般报告,民生证券,"吕伟,郭新宇",2027Q4,1185300.0,,521800.0,504700.0,12.06,103.0,0.29,27.32,90.28,推荐,,
688256.SH,寒武纪,20251019,寒武纪2025三季度点评：供给延续增长，存货创新高,点评,一般报告,浙商证券,"童非,王凌涛,厉秋迪,安子超,张致远",2025Q4,752900.0,,199200.0,183200.0,4.38,284.91,,25.32,241.74,买入,,
688256.SH,寒武纪,20251018,寒武纪：25Q3存货大量增加，格局溢价终将体现,一般,一般报告,广发证券,"刘雪峰,周源",2025Q4,683800.0,,231900.0,230300.0,5.46,228.5,,19.7,208.0,买入,,1480.92
688256.SH,寒武纪,20251018,寒武纪：25Q3存货大量增加，格局溢价终将体现,一般,一般报告,广发证券,"刘雪峰,周源",2026Q4,1367900.0,,446100.0,446100.0,10.58,118.0,,27.6,112.9,买入,,1480.92
688256.SH,寒武纪,20251018,寒武纪：25Q3存货大量增加，格局溢价终将体现,一般,一般报告,广发证券,"刘雪峰,周源",2027Q4,2281900.0,,709300.0,709200.0,16.82,74.2,,30.5,71.9,买入,,1480.92
688256.SH,寒武纪,20251018,Cambricon：AI_ecosystem_in_expansion；3Q25_revenues_stay_high_leading_9M25_close_to_2025_low－end_guidance；Buy,点评,一般报告,高盛集团（GoldmanSachs）,"Verena Jeng,Allen Chang",2025Q4,657740.0,363100.0,217200.0,217400.0,5.18,,0.0,,,Buy,,2104.0
688256.SH,寒武纪,20251018,Cambricon：AI_ecosystem_in_expansion；3Q25_revenues_stay_high_leading_9M25_close_to_2025_low－end_guidance；Buy,点评,一般报告,高盛集团（GoldmanSachs）,"Verena Jeng,Allen Chang",2026Q1,,,,,1.1,,,,,Buy,,2104.0
688256.SH,寒武纪,20251018,Cambricon：AI_ecosystem_in_expansion；3Q25_revenues_stay_high_leading_9M25_close_to_2025_low－end_guidance；Buy,点评,一般报告,高盛集团（GoldmanSachs）,"Verena Jeng,Allen Chang",2026Q4,1401140.0,756600.0,367500.0,366500.0,8.69,,0.0,,,Buy,,2104.0
688256.SH,寒武纪,20251018,Cambricon：AI_ecosystem_in_expansion；3Q25_revenues_stay_high_leading_9M25_close_to_2025_low－end_guidance；Buy,点评,一般报告,高盛集团（GoldmanSachs）,"Verena Jeng,Allen Chang",2027Q4,3004270.0,1607300.0,773600.0,769800.0,18.26,,0.0,,,Buy,,2104.0
688256.SH,寒武纪,20251018,寒武纪2025年三季报点评：Q3营收同比增长13倍，看好思元690放量增长,点评,一般报告,国海证券,"刘熹,唐锦珂",2025Q4,689100.0,,268900.0,259800.0,6.21,200.88,,32.0,184.3,买入,,
688256.SH,寒武纪,20251018,寒武纪2025年三季报点评：Q3营收同比增长13倍，看好思元690放量增长,点评,一般报告,国海证券,"刘熹,唐锦珂",2026Q4,1804100.0,,799700.0,776500.0,18.56,67.22,,49.0,63.87,买入,,
688256.SH,寒武纪,20251018,寒武纪2025年三季报点评：Q3营收同比增长13倍，看好思元690放量增长,点评,一般报告,国海证券,"刘熹,唐锦珂",2027Q4,2597600.0,,1148600.0,1105100.0,26.42,47.23,,41.0,44.6,买入,,
688256.SH,寒武纪,20251018,寒武纪：业绩符合预期，芯片自主可控加速未来成长,点评,一般报告,国泰海通,"舒迪,段笑南",2025Q4,683400.0,,,218500.0,5.22,253.73,0.0,28.8,219.93,增持,,1717.1
688256.SH,寒武纪,20251018,寒武纪：业绩符合预期，芯片自主可控加速未来成长,点评,一般报告,国泰海通,"舒迪,段笑南",2026Q4,1686000.0,,,652900.0,15.61,84.89,0.0,46.3,75.89,增持,,1717.1
688256.SH,寒武纪,20251018,寒武纪：业绩符合预期，芯片自主可控加速未来成长,点评,一般报告,国泰海通,"舒迪,段笑南",2027Q4,2308200.0,,,957200.0,22.88,57.91,0.0,40.4,52.41,增持,,1717.1
688256.SH,寒武纪,20251017,寒武纪：供给端大改善,点评,一般报告,国盛证券,"刘高畅,赵伟博",2025Q4,852200.0,,319800.0,291200.0,6.96,179.2,,35.0,154.8,买入,,
688256.SH,寒武纪,20251017,寒武纪：供给端大改善,点评,一般报告,国盛证券,"刘高畅,赵伟博",2026Q4,1703600.0,,653800.0,595500.0,14.23,87.7,,41.7,76.5,买入,,
688256.SH,寒武纪,20251017,寒武纪：供给端大改善,点评,一般报告,国盛证券,"刘高畅,赵伟博",2027Q4,2555000.0,,1004900.0,915300.0,21.88,57.0,,39.1,49.9,买入,,
688256.SH,寒武纪,20251009,寒武纪-U公司动态研究报告：AI算力芯片技术领先，软硬件协同发展提升业绩弹性,点评,首份报告,华鑫证券,"何鹏程,石俊烨",2025Q4,646000.0,,222200.0,219500.0,5.25,252.5,,28.7,,买入,,
688256.SH,寒武纪,20251009,寒武纪-U公司动态研究报告：AI算力芯片技术领先，软硬件协同发展提升业绩弹性,点评,首份报告,华鑫证券,"何鹏程,石俊烨",2026Q4,968900.0,,341000.0,337000.0,8.05,164.5,,30.5,,买入,,
688256.SH,寒武纪,20251009,寒武纪-U公司动态研究报告：AI算力芯片技术领先，软硬件协同发展提升业绩弹性,点评,首份报告,华鑫证券,"何鹏程,石俊烨",2027Q4,1405000.0,,515200.0,509000.0,12.17,108.9,,31.4,,买入,,
688256.SH,寒武纪,20250909,寒武纪中报点评：AI芯片领先企业，中报业绩超预期,点评,一般报告,国泰海通,"舒迪,陈豪杰",2025Q4,712300.0,,,210800.0,5.04,240.74,0.0,28.9,212.85,增持,,1674.0
688256.SH,寒武纪,20250909,寒武纪中报点评：AI芯片领先企业，中报业绩超预期,点评,一般报告,国泰海通,"舒迪,陈豪杰",2026Q4,933000.0,,,333700.0,7.98,152.03,0.1,32.4,137.18,增持,,1674.0
688256.SH,寒武纪,20250909,寒武纪中报点评：AI芯片领先企业，中报业绩超预期,点评,一般报告,国泰海通,"舒迪,陈豪杰",2027Q4,1166100.0,,,427000.0,10.21,118.82,0.1,30.2,107.97,增持,,1674.0
688256.SH,寒武纪,20250903,寒武纪2025H1财报点评：净利率大幅提升，规模效应显现,点评,一般报告,长江证券,"杨洋,宗建树,余庚宗",2027Q4,1350900.0,800400.0,538600.0,506500.0,12.11,122.24,,31.8,113.26,买入,,
688256.SH,寒武纪,20250903,寒武纪2025H1财报点评：净利率大幅提升，规模效应显现,点评,一般报告,长江证券,"杨洋,宗建树,余庚宗",2026Q4,950900.0,550400.0,350200.0,329300.0,7.87,188.0,,30.4,173.28,买入,,
688256.SH,寒武纪,20250903,寒武纪2025H1财报点评：净利率大幅提升，规模效应显现,点评,一般报告,长江证券,"杨洋,宗建树,余庚宗",2025Q4,620900.0,360400.0,224100.0,215200.0,5.14,287.7,,28.5,265.03,买入,,
688256.SH,寒武纪,20250831,寒武纪2025年中报业绩点评：25H1营收同比增长4348％，Q2净利率环比快速提升,点评,一般报告,东吴证券,"陈海进,李雅文",2025Q4,583818.0,,175500.0,170311.0,4.07,390.05,,23.43,,买入,,
688256.SH,寒武纪,20250831,寒武纪2025年中报业绩点评：25H1营收同比增长4348％，Q2净利率环比快速提升,点评,一般报告,东吴证券,"陈海进,李雅文",2026Q4,1166853.0,,439400.0,402642.0,9.62,164.99,,35.64,,买入,,
688256.SH,寒武纪,20250831,寒武纪2025年中报业绩点评：25H1营收同比增长4348％，Q2净利率环比快速提升,点评,一般报告,东吴证券,"陈海进,李雅文",2027Q4,1749908.0,,696200.0,617427.0,14.76,107.59,,35.34,,买入,,
688256.SH,寒武纪,20250829,寒武纪2025年半年报点评：费用端相对刚性，造就利润高弹性,点评,一般报告,西部证券,"郑宏达,李想",2027Q4,1735200.0,,509500.0,499400.0,11.94,133.0,,39.9,,买入,,
688256.SH,寒武纪,20250829,寒武纪2025年半年报点评：费用端相对刚性，造就利润高弹性,点评,一般报告,西部证券,"郑宏达,李想",2026Q4,1157000.0,,292700.0,286200.0,6.84,232.1,,33.4,,买入,,
688256.SH,寒武纪,20250829,寒武纪2025年半年报点评：费用端相对刚性，造就利润高弹性,点评,一般报告,西部证券,"郑宏达,李想",2025Q4,689000.0,,164300.0,159500.0,3.81,416.4,,25.4,,买入,,
688256.SH,寒武纪,20250828,寒武纪：二季度业绩同环比大增，定增项目加码软硬件平台研发——公司简评报告,点评,一般报告,东海证券,"方霁,董经纬",2025Q4,868784.0,499700.0,305400.0,305644.0,7.31,187.81,,36.1,169.6,增持,,
688256.SH,寒武纪,20250828,寒武纪：二季度业绩同环比大增，定增项目加码软硬件平台研发——公司简评报告,点评,一般报告,东海证券,"方霁,董经纬",2026Q4,1659842.0,1002100.0,631200.0,630397.0,15.07,91.06,,42.7,86.76,增持,,
688256.SH,寒武纪,20250828,寒武纪：二季度业绩同环比大增，定增项目加码软硬件平台研发——公司简评报告,点评,一般报告,东海证券,"方霁,董经纬",2027Q4,2553360.0,1604100.0,993600.0,992388.0,23.72,57.84,,40.2,55.89,增持,,
688256.SH,寒武纪,20250828,寒武纪2Q25：备货现金支出环比下降,点评,一般报告,华泰证券,"谢春生,张皓怡,陈钰,林文富",2027Q4,2949400.0,1570300.0,1296000.0,1282800.0,30.66,51.79,0.0,50.47,49.34,买入,,
688256.SH,寒武纪,20250828,寒武纪2025年半年报点评：国产AI算力龙头，2025Q2业绩延续高增态势,点评,一般报告,民生证券,"吕伟,郭新宇",2027Q4,1185300.0,,522200.0,505000.0,12.07,114.0,0.26,34.77,99.94,推荐,,
688256.SH,寒武纪,20250828,寒武纪2025年半年报点评：国产AI算力龙头，2025Q2业绩延续高增态势,点评,一般报告,民生证券,"吕伟,郭新宇",2026Q4,953700.0,,368200.0,356100.0,8.51,161.0,0.19,33.78,139.2,推荐,,
688256.SH,寒武纪,20250828,寒武纪2025年半年报点评：国产AI算力龙头，2025Q2业绩延续高增态势,点评,一般报告,民生证券,"吕伟,郭新宇",2025Q4,635900.0,,206100.0,199300.0,4.76,288.0,0.1,26.3,238.7,推荐,,
688256.SH,寒武纪,20250828,寒武纪2Q25：备货现金支出环比下降,点评,一般报告,华泰证券,"谢春生,张皓怡,陈钰,林文富",2026Q4,1405300.0,734800.0,531800.0,526400.0,12.58,126.19,0.0,41.82,117.84,买入,,
688256.SH,寒武纪,20250828,寒武纪2Q25：备货现金支出环比下降,点评,一般报告,华泰证券,"谢春生,张皓怡,陈钰,林文富",2025Q4,618600.0,346600.0,196700.0,196800.0,4.7,337.56,0.0,26.59,301.52,买入,,
688256.SH,寒武纪,20250828,寒武纪点评：业绩超预期，关注下一代国产芯片研发进程,点评,一般报告,浙商证券,"童非,王凌涛,代云龙,厉秋迪,张致远",2027Q4,2055500.0,,559900.0,465200.0,11.12,123.38,,31.63,93.15,买入,,
688256.SH,寒武纪,20250828,寒武纪点评：业绩超预期，关注下一代国产芯片研发进程,点评,一般报告,浙商证券,"童非,王凌涛,代云龙,厉秋迪,张致远",2026Q4,1345900.0,,340400.0,282000.0,6.74,203.54,,28.05,151.86,买入,,
688256.SH,寒武纪,20250828,寒武纪点评：业绩超预期，关注下一代国产芯片研发进程,点评,一般报告,浙商证券,"童非,王凌涛,代云龙,厉秋迪,张致远",2025Q4,752900.0,,199200.0,183200.0,4.38,313.32,,25.32,265.87,买入,,
688256.SH,寒武纪,20250827,寒武纪：25H1公司营收上台阶，利润大幅增长,一般,一般报告,广发证券,"刘雪峰,周源,戴亚敏",2025Q4,813800.0,,244900.0,243200.0,5.81,236.0,,31.0,213.5,买入,,1458.9
688256.SH,寒武纪,20250827,寒武纪：25H1公司营收上台阶，利润大幅增长,一般,一般报告,广发证券,"刘雪峰,周源,戴亚敏",2027Q4,2254500.0,,669500.0,669500.0,16.0,85.7,,36.0,82.6,买入,,1458.9
688256.SH,寒武纪,20250827,寒武纪：25H1公司营收上台阶，利润大幅增长,一般,一般报告,广发证券,"刘雪峰,周源,戴亚敏",2026Q4,1363000.0,,404400.0,404300.0,9.67,142.0,,34.0,133.5,买入,,1458.9
688256.SH,寒武纪,20250827,寒武纪-U2025年半年报点评：2025Q2归母净利润超市场预期，净利率创历史新高,点评,一般报告,国海证券,刘熹,2027Q4,3213600.0,,1424300.0,1370400.0,32.76,41.89,,42.0,39.09,买入,,
688256.SH,寒武纪,20250827,寒武纪-U2025年半年报点评：2025Q2归母净利润超市场预期，净利率创历史新高,点评,一般报告,国海证券,刘熹,2026Q4,2231900.0,,990700.0,961900.0,22.99,59.68,,52.0,56.39,买入,,
688256.SH,寒武纪,20250827,寒武纪-U2025年半年报点评：2025Q2归母净利润超市场预期，净利率创历史新高,点评,一般报告,国海证券,刘熹,2025Q4,852400.0,,350400.0,338600.0,8.09,169.52,,38.0,153.13,买入,,
688256.SH,寒武纪,20250827,寒武纪：时代的主角，利润率大超预期,点评,一般报告,国盛证券,"刘高畅,赵伟博",2025Q4,852200.0,,319800.0,291200.0,6.96,190.9,,35.0,165.0,买入,,
688256.SH,寒武纪,20250827,寒武纪：时代的主角，利润率大超预期,点评,一般报告,国盛证券,"刘高畅,赵伟博",2026Q4,1703600.0,,653800.0,595500.0,14.23,93.4,,41.7,81.6,买入,,
688256.SH,寒武纪,20250827,寒武纪：时代的主角，利润率大超预期,点评,一般报告,国盛证券,"刘高畅,赵伟博",2027Q4,2555000.0,,1004900.0,915300.0,21.88,60.7,,39.1,53.2,买入,,
688256.SH,寒武纪,20250824,Cambricon：AI_chips_on_China_Cloud_and_Diversification_trend；TP_up_to_Rmb1，835,一般,一般报告,高盛集团（GoldmanSachs）,"Verena Jeng,Allen Chang",2027Q4,2937710.0,1571700.0,655390.0,648930.0,15.54,,0.0,49.2,78.8,Buy,,1835.0
688256.SH,寒武纪,20250824,Cambricon：AI_chips_on_China_Cloud_and_Diversification_trend；TP_up_to_Rmb1，835,一般,一般报告,高盛集团（GoldmanSachs）,"Verena Jeng,Allen Chang",2026Q4,1384020.0,747400.0,304330.0,302900.0,7.26,,0.0,35.9,170.4,Buy,,1835.0
688256.SH,寒武纪,20250824,Cambricon：AI_chips_on_China_Cloud_and_Diversification_trend；TP_up_to_Rmb1，835,一般,一般报告,高盛集团（GoldmanSachs）,"Verena Jeng,Allen Chang",2025Q4,646830.0,358000.0,150860.0,150600.0,3.61,,0.0,24.4,356.0,Buy,,1835.0
688256.SH,寒武纪,20250824,Cambricon：AI_chips_on_China_Cloud_and_Diversification_trend；TP_up_to_Rmb1，835,一般,一般报告,高盛集团（GoldmanSachs）,"Verena Jeng,Allen Chang",2025Q3,,,,,2.55,,,,,Buy,,1835.0
688256.SH,寒武纪,20250811,寒武纪点评：需求满载，关注供给,点评,一般报告,浙商证券,"童非,王凌涛,代云龙,厉秋迪,张致远",2025Q4,752900.0,,199200.0,183200.0,4.38,161.53,,25.25,136.93,买入,,
688256.SH,寒武纪,20250811,寒武纪点评：需求满载，关注供给,点评,一般报告,浙商证券,"童非,王凌涛,代云龙,厉秋迪,张致远",2026Q4,1345900.0,,340400.0,282000.0,6.74,104.93,,27.99,78.05,买入,,
688256.SH,寒武纪,20250811,寒武纪点评：需求满载，关注供给,点评,一般报告,浙商证券,"童非,王凌涛,代云龙,厉秋迪,张致远",2027Q4,2055500.0,,559900.0,465300.0,11.12,63.61,,31.59,47.68,买入,,
688256.SH,寒武纪,20250804,8月金股策略：布局新高：国泰海通策略2025年8月金股组合,非个股,一般报告,国泰海通,无,2025Q4,,,,213358.614,5.1,,,,,增持,,
688256.SH,寒武纪,20250804,8月金股策略：布局新高：国泰海通策略2025年8月金股组合,非个股,一般报告,国泰海通,无,2026Q4,,,,334680.179,8.0,,,,,增持,,
688256.SH,寒武纪,20250804,8月金股策略：布局新高：国泰海通策略2025年8月金股组合,非个股,一般报告,国泰海通,无,2027Q4,,,,426717.228,10.2,,,,,增持,,
688256.SH,寒武纪,20250725,寒武纪：调整定增募资金额，新品进展值得期待,点评,一般报告,长江证券,"杨洋,宗建树,余庚宗",2025Q4,480900.0,270400.0,119000.0,114300.0,2.73,219.67,,17.5,194.93,买入,,
688256.SH,寒武纪,20250725,寒武纪：调整定增募资金额，新品进展值得期待,点评,一般报告,长江证券,"杨洋,宗建树,余庚宗",2026Q4,660900.0,345400.0,172600.0,162300.0,3.88,154.69,,19.9,139.07,买入,,
688256.SH,寒武纪,20250725,寒武纪：调整定增募资金额，新品进展值得期待,点评,一般报告,长江证券,"杨洋,宗建树,余庚宗",2027Q4,950900.0,509400.0,271100.0,255000.0,6.09,98.48,,23.8,89.41,买入,,
688256.SH,寒武纪,20250629,寒武纪：云边端共铸国产算力脊梁，软硬件同迎寒武破晓时代——公司深度报告,深度,首次关注,东海证券,"方霁,董经纬",2027Q4,2510450.0,1581900.0,712500.0,691275.0,16.56,35.36,,38.9,33.0,买入,,
688256.SH,寒武纪,20250629,寒武纪：云边端共铸国产算力脊梁，软硬件同迎寒武破晓时代——公司深度报告,深度,首次关注,东海证券,"方霁,董经纬",2026Q4,1617054.0,1018100.0,397900.0,386000.0,9.25,63.32,,35.5,57.38,买入,,
688256.SH,寒武纪,20250629,寒武纪：云边端共铸国产算力脊梁，软硬件同迎寒武破晓时代——公司深度报告,深度,首次关注,东海证券,"方霁,董经纬",2025Q4,844334.0,511400.0,164400.0,159533.0,3.82,153.21,,22.7,123.89,买入,,
688256.SH,寒武纪,20250623,寒武纪：定增加码研发，步入收获之年——公司更新点评,点评,一般报告,浙商证券,"王凌涛,安子超,代云龙,陈颖,黄王琥",2025Q4,752900.0,,199200.0,183200.0,4.39,129.43,,25.25,109.65,买入,,
688256.SH,寒武纪,20250623,寒武纪：定增加码研发，步入收获之年——公司更新点评,点评,一般报告,浙商证券,"王凌涛,安子超,代云龙,陈颖,黄王琥",2026Q4,1345900.0,,340400.0,282000.0,6.76,84.08,,27.99,62.43,买入,,
688256.SH,寒武纪,20250623,寒武纪：定增加码研发，步入收获之年——公司更新点评,点评,一般报告,浙商证券,"王凌涛,安子超,代云龙,陈颖,黄王琥",2027Q4,2055500.0,,559900.0,465300.0,11.15,50.96,,31.59,38.06,买入,,
688256.SH,寒武纪,20250616,寒武纪：一季度业绩同环比高增，积极备货保障下游供应,一般,首份报告,国信证券,"胡剑,胡慧,叶子,张大为,詹浏洋,李书颖,连欣然",2025Q4,502357.0,,112700.0,111900.0,2.68,262.5,0.0,17.1,256.9,优于大市,,
688256.SH,寒武纪,20250616,寒武纪：一季度业绩同环比高增，积极备货保障下游供应,一般,首份报告,国信证券,"胡剑,胡慧,叶子,张大为,詹浏洋,李书颖,连欣然",2026Q4,728072.0,,213600.0,212000.0,5.08,138.5,0.0,24.5,136.5,优于大市,,
688256.SH,寒武纪,20250616,寒武纪：一季度业绩同环比高增，积极备货保障下游供应,一般,首份报告,国信证券,"胡剑,胡慧,叶子,张大为,詹浏洋,李书颖,连欣然",2027Q4,1018984.0,,335300.0,332700.0,7.97,88.3,0.0,27.8,89.6,优于大市,,
688256.SH,寒武纪,20250603,寒武纪：国产算力芯片中军，迎接智算时代历史机遇,一般,首次评级,第一上海证券,黄晨,2025Q4,841600.0,505000.0,325400.0,276600.0,6.6,91.1,,,,买入,,987.0
688256.SH,寒武纪,20250603,寒武纪：国产算力芯片中军，迎接智算时代历史机遇,一般,首次评级,第一上海证券,黄晨,2026Q4,1348300.0,809000.0,565600.0,480800.0,11.5,52.4,,,,买入,,987.0
688256.SH,寒武纪,20250603,寒武纪：国产算力芯片中军，迎接智算时代历史机遇,一般,首次评级,第一上海证券,黄晨,2027Q4,2160300.0,1296200.0,968000.0,822800.0,19.7,30.6,,,,买入,,987.0
688256.SH,寒武纪,20250506,寒武纪公司点评报告：定增加码智能芯片布局，迎接自主可控发展机遇,点评,一般报告,国海证券,刘熹,2025Q4,584200.0,,146100.0,141200.0,3.38,208.06,,21.0,173.18,买入,,
688256.SH,寒武纪,20250506,寒武纪公司点评报告：定增加码智能芯片布局，迎接自主可控发展机遇,点评,一般报告,国海证券,刘熹,2026Q4,817600.0,,275700.0,267700.0,6.41,109.72,,28.0,97.63,买入,,
688256.SH,寒武纪,20250506,寒武纪公司点评报告：定增加码智能芯片布局，迎接自主可控发展机遇,点评,一般报告,国海证券,刘熹,2027Q4,1062800.0,,392600.0,377700.0,9.05,77.76,,28.0,69.66,买入,,
688256.SH,寒武纪,20250425,寒武纪-U2024年报&25Q1季报点评：第一大客户营收贡献高，存货持续大增,点评,一般报告,东吴证券,"陈海进,李雅文",2027Q4,1098688.0,,344600.0,305645.0,7.32,94.51,,25.35,,买入,,
688256.SH,寒武纪,20250425,寒武纪-U2024年报&25Q1季报点评：第一大客户营收贡献高，存货持续大增,点评,一般报告,东吴证券,"陈海进,李雅文",2026Q4,814054.0,,241500.0,221281.0,5.3,130.54,,24.59,,买入,,
688256.SH,寒武纪,20250425,寒武纪-U2024年报&25Q1季报点评：第一大客户营收贡献高，存货持续大增,点评,一般报告,东吴证券,"陈海进,李雅文",2025Q4,525504.0,,135300.0,131301.0,3.15,220.0,,19.35,,买入,,
688256.SH,寒武纪,20250424,寒武纪：国内领先的AI芯片供应商，2025Q1扣非净利润迎拐点,点评,首次关注,山西证券,"高宇洋,傅盛盛",2027Q4,1171200.0,,332300.0,301400.0,7.22,96.3,,24.8,72.4,买入,,
688256.SH,寒武纪,20250424,寒武纪：国内领先的AI芯片供应商，2025Q1扣非净利润迎拐点,点评,首次关注,山西证券,"高宇洋,傅盛盛",2025Q4,560900.0,,179100.0,162400.0,3.89,178.7,,23.5,141.6,买入,,
688256.SH,寒武纪,20250424,寒武纪：国内领先的AI芯片供应商，2025Q1扣非净利润迎拐点,点评,首次关注,山西证券,"高宇洋,傅盛盛",2026Q4,817000.0,,243000.0,219200.0,5.25,132.4,,24.2,98.5,买入,,
688256.SH,寒武纪,20250424,寒武纪2024年年报及2025年一季报点评：25Q1业绩环增，国产算力有望进入放量期,点评,首次关注,中信证券,"徐涛,雷俊成",2025Q4,525800.0,,113500.0,111500.0,2.67,260.3,,16.9,232.8,无,,
688256.SH,寒武纪,20250424,寒武纪2024年年报及2025年一季报点评：25Q1业绩环增，国产算力有望进入放量期,点评,首次关注,中信证券,"徐涛,雷俊成",2026Q4,788900.0,,172700.0,169700.0,4.07,170.8,,20.5,150.0,无,,
688256.SH,寒武纪,20250424,寒武纪2024年年报及2025年一季报点评：25Q1业绩环增，国产算力有望进入放量期,点评,首次关注,中信证券,"徐涛,雷俊成",2027Q4,1026500.0,,268100.0,263400.0,6.31,110.1,,24.1,97.8,无,,
688256.SH,寒武纪,20250422,寒武纪：国产算力盈利里程碑，鱼入大海，鸟上青霄-,点评,一般报告,东北证券,"李玖,张禹",2025Q4,526400.0,,152200.0,131100.0,3.14,221.29,0.0,19.47,,增持,,
688256.SH,寒武纪,20250422,寒武纪：国产算力盈利里程碑，鱼入大海，鸟上青霄-,点评,一般报告,东北证券,"李玖,张禹",2027Q4,1068000.0,,433700.0,373600.0,8.95,77.66,0.0,29.29,,增持,,
688256.SH,寒武纪,20250422,寒武纪：国产算力盈利里程碑，鱼入大海，鸟上青霄-,点评,一般报告,东北证券,"李玖,张禹",2026Q4,790200.0,,265100.0,228300.0,5.47,127.09,0.0,25.32,,增持,,
688256.SH,寒武纪,20250422,寒武纪：25Q1环比持续增长，存货预付积极增加保障交付能力,点评,一般报告,第一上海证券,黄晨,,,,,,,,,,,无,,
688256.SH,寒武纪,20250422,寒武纪：利润开始释放，经营杠杆显著,点评,一般报告,华泰证券,"谢春生,张皓怡,陈钰,林文富",2027Q4,1056300.0,,333900.0,327100.0,7.84,88.69,,26.26,82.29,买入,,
688256.SH,寒武纪,20250422,寒武纪：利润开始释放，经营杠杆显著,点评,一般报告,华泰证券,"谢春生,张皓怡,陈钰,林文富",2026Q4,801300.0,,252600.0,247500.0,5.93,117.23,,26.94,105.3,买入,,
688256.SH,寒武纪,20250422,寒武纪：利润开始释放，经营杠杆显著,点评,一般报告,华泰证券,"谢春生,张皓怡,陈钰,林文富",2025Q4,527100.0,,142000.0,139100.0,3.33,208.53,,20.73,177.28,买入,,
688256.SH,寒武纪,20250421,寒武纪2024年报&2025Q1点评：业绩进入爆发期，存货超预期支撑持续高增长,点评,一般报告,长江证券,"宗建树,杨洋,余庚宗",2025Q4,480900.0,270400.0,119000.0,114300.0,2.74,244.51,,17.4,217.29,买入,,
688256.SH,寒武纪,20250421,寒武纪2024年报&2025Q1点评：业绩进入爆发期，存货超预期支撑持续高增长,点评,一般报告,长江证券,"宗建树,杨洋,余庚宗",2026Q4,660900.0,345400.0,172600.0,162400.0,3.89,172.15,,19.8,155.09,买入,,
688256.SH,寒武纪,20250421,寒武纪2024年报&2025Q1点评：业绩进入爆发期，存货超预期支撑持续高增长,点评,一般报告,长江证券,"宗建树,杨洋,余庚宗",2027Q4,950900.0,509400.0,271100.0,255000.0,6.11,109.61,,23.7,99.78,买入,,
688256.SH,寒武纪,20250421,寒武纪季报点评：AI芯片领先企业，业绩超预期,点评,一般报告,国泰海通,"舒迪,陈豪杰",2025Q4,712300.0,,,210800.0,5.05,137.66,0.1,28.8,121.42,增持,,836.08
688256.SH,寒武纪,20250421,寒武纪2024年年报及2025年一季报点评：收入环比增长，存货积极增加,点评,一般报告,西部证券,"郑宏达,李想",2025Q4,529200.0,,135000.0,131100.0,3.14,213.2,,21.3,,买入,,
688256.SH,寒武纪,20250421,寒武纪2024年年报及2025年一季报点评：收入环比增长，存货积极增加,点评,一般报告,西部证券,"郑宏达,李想",2026Q4,804100.0,,225500.0,220500.0,5.28,126.8,,27.7,,买入,,
688256.SH,寒武纪,20250421,寒武纪2024年年报及2025年一季报点评：收入环比增长，存货积极增加,点评,一般报告,西部证券,"郑宏达,李想",2027Q4,1077200.0,,321100.0,314700.0,7.54,88.8,,29.6,,买入,,
688256.SH,寒武纪,20250421,寒武纪季报点评：AI芯片领先企业，业绩超预期,点评,一般报告,国泰海通,"舒迪,陈豪杰",2026Q4,933000.0,,,333800.0,8.0,86.93,0.1,32.3,77.98,增持,,836.08
688256.SH,寒武纪,20250421,寒武纪季报点评：AI芯片领先企业，业绩超预期,点评,一般报告,国泰海通,"舒迪,陈豪杰",2027Q4,1166100.0,,,427000.0,10.23,67.94,0.1,30.1,61.05,增持,,836.08
688256.SH,寒武纪,20250420,寒武纪2024年年报和2025年一季报点评：厚积薄发，国产算力的“寒武纪”时刻,一般,一般报告,国海证券,刘熹,2025Q4,584300.0,,160400.0,155700.0,3.73,179.53,,22.0,152.27,买入,,
688256.SH,寒武纪,20250420,寒武纪2024年年报和2025年一季报点评：厚积薄发，国产算力的“寒武纪”时刻,一般,一般报告,国海证券,刘熹,2026Q4,817600.0,,300000.0,293400.0,7.03,95.28,,29.0,86.09,买入,,
688256.SH,寒武纪,20250420,寒武纪2024年年报和2025年一季报点评：厚积薄发，国产算力的“寒武纪”时刻,一般,一般报告,国海证券,刘熹,2027Q4,1069100.0,,416000.0,403300.0,9.66,69.3,,29.0,62.33,买入,,
688256.SH,寒武纪,20250420,寒武纪-U：公司进入兑现期，格局溢价将持续发酵,一般,一般报告,广发证券,"刘雪峰,周源",2025Q4,616200.0,,145200.0,144200.0,3.45,193.82,,20.7,163.29,买入,,811.83
688256.SH,寒武纪,20250420,寒武纪-U：公司进入兑现期，格局溢价将持续发酵,一般,一般报告,广发证券,"刘雪峰,周源",2026Q4,776900.0,,214200.0,214200.0,5.13,130.52,,23.5,114.53,买入,,811.83
688256.SH,寒武纪,20250420,寒武纪-U：公司进入兑现期，格局溢价将持续发酵,一般,一般报告,广发证券,"刘雪峰,周源",2027Q4,960500.0,,289400.0,289400.0,6.93,96.59,,24.0,86.52,买入,,811.83
688256.SH,寒武纪,20250419,寒武纪：时代的主角，业绩迎爆发拐点,点评,一般报告,国盛证券,"刘高畅,赵伟博",2025Q4,525600.0,,149300.0,136000.0,3.26,205.6,,20.0,168.7,买入,,
688256.SH,寒武纪,20250419,寒武纪：时代的主角，业绩迎爆发拐点,点评,一般报告,国盛证券,"刘高畅,赵伟博",2026Q4,735600.0,,215300.0,196100.0,4.7,142.6,,22.4,119.0,买入,,
688256.SH,寒武纪,20250419,寒武纪：时代的主角，业绩迎爆发拐点,点评,一般报告,国盛证券,"刘高畅,赵伟博",2027Q4,1029500.0,,310600.0,282900.0,6.78,98.8,,24.4,85.9,买入,,
688256.SH,寒武纪,20250419,寒武纪-U2024年年报及2025年一季报点评：业绩超预期，存货关键指标预示国产AI芯片拐点有望到来,点评,一般报告,民生证券,"吕伟,郭新宇",2027Q4,1075400.0,,330500.0,319700.0,7.66,87.0,0.34,28.81,71.12,推荐,,
688256.SH,寒武纪,20250419,寒武纪-U2024年年报及2025年一季报点评：业绩超预期，存货关键指标预示国产AI芯片拐点有望到来,点评,一般报告,民生证券,"吕伟,郭新宇",2026Q4,803800.0,,234300.0,226600.0,5.43,123.0,0.24,26.41,97.65,推荐,,
688256.SH,寒武纪,20250419,寒武纪-U2024年年报及2025年一季报点评：业绩超预期，存货关键指标预示国产AI芯片拐点有望到来,点评,一般报告,民生证券,"吕伟,郭新宇",2025Q4,503500.0,,131400.0,127100.0,3.04,220.0,0.14,18.98,184.21,推荐,,
688256.SH,寒武纪,20250410,计算机：MoE、大规模、多模态、长文本，Llama_4系列模型开启开源AI新纪元,非个股,一般报告,国泰海通,"杨林,杨昊翊,杨蒙",2026Q4,,,,48842.44,1.17,,,,,增持,,
688256.SH,寒武纪,20250410,计算机：MoE、大规模、多模态、长文本，Llama_4系列模型开启开源AI新纪元,非个股,一般报告,国泰海通,"杨林,杨昊翊,杨蒙",2025Q4,,,,4592.024,0.11,,,,,增持,,
688256.SH,寒武纪,20250410,计算机：MoE、大规模、多模态、长文本，Llama_4系列模型开启开源AI新纪元,非个股,一般报告,国泰海通,"杨林,杨昊翊,杨蒙",2024Q4,,,,-44250.416,-1.06,,,,,增持,,
688256.SH,寒武纪,20250317,中信证券每日盈利预测,非个股,一般报告,中信证券,"徐涛,雷俊成",2024Q4,117400.0,,,-44200.0,-1.06,,,-8.4,,无,,
688256.SH,寒武纪,20250317,中信证券每日盈利预测,非个股,一般报告,中信证券,"徐涛,雷俊成",2025Q4,355000.0,,,36800.0,0.88,,,6.5,,无,,
688256.SH,寒武纪,20250317,中信证券每日盈利预测,非个股,一般报告,中信证券,"徐涛,雷俊成",2026Q4,550100.0,,,85100.0,2.04,,,13.1,,无,,
688256.SH,寒武纪,20250228,寒武纪-U：24Q4业绩高增反映供需两旺，AI芯片放量进行中,点评,一般报告,广发证券,"刘雪峰,周源,戴亚敏",2024Q4,117400.0,,-44700.0,-44300.0,-1.06,,,-8.4,,买入,,807.84
688256.SH,寒武纪,20250228,寒武纪-U：24Q4业绩高增反映供需两旺，AI芯片放量进行中,点评,一般报告,广发证券,"刘雪峰,周源,戴亚敏",2025Q4,421500.0,,19800.0,19800.0,0.47,1680.83,,3.6,769.57,买入,,807.84
688256.SH,寒武纪,20250228,寒武纪-U：24Q4业绩高增反映供需两旺，AI芯片放量进行中,点评,一般报告,广发证券,"刘雪峰,周源,戴亚敏",2026Q4,699800.0,,103500.0,103400.0,2.48,321.22,,15.7,251.78,买入,,807.84
688256.SH,寒武纪,20250226,寒武纪-U：寒武破晓，算力腾飞,深度,首次关注,东吴证券,"陈海进,李雅文",2024Q4,111585.0,,-47500.0,-46117.0,-1.1,,,-8.53,,买入,,
688256.SH,寒武纪,20250226,寒武纪-U：寒武破晓，算力腾飞,深度,首次关注,东吴证券,"陈海进,李雅文",2025Q4,358761.0,,23700.0,21311.0,0.51,1548.24,,3.79,,买入,,
688256.SH,寒武纪,20250226,寒武纪-U：寒武破晓，算力腾飞,深度,首次关注,东吴证券,"陈海进,李雅文",2026Q4,541163.0,,46800.0,40679.0,0.97,811.11,,6.75,,买入,,
688256.SH,寒武纪,20250218,算力平权：策略联合行业系列专题,非个股,一般报告,西部证券,无,2025Q4,,,,3339.654,0.08,,,,,无,,
688256.SH,寒武纪,20250218,算力平权：策略联合行业系列专题,非个股,一般报告,西部证券,无,2024Q4,,,,-45920.243,-1.1,,,,,无,,
688256.SH,寒武纪,20250210,寒武纪：技术立足，算力中军，充分受益AI浪潮,点评,首次关注,第一上海证券,黄晨,2024Q4,143100.0,,,-45600.0,-1.1,,,,,无,,
688256.SH,寒武纪,20250210,寒武纪：技术立足，算力中军，充分受益AI浪潮,点评,首次关注,第一上海证券,黄晨,2025Q4,325000.0,,,8700.0,0.2,,,,,无,,
688256.SH,寒武纪,20250210,寒武纪：技术立足，算力中军，充分受益AI浪潮,点评,首次关注,第一上海证券,黄晨,2026Q4,491500.0,,,61300.0,1.5,,,,,无,,
688256.SH,寒武纪,20250206,电子行业点评：Meta25年Capex预计高增，微软AI进展积极,非个股,一般报告,民生证券,"方竞,李萌",2025Q4,,,,14610.986,0.35,,,,,推荐,,
688256.SH,寒武纪,20250206,电子行业点评：Meta25年Capex预计高增，微软AI进展积极,非个股,一般报告,民生证券,"方竞,李萌",2024Q4,,,,-25882.319,-0.62,,,,,推荐,,
688256.SH,寒武纪,20250121,寒武纪2024年业绩预告点评：预计2024年营收增速50%+，2024Q4首季度实现盈利,点评,一般报告,国海证券,刘熹,2024Q4,112200.0,,-44100.0,-42900.0,-1.03,,,-8.0,,增持,,
688256.SH,寒武纪,20250121,寒武纪2024年业绩预告点评：预计2024年营收增速50%+，2024Q4首季度实现盈利,点评,一般报告,国海证券,刘熹,2025Q4,199600.0,,1700.0,1600.0,0.04,15972.84,,0.0,977.73,增持,,
688256.SH,寒武纪,20250121,寒武纪2024年业绩预告点评：预计2024年营收增速50%+，2024Q4首季度实现盈利,点评,一般报告,国海证券,刘熹,2026Q4,278900.0,,22600.0,21900.0,0.53,1190.47,,4.0,561.88,增持,,
688256.SH,寒武纪,20250115,寒武纪：24Q4进入规模落地阶段、落地兑现符合产业规律,一般,一般报告,广发证券,"刘雪峰,周源",2024Q4,113600.0,74200.0,-43800.0,-43800.0,-1.05,,,-8.3,,买入,,713.98
688256.SH,寒武纪,20250115,寒武纪：24Q4进入规模落地阶段、落地兑现符合产业规律,一般,一般报告,广发证券,"刘雪峰,周源",2025Q4,350650.0,229550.0,17000.0,17000.0,0.41,1701.05,,3.1,722.3,买入,,713.98
688256.SH,寒武纪,20250115,寒武纪：24Q4进入规模落地阶段、落地兑现符合产业规律,一般,一般报告,广发证券,"刘雪峰,周源",2026Q4,594180.0,394510.0,81200.0,81200.0,1.95,356.8,,12.8,265.24,买入,,713.98
