ts_code,industry_name,trade_date,stage,action,radar_score,trend_score,startup_score,breadth_score,finance_score,overheat_score,weakening_score,ret_20,ret_60,ret_120,rs_20,rs_60,rs_120,rank_improve_20,amount_share,amount_share_ratio,pe,pb,pe_temp,pb_temp,member_count,breadth_coverage,above_20_ratio,above_60_ratio,above_120_ratio,new_high_60_ratio,positive_ret_20_ratio,positive_ret_60_ratio,median_member_ret_20,median_member_ret_60,leader_gap_60,financial_member_count,financial_coverage,sales_positive_ratio,profit_positive_ratio,profit_improve_ratio,cashflow_positive_ratio,median_q_sales_yoy,median_q_netprofit_yoy,status_note,breadth_note,finance_note,confirm_note,refute_note
801086.SI,电子化学品Ⅱ,2026-05-21,高位拥挤,持有但不追,76.68574005803038,98.64516129032258,72.3810138248848,80.91428571428571,65.48571428571428,97.81327871650453,0.2822580645161288,0.22289059502526554,0.3096216660419564,0.7023344147911612,0.20786216614606,0.29600120299474186,0.600459218336252,0.12096774193548387,0.01710730833882076,1.3580774443121342,100.16,6.5,0.9947089947089947,0.9947089947089947,35,1.0,0.8,0.9428571428571428,0.9428571428571428,0.0,0.9142857142857143,0.8571428571428571,0.17602040816326525,0.2869538270839789,0.5520163443798752,35,1.0,0.8857142857142857,0.6285714285714286,0.5142857142857142,0.6,15.2054,9.5727,成交关注度升温；20/60/120日趋势同向；短期热度偏高,中期转强成分多；龙头领先过大,利润正增长覆盖高,宽度扩散；财务景气支持,龙头独舞风险；短期热度高
801081.SI,半导体,2026-05-21,高位拥挤,持有但不追,76.14249128794782,97.87096774193549,78.34017595307918,73.63636363636364,62.37178993323061,98.35106246799795,0.0,0.2787284041736502,0.308490686375422,0.5361129067650354,0.26369997529444467,0.29487022332820745,0.43423771031012626,0.22580645161290325,0.158118834947152,1.3416897689862473,115.17,9.17,0.9272486772486772,0.9973544973544973,178,0.9887640449438202,0.7556818181818182,0.8693181818181818,0.8295454545454546,0.022727272727272728,0.8863636363636364,0.7159090909090909,0.1719277033384511,0.15384615384615397,0.46370647969052226,178,0.9943820224719101,0.807909604519774,0.5706214689265536,0.6079545454545454,0.5028248587570622,22.8175,16.8602,60日相对排名改善快；成交关注度升温；20/60/120日趋势同向,中期转强成分多；龙头领先过大,利润同比改善扩散,宽度扩散；财务景气支持；盘面排名抬升,龙头独舞风险；短期热度高
801731.SI,电机Ⅱ,2026-05-21,高位拥挤,持有但不追,72.32651775046936,76.6774193548387,96.25253456221199,57.0,58.7989417989418,83.48559907834102,3.1048387096774204,0.07157332082183565,-0.01423101378294167,0.02776721984580477,0.05654489194263013,-0.027851476830156208,-0.0741079766091044,0.5322580645161291,0.005289657285553272,1.2011299276528185,63.46,4.12,0.8042328042328042,0.8743386243386243,28,1.0,0.6071428571428571,0.75,0.6428571428571429,0.03571428571428571,0.7142857142857143,0.39285714285714285,0.04538635538856539,-0.04029015452334772,0.34692258527342557,28,1.0,0.6071428571428571,0.5,0.6296296296296297,0.6428571428571429,2.7767999999999997,-0.08389999999999986,60日相对排名改善快；成交关注度升温；20/60/120日趋势同向,中期转强成分多；龙头领先过大,利润同比改善扩散,宽度开始跟；盘面排名抬升,龙头独舞风险；短期热度高
801083.SI,元件,2026-05-21,高位拥挤,持有但不追,71.55434203789042,98.89516129032258,61.40163850486431,70.34920634920634,59.2642089093702,95.20526113671275,0.8467741935483863,0.20800513584526215,0.5337905757654309,0.6993525112129804,0.19297670696605662,0.5201701127182163,0.5974773147580712,0.016129032258064502,0.04208239768663551,1.1595560338791104,75.21,9.33,0.9933862433862434,0.9947089947089947,65,0.9692307692307692,0.6031746031746031,0.8253968253968254,0.8571428571428571,0.015873015873015872,0.7142857142857143,0.8253968253968254,0.08980213089802125,0.24597935179560593,0.5345434185202801,65,0.9692307692307692,0.8571428571428571,0.5238095238095238,0.3709677419354839,0.6666666666666666,19.8369,2.7056,成交关注度升温；20/60/120日趋势同向；短期热度偏高,中期转强成分多；龙头领先过大,财务景气中性,宽度扩散；利润覆盖改善,龙头独舞风险；短期热度高
801082.SI,其他电子Ⅱ,2026-05-21,高位拥挤,持有但不追,71.54203470277,91.71774193548387,77.38888587693141,58.76470588235295,58.41176470588235,91.3957159924902,1.9758064516129015,0.08257787902338465,0.1237689253004306,0.21975134535687624,0.06754945014417912,0.11014846225321606,0.11787614890196707,0.2661290322580645,0.01048290102887505,1.2167720383361738,67.09,6.41,0.75,0.9616402116402116,35,0.9714285714285714,0.5882352941176471,0.6764705882352942,0.6470588235294118,0.029411764705882353,0.7058823529411765,0.6176470588235294,0.07496532586836924,0.12182296231375989,0.4160205549663578,35,0.9714285714285714,0.8235294117647058,0.5588235294117647,0.4117647058823529,0.5588235294117647,17.802999999999997,10.5097,60日相对排名改善快；成交关注度升温；20/60/120日趋势同向,中期转强成分多；龙头领先过大,财务景气中性,宽度开始跟；利润覆盖改善；盘面排名抬升,龙头独舞风险；短期热度高
801116.SI,家电零部件Ⅱ,2026-05-21,高位拥挤,持有但不追,70.38514080901177,89.44354838709677,92.57917050691243,43.77142857142856,46.171428571428564,90.03001792114695,2.2580645161290342,0.07750030097565741,0.03808787006623193,0.23925977526036912,0.062471872096451886,0.024467407019017395,0.13738457880545996,0.5403225806451613,0.008328604178636964,1.2034129979505461,50.05,4.64,0.9920634920634921,0.9801587301587301,35,1.0,0.5142857142857142,0.5142857142857142,0.45714285714285713,0.08571428571428572,0.45714285714285713,0.42857142857142855,-0.018787878787878687,-0.04182804027885367,0.37010345079445944,35,1.0,0.45714285714285713,0.3142857142857143,0.4857142857142857,0.6571428571428571,-2.5951,-29.1074,60日相对排名改善快；成交关注度升温；20/60/120日趋势同向,龙头领先过大,利润覆盖偏弱,盘面排名抬升,龙头独舞风险；短期热度高
801078.SI,自动化设备,2026-05-21,高位拥挤,持有但不追,69.58751243297962,97.4758064516129,63.05918745696276,61.5632183908046,54.50574712643679,93.21797661717015,0.5645161290322576,0.21557601155724293,0.28418201397221,0.5461038500865585,0.2005475826780374,0.27056155092499545,0.4442286536316493,0.06451612903225812,0.027120315170962087,1.1228443765405531,93.24,6.85,0.996031746031746,0.9973544973544973,88,0.9886363636363636,0.7126436781609196,0.735632183908046,0.6896551724137931,0.034482758620689655,0.7126436781609196,0.5402298850574713,0.07737406558226267,0.013982349495321844,0.5060583416942445,88,0.9886363636363636,0.7126436781609196,0.4827586206896552,0.5632183908045977,0.41379310344827586,18.5141,-0.9835,20/60/120日趋势同向；短期热度偏高,中期转强成分多；龙头领先过大,财务景气中性,宽度开始跟,龙头独舞风险；短期热度高
801084.SI,光学光电子,2026-05-21,高位拥挤,持有但不追,68.7986465972374,92.25,65.11340327483086,59.553191489361694,50.90526315789474,83.3534519542584,2.540322580645163,0.07596484236150758,0.12334829009367643,0.26644522063251586,0.060936413482302054,0.10972782704646189,0.1645700241776067,0.12903225806451613,0.03146402810537508,1.0810790173092373,63.69,2.65,0.7222222222222222,0.9986772486772487,99,0.9494949494949495,0.648936170212766,0.6914893617021277,0.6595744680851063,0.07446808510638298,0.6808510638297872,0.574468085106383,0.05690187779779188,0.06101694915254252,0.3970846939853833,99,0.9595959595959596,0.6210526315789474,0.4105263157894737,0.47368421052631576,0.5684210526315789,7.5152,-18.0608,20/60/120日趋势同向；短期热度偏高,中期转强成分多；龙头领先过大,财务景气中性,宽度开始跟,龙头独舞风险；短期热度高
801085.SI,消费电子,2026-05-21,高位拥挤,持有但不追,67.65382185914444,93.22580645161291,72.68506260764325,50.38383838383839,49.070707070707066,94.19342037890425,1.6935483870967727,0.08866506981797961,0.17395405059205826,0.22534913622197417,0.07363664093877409,0.16033358754484373,0.123473939767065,0.21774193548387089,0.037634716826336304,1.2355609078431116,41.05,5.09,0.9417989417989417,0.9708994708994709,102,0.9705882352941176,0.5050505050505051,0.6060606060606061,0.5555555555555556,0.030303030303030304,0.5959595959595959,0.494949494949495,0.02741935483870961,-0.0021583461548269067,0.5413603056165489,102,0.9705882352941176,0.5959595959595959,0.3838383838383838,0.47474747474747475,0.5454545454545454,10.0395,-28.8023,60日相对排名改善快；成交关注度升温；20/60/120日趋势同向,龙头领先过大,财务景气中性,宽度开始跟；盘面排名抬升,龙头独舞风险；短期热度高
801036.SI,塑料,2026-05-21,高位拥挤,持有但不追,65.63646134928393,92.99999999999999,59.2453288646837,48.41558441558442,56.31168831168831,87.40269243898277,3.669354838709678,0.05680151882322071,0.12661849491028976,0.309054755855944,0.041773089944015185,0.11299803186307522,0.20717955940103483,0.08064516129032251,0.009962827847888241,1.088049346521723,67.55,3.66,0.9828042328042328,0.9867724867724867,81,0.9506172839506173,0.4155844155844156,0.6103896103896104,0.5324675324675324,0.025974025974025976,0.5714285714285714,0.4935064935064935,0.020790020790020902,0.0013373884720161988,0.5087417192598562,81,0.9506172839506173,0.6623376623376623,0.45454545454545453,0.6103896103896104,0.5454545454545454,8.6223,-5.6088,20/60/120日趋势同向；短期热度偏高,龙头领先过大,利润同比改善扩散,宽度开始跟,龙头独舞风险；短期热度高
801072.SI,通用设备,2026-05-21,高位拥挤,持有但不追,65.52445525873054,91.61290322580645,61.650664911125745,44.75102040816327,52.54244482173175,81.1473374295955,3.3870967741935494,0.07023471818257976,0.06212389380530969,0.3233242166456509,0.055206289303374234,0.048503430758095156,0.22144902019074175,0.15322580645161288,0.03651323685591523,1.0194697487219897,73.53,4.4,0.9920634920634921,0.9920634920634921,252,0.9722222222222222,0.43673469387755104,0.5306122448979592,0.5346938775510204,0.02857142857142857,0.5102040816326531,0.4326530612244898,0.0032522968289780962,-0.03960279311237519,0.4388716810694548,252,0.9841269841269841,0.6935483870967742,0.46774193548387094,0.5587044534412956,0.36693548387096775,8.039200000000001,-4.15085,20/60/120日趋势同向；短期热度偏高,龙头领先过大,财务景气中性,盘面先动，确认不足,龙头独舞风险；短期热度高
801102.SI,通信设备,2026-05-21,高位拥挤,持有但不追,64.71635711958294,98.08064516129033,52.606744868035186,47.227272727272734,55.95454545454545,92.09011776753712,2.822580645161292,0.07469208505093294,0.4437666221538945,0.8457718758686237,0.05966365617172742,0.43014615910667997,0.7438966794137145,0.0,0.05786990041727849,1.070450495771556,74.46,10.42,0.9735449735449735,0.9867724867724867,99,0.8888888888888888,0.29545454545454547,0.6363636363636364,0.6136363636363636,0.0,0.42045454545454547,0.5340909090909091,-0.015089329315861266,0.024302168845647065,0.6758148906205619,99,0.8888888888888888,0.7386363636363636,0.6022727272727273,0.5568181818181818,0.2840909090909091,15.81725,11.336300000000001,20/60/120日趋势同向；短期热度偏高,龙头领先过大,利润正增长覆盖高；现金流质量待验,宽度开始跟；利润覆盖改善,龙头独舞风险；短期热度高
801111.SI,白色家电,2026-05-21,趋势确认,继续跟踪核心,64.44114968424645,71.66935483870967,68.72460829493087,43.599999999999994,53.400000000000006,54.91971752858849,5.927419354838708,0.026173710211581325,-0.01840041720101704,-0.017974591712693,0.0111452813323758,-0.032020880248231576,-0.11984978816760217,0.23387096774193544,0.0016433956136809186,1.012049481326176,11.21,2.03,0.5423280423280423,0.03835978835978836,13,0.7692307692307693,0.4,0.6,0.3,0.0,0.7,0.4,0.02558976876855812,-0.04932100125285005,0.07169495791146199,13,0.7692307692307693,0.4,0.3,0.8,0.7,-3.68505,-12.304549999999999,60日相对排名改善快；20/60/120日趋势同向,宽度中性,利润覆盖偏弱；利润同比改善扩散,盘面排名抬升,暂无显著反证
801972.SI,环保设备Ⅱ,2026-05-21,高位拥挤,持有但不追,63.4081046253627,93.90322580645162,55.82304147465438,51.857142857142854,43.785714285714285,90.30073391363715,4.798387096774193,0.038184816904101915,0.19887657507211176,0.3440523590452418,0.02315638802489639,0.18525611202489722,0.24217716259033262,-0.024193548387096753,0.0031199200824636518,1.253711522391691,48.1,2.82,0.9484126984126984,0.9854497354497355,29,0.9655172413793104,0.4642857142857143,0.6071428571428571,0.6428571428571429,0.03571428571428571,0.5714285714285714,0.5357142857142857,0.014129057967920633,0.015330216522557172,0.7752027603045374,29,0.9655172413793104,0.5,0.42857142857142855,0.5357142857142857,0.25,0.71855,-13.99765,成交关注度升温；20/60/120日趋势同向；短期热度偏高,龙头领先过大,现金流质量待验,宽度开始跟,龙头独舞风险；财务景气偏弱；短期热度高
801051.SI,金属新材料,2026-05-21,高位拥挤,持有但不追,62.721751167133526,80.0725806451613,69.22433179723502,32.34285714285714,66.85882352941177,78.7447516641065,15.64516129032258,0.03504537275796249,-0.01632170178665182,0.14045406409824546,0.020016943878756965,-0.029942164833866358,0.03857886764333629,0.30645161290322587,0.004594832757176543,1.0176919083894718,72.34,4.37,0.9761904761904762,0.9444444444444444,35,1.0,0.34285714285714286,0.4,0.37142857142857144,0.0,0.34285714285714286,0.3142857142857143,-0.01924448058535594,-0.11311168336411254,0.4532074155166755,35,1.0,0.9142857142857143,0.7142857142857143,0.6176470588235294,0.37142857142857144,21.6204,21.5404,60日相对排名改善快；20/60/120日趋势同向；短期热度偏高,龙头领先过大,利润正增长覆盖高；利润同比改善扩散,财务景气支持；盘面排名抬升,宽度未跟上；龙头独舞风险；短期热度高
801712.SI,玻璃玻纤,2026-05-21,高位拥挤,持有但不追,62.19763888888889,97.48387096774194,53.58629032258065,42.125,45.0,94.20378904249873,1.1290322580645151,0.16033295144008197,0.2426651949704195,0.9101619076053193,0.14530452256087645,0.22904473192320496,0.8082867111504102,-0.048387096774193505,0.007517577659546932,1.1063018464040415,58.93,3.61,0.9920634920634921,0.9920634920634921,16,1.0,0.4375,0.5,0.5625,0.0,0.4375,0.375,-0.013605442176870763,-0.045823731208371465,0.5552265832582823,16,1.0,0.5,0.375,0.5,0.4375,1.07655,-24.022599999999997,20/60/120日趋势同向；短期热度偏高,龙头领先过大,财务景气中性,盘面先动，确认不足,龙头独舞风险；短期热度高
801039.SI,非金属材料Ⅱ,2026-05-21,高位拥挤,持有但不追,61.612897252090804,96.40322580645162,51.42795698924731,36.333333333333336,52.5,91.98544973544973,1.411290322580644,0.13263954234138065,0.282504982825156,0.5103251098681583,0.11761111346217512,0.2688845197779415,0.4084499134132491,-0.016129032258064502,0.0019448097547991523,1.0589967164121767,59.15,4.85,0.9907407407407407,0.9193121693121693,13,0.9230769230769231,0.3333333333333333,0.4166666666666667,0.4166666666666667,0.0,0.4166666666666667,0.4166666666666667,-0.06942781212898963,-0.1481267904919099,0.9064204917547688,13,0.9230769230769231,0.5,0.4166666666666667,0.5,0.75,-2.74945,-20.7808,20/60/120日趋势同向；短期热度偏高,龙头领先过大,财务景气中性,盘面先动，确认不足,宽度未跟上；龙头独舞风险；短期热度高
801223.SI,通信服务,2026-05-21,高位拥挤,持有但不追,60.77488830464637,75.72043010752688,66.47106227106228,41.641025641025635,50.51282051282051,79.43780935313194,7.620967741935485,0.011848062204356857,0.02160848105209645,0.048913638238587076,-0.003180366674848667,0.007988018004881914,-0.05296155821632209,0.30645161290322587,0.010970075157380806,1.0061605745007403,30.41,2.01,0.8544973544973545,0.8981481481481481,43,0.9069767441860465,0.3333333333333333,0.5384615384615384,0.5384615384615384,0.0,0.48717948717948717,0.358974358974359,0.0,-0.05991735537190079,0.3290051193485489,43,0.9069767441860465,0.5384615384615384,0.4358974358974359,0.6666666666666666,0.358974358974359,1.0305,-16.7946,60日相对排名改善快；短期热度偏高；短线弱于中期趋势,龙头领先过大,利润同比改善扩散,盘面排名抬升,龙头独舞风险；短期热度高
801093.SI,汽车零部件,2026-05-21,潜伏观察,观察验证,60.702322113527536,79.04032258064515,64.72641280620907,34.32330827067669,51.99122807017544,71.73990868748933,13.951612903225808,0.04274974433515988,-0.021064327214647682,0.12009640705875246,0.027721315455954354,-0.03468479026186222,0.018221210603843296,0.2096774193548387,0.031698784902474304,1.0356203519340559,30.09,2.8,0.8716931216931217,0.9126984126984127,269,0.9888475836431226,0.38345864661654133,0.4398496240601504,0.3533834586466165,0.022556390977443608,0.4473684210526316,0.2593984962406015,-0.02090724197093896,-0.10340775558166859,0.2533899429703399,269,0.9888475836431226,0.6278195488721805,0.45864661654135336,0.4166666666666667,0.6165413533834586,5.0445,-6.3088,60日相对排名改善快；20/60/120日趋势同向,宽度中性,财务景气中性,盘面排名抬升,宽度未跟上
801112.SI,黑色家电,2026-05-21,潜伏观察,观察验证,59.846380952380954,64.85752688172043,59.79188940092166,47.6,57.400000000000006,70.08160522273425,0.0,0.0031345805724802833,-0.03438684789986923,0.029222841815486733,-0.011893848306725241,-0.04800731094708377,-0.07265235463942243,0.1935483870967742,0.0016521379385821054,1.0166927946962094,36.57,2.61,0.8716931216931217,0.783068783068783,10,1.0,0.3,0.6,0.5,0.0,0.7,0.5,0.030787712589312677,-0.00449654063162197,0.3431612113812252,10,1.0,0.8,0.4,0.7,0.4,7.9958,-25.972450000000002,60日相对排名改善快,龙头领先过大,利润同比改善扩散,宽度开始跟；盘面排名抬升,龙头独舞风险
801161.SI,电力,2026-05-21,趋势确认,继续跟踪核心,58.90793304418542,79.06720430107526,46.910707508809985,48.470588235294116,54.745098039215684,72.13306451612904,16.209677419354836,0.021139383830398373,0.0786471142434142,0.06383100682115073,0.0061109549511928485,0.06502665119619966,-0.03804418963375844,0.040322580645161255,0.02228169783988368,0.901525934111652,21.36,1.7,0.7923280423280423,0.9576719576719577,105,0.9714285714285714,0.3137254901960784,0.45098039215686275,0.6470588235294118,0.0,0.5588235294117647,0.7156862745098039,0.016260243193232826,0.050858676978590145,0.2923997291146664,105,0.9714285714285714,0.47058823529411764,0.5196078431372549,0.46078431372549017,0.7941176470588235,-0.9252,0.7092499999999999,等待更多共振证据,龙头领先过大,财务景气中性,宽度开始跟,龙头独舞风险
801722.SI,装修装饰Ⅱ,2026-05-21,高位拥挤,持有但不追,58.705516441379,73.48655913978494,62.92459153749478,47.27272727272728,46.52173913043479,86.99575439494795,6.491935483870966,0.020307443878704756,0.019809531052607188,0.02821584364243601,0.005279014999499232,0.0061890680053926506,-0.07365935281247316,0.14516129032258074,0.0017395496541838156,1.3823484521379104,85.6,2.95,0.9537037037037037,0.9841269841269841,27,0.8148148148148148,0.36363636363636365,0.5909090909090909,0.6363636363636364,0.0,0.45454545454545453,0.5,-0.007384489597545674,-0.007278489083860529,0.33162274767677546,27,0.8518518518518519,0.391304347826087,0.5652173913043478,0.6086956521739131,0.21739130434782608,-10.3537,9.8941,成交关注度升温；短期热度偏高,龙头领先过大,利润同比改善扩散；现金流质量待验,宽度开始跟；利润覆盖改善,龙头独舞风险；短期热度高
801113.SI,小家电,2026-05-21,潜伏观察,观察验证,58.704334047075974,55.8010752688172,86.51227482195225,34.72727272727272,45.272727272727266,70.07970643454514,10.0,0.0379773283046545,-0.050503947327362964,-0.10358249572372591,0.022948899425448976,-0.0641244103745775,-0.20545769217863508,0.48387096774193555,0.0013885937497238288,1.2259301057995002,28.19,2.94,0.8915343915343915,0.1349206349206349,24,0.9166666666666666,0.45454545454545453,0.45454545454545453,0.2727272727272727,0.09090909090909091,0.5909090909090909,0.13636363636363635,0.015375586854460166,-0.054661016949152486,0.1578904156128498,24,0.9166666666666666,0.5,0.2727272727272727,0.5454545454545454,0.5454545454545454,0.3963,-38.69915,60日相对排名改善快；成交关注度升温,宽度中性,利润覆盖偏弱,盘面排名抬升,宽度未跟上
801101.SI,计算机设备,2026-05-21,高位拥挤,持有但不追,58.494333182349315,69.13172043010752,76.95692780337943,31.466666666666665,50.24175824175824,78.35966035159583,19.032258064516128,0.005530931425315133,-0.0018573341127222642,0.012386802286107779,-0.009497497453890391,-0.015477797159936801,-0.08948839416880139,0.4274193548387097,0.015875482466695064,1.2165146941570568,42.85,3.91,0.5978835978835979,0.8571428571428571,95,0.9473684210526315,0.28888888888888886,0.37777777777777777,0.37777777777777777,0.011111111111111112,0.37777777777777777,0.3,-0.04789863882048623,-0.10137795275590544,0.3806756333503063,95,0.9578947368421052,0.6923076923076923,0.4945054945054945,0.4945054945054945,0.2967032967032967,10.5344,-1.3605,60日相对排名改善快；成交关注度升温；短期热度偏高,龙头领先过大,现金流质量待验,盘面排名抬升,宽度未跟上；龙头独舞风险；短期热度高
801737.SI,电池,2026-05-21,高位拥挤,持有但不追,58.24453345731494,77.84946236559138,45.78011245930749,43.57798165137614,66.39046557489496,80.82337002901518,11.572580645161292,-0.012539422593884186,0.11727695102827607,0.07846993063505958,-0.02756785147308971,0.10365648798106153,-0.023405265819849586,-0.040322580645161255,0.03675338840561674,1.0952766432875034,32.32,4.02,0.7632275132275133,0.9417989417989417,112,0.9732142857142857,0.29357798165137616,0.5229357798165137,0.5504587155963303,0.009174311926605505,0.44954128440366975,0.5321100917431193,-0.021477205245898412,0.022910108429520903,0.4327340238007587,112,0.9732142857142857,0.8532110091743119,0.6880733944954128,0.6261682242990654,0.44954128440366975,34.8548,47.2524,短期热度偏高；财务景气有支持；短线弱于中期趋势,龙头领先过大,利润正增长覆盖高；利润同比改善扩散,财务景气支持,龙头独舞风险；短期热度高
801733.SI,其他电源设备Ⅱ,2026-05-21,高位拥挤,持有但不追,58.192981481481475,82.3010752688172,42.45935483870968,45.199999999999996,56.86666666666666,80.30143795869603,7.903225806451614,0.011725697054485673,0.06061932307883078,0.28067587667774596,-0.003302731824719851,0.04699886003161624,0.1788006802228368,-0.040322580645161255,0.00816558230937964,0.9590794592794937,72.25,3.92,0.9537037037037037,0.9603174603174603,33,0.9090909090909091,0.36666666666666664,0.5333333333333333,0.6333333333333333,0.0,0.5,0.43333333333333335,-0.0005258883092659206,-0.03274725631534514,0.4892583219068116,33,0.9090909090909091,0.7,0.7,0.4,0.43333333333333335,17.415,15.388649999999998,短期热度偏高；短线弱于中期趋势,龙头领先过大,利润正增长覆盖高,宽度开始跟；利润覆盖改善,龙头独舞风险；短期热度高
801744.SI,航海装备Ⅱ,2026-05-21,潜伏观察,观察验证,57.90877794845537,80.97043010752688,54.28940092165899,17.0,72.0,74.86441798941799,14.233870967741936,0.04122037512722332,0.040703377617381076,0.15198048172339962,0.026191946248017794,0.02708291457016654,0.05010528526849045,0.2016129032258065,0.0026055674729161434,0.9802910209510178,29.2,2.34,0.0026455026455026454,0.8637566137566137,11,0.9090909090909091,0.0,0.2,0.3,0.0,0.2,0.2,-0.12402331359863333,-0.17562617950429787,0.2924163293426824,11,0.9090909090909091,0.8,0.8,0.8,0.4,25.32595,84.4304,60日相对排名改善快；财务景气有支持,宽度偏窄；龙头领先过大,利润正增长覆盖高；利润同比改善扩散,财务景气支持；盘面排名抬升,宽度未跟上；龙头独舞风险
801992.SI,航运港口,2026-05-21,潜伏观察,观察验证,56.17342891278375,84.5725806451613,33.46193548387097,23.6,74.22857142857143,57.18000085338796,30.443548387096772,-0.005391049948162974,0.05731220522606639,0.13094999709322996,-0.020419478827368498,0.043691742178851856,0.029074800638320797,-0.06451612903225801,0.004604794740202136,0.6377545147674676,14.83,1.34,0.9841269841269841,0.9431216931216931,44,0.7954545454545454,0.2857142857142857,0.22857142857142856,0.2571428571428571,0.02857142857142857,0.2571428571428571,0.2857142857142857,-0.020179372197309364,-0.036144578313252906,0.23101611945138664,44,0.7954545454545454,0.8285714285714286,0.6571428571428571,0.6285714285714286,0.9142857142857143,8.5926,7.2563,20/60/120日趋势同向；财务景气有支持；短线弱于中期趋势,宽度偏窄,利润正增长覆盖高；利润同比改善扩散,财务景气支持,宽度未跟上
801132.SI,服装家纺,2026-05-21,潜伏观察,观察验证,55.31110206519884,60.99731182795699,55.98304147465438,39.800000000000004,66.93333333333334,70.87747482505547,22.056451612903228,0.01230180256012181,-0.010772342862713558,-0.0071791108665076875,-0.0027266263190837137,-0.024392805909928095,-0.10905430732141685,0.15322580645161288,0.0021532732600863945,1.0985749184082567,29.73,1.88,0.8518518518518519,0.9193121693121693,66,0.9090909090909091,0.31666666666666665,0.4666666666666667,0.43333333333333335,0.016666666666666666,0.5333333333333333,0.43333333333333335,0.0031344767057251977,-0.04429366701229154,0.320604211162182,66,0.9090909090909091,0.7333333333333333,0.65,0.5833333333333334,0.7333333333333333,7.4049,14.58375,财务景气有支持,龙头领先过大,利润正增长覆盖高；利润同比改善扩散,财务景气支持,龙头独舞风险
801074.SI,专用设备,2026-05-21,潜伏观察,观察验证,53.83598609569437,77.8010752688172,42.68821990135007,33.095477386934675,51.50597989949749,73.59912101041134,18.185483870967744,0.009695149321801377,0.018079779085981906,0.20500455756397518,-0.005333279557404147,0.004459316038767369,0.10312936110906601,0.008064516129032251,0.019556886439324565,1.0038310817744882,48.44,3.56,0.9854497354497355,0.9484126984126984,203,0.9802955665024631,0.3065326633165829,0.39195979899497485,0.3969849246231156,0.010050251256281407,0.39195979899497485,0.32663316582914576,-0.05073852482004293,-0.09944715550921684,0.43479846243992887,203,0.9852216748768473,0.59,0.515,0.507537688442211,0.435,4.244149999999999,2.1773,短线弱于中期趋势,龙头领先过大,财务景气中性,盘面先动，确认不足,宽度未跟上；龙头独舞风险
801115.SI,照明设备Ⅱ,2026-05-21,潜伏观察,观察验证,53.65687958696023,84.35752688172043,41.32073732718894,37.57142857142857,22.857142857142854,71.80803038061102,7.338709677419356,0.011913866052651212,0.14120688281312255,0.2595695698285003,-0.0031145628265543124,0.127586419765908,0.15769437337359116,-0.032258064516129115,0.0006579695162108409,0.9501112703588354,59.65,2.18,0.9854497354497355,0.9246031746031746,14,1.0,0.35714285714285715,0.42857142857142855,0.42857142857142855,0.0,0.42857142857142855,0.42857142857142855,-0.06027435988185542,-0.07434743861349757,0.5282579186474639,14,1.0,0.21428571428571427,0.07142857142857142,0.21428571428571427,0.5,-4.0154,-77.41355,短线弱于中期趋势,龙头领先过大,利润覆盖偏弱,盘面先动，确认不足,宽度未跟上；龙头独舞风险；财务景气偏弱
801735.SI,光伏设备,2026-05-21,潜伏观察,观察验证,51.98582138590203,73.64516129032258,43.88165898617511,31.942857142857143,42.114285714285714,67.57362604540023,20.0,0.03950597088172758,-0.03786428169595024,0.036694602626327066,0.024477542002522057,-0.05148474474316478,-0.0651805938285821,0.016129032258064502,0.021664585429164204,0.7921690413563314,61.53,3.59,0.9947089947089947,0.8849206349206349,72,0.9722222222222222,0.3,0.34285714285714286,0.44285714285714284,0.0,0.37142857142857144,0.3142857142857143,-0.0481412605324103,-0.1515420682550223,0.37013429124740843,72,0.9722222222222222,0.34285714285714286,0.37142857142857144,0.6,0.35714285714285715,-10.734449999999999,-34.7554,20/60/120日趋势同向,宽度偏窄；龙头领先过大,利润同比改善扩散,盘面先动，确认不足,宽度未跟上；龙头独舞风险；财务景气偏弱
801179.SI,铁路公路,2026-05-21,潜伏观察,观察验证,51.65220786978851,58.674731182795696,49.77388632872504,30.666666666666668,58.242424242424235,46.263931558286394,41.7741935483871,0.01418698173402122,-0.010035072829166714,-0.056402874274293247,-0.0008414471451843042,-0.02365553587638125,-0.1582780707292024,0.217741935483871,0.00149660990257616,0.7833412371570785,17.97,0.92,0.8068783068783069,0.027777777777777776,38,0.868421052631579,0.3939393939393939,0.3333333333333333,0.30303030303030304,0.030303030303030304,0.45454545454545453,0.24242424242424243,-0.005859375,-0.044117647058823595,0.10814718508357048,38,0.868421052631579,0.45454545454545453,0.45454545454545453,0.6666666666666666,0.8181818181818182,-1.2367,-2.6713,60日相对排名改善快,宽度偏窄,利润同比改善扩散,盘面排名抬升,宽度未跟上
801127.SI,饮料乳品,2026-05-21,潜伏观察,观察验证,51.5528183137054,43.20967741935484,71.38026967059226,22.592592592592588,65.92592592592592,60.596752858849634,25.0,0.03571292093564371,-0.04495766295325687,-0.09811843031216527,0.020684492056438186,-0.05857812600047141,-0.19999362676707444,0.435483870967742,0.0016876406584067478,1.1173320317079696,18.24,2.99,0.18518518518518517,0.1335978835978836,28,0.9642857142857143,0.14814814814814814,0.2962962962962963,0.2222222222222222,0.0,0.2962962962962963,0.25925925925925924,-0.05494505494505497,-0.10831234256926958,0.2547318360209848,28,0.9642857142857143,0.6296296296296297,0.6296296296296297,0.6296296296296297,0.7777777777777778,6.7756,15.3092,60日相对排名改善快；财务景气有支持,宽度偏窄,利润正增长覆盖高；利润同比改善扩散,财务景气支持；盘面排名抬升,宽度未跟上
801784.SI,城商行Ⅱ,2026-05-21,潜伏观察,观察验证,51.26517534612411,61.174731182795696,33.92713472485768,35.764705882352935,81.76470588235294,51.50458696023212,48.54838709677419,-0.01961471767124956,0.002451312857281396,0.006664850454377591,-0.034643146550455084,-0.011169150189933141,-0.09521034600053158,-0.08064516129032262,0.0016140949851697502,0.8936395802187229,5.82,0.52,0.8373015873015873,0.6243386243386243,17,1.0,0.17647058823529413,0.47058823529411764,0.47058823529411764,0.0,0.29411764705882354,0.47058823529411764,-0.027472527472527486,-0.015262515262515208,0.11322003872339438,17,1.0,0.9411764705882353,0.9411764705882353,0.6470588235294118,0.7058823529411765,10.2136,7.4201,财务景气有支持,宽度中性,利润正增长覆盖高；利润同比改善扩散,财务景气支持,宽度未跟上
801056.SI,能源金属,2026-05-21,潜伏观察,观察验证,51.08484399411819,61.287634408602145,32.665508684863525,41.23076923076923,85.23076923076923,66.89998293224099,40.685483870967744,-0.07152989454466041,0.012342837452177458,0.11828655422241785,-0.08655832342386593,-0.0012776255950370796,0.016411357767508683,-0.016129032258064502,0.0077142021193050605,1.0867421871085206,29.63,3.1,0.5595238095238095,0.8955026455026455,14,0.9285714285714286,0.07692307692307693,0.46153846153846156,0.6923076923076923,0.0,0.23076923076923078,0.6923076923076923,-0.089227421109902,0.15186140803538528,0.4004647613797362,14,0.9285714285714286,1.0,1.0,0.8461538461538461,0.46153846153846156,75.1256,250.3989,财务景气有支持,龙头领先过大,利润正增长覆盖高；利润同比改善扩散,财务景气支持,龙头独舞风险
801741.SI,航天装备Ⅱ,2026-05-21,潜伏观察,观察验证,49.96223843659327,58.634408602150536,51.49523809523809,35.33333333333333,44.0,65.05884109916367,25.0,-0.09867139579162187,-0.0293403758033568,0.904327510543635,-0.1136998246708274,-0.04296083885057134,0.8024523140887259,0.3548387096774193,0.0035784481034848146,1.0868343739654664,503.68,6.32,0.8915343915343915,0.9047619047619048,10,0.9,0.3333333333333333,0.4444444444444444,0.5555555555555556,0.0,0.2222222222222222,0.3333333333333333,-0.09786288616165895,-0.022805409122163778,0.2266539349727686,10,1.0,0.9,0.4,0.4,0.0,23.13295,-22.793499999999998,60日相对排名改善快,宽度中性,现金流质量待验,盘面排名抬升,宽度未跟上
801782.SI,国有大型银行Ⅱ,2026-05-21,潜伏观察,观察验证,49.007542242703536,46.83064516129032,36.94500768049156,29.33333333333333,95.66666666666667,42.45526113671275,54.75806451612903,-0.04839704226141639,0.020660931163024587,-0.10365385353865075,-0.06342547114062191,0.00704046811581005,-0.20552904999355992,0.19354838709677424,0.0026004610555678577,0.7528736332704736,7.1,0.59,0.7380952380952381,0.75,6,1.0,0.3333333333333333,0.3333333333333333,0.3333333333333333,0.16666666666666666,0.16666666666666666,0.3333333333333333,-0.05283760831977474,-0.008775614944931232,0.122221350340953,6,1.0,1.0,1.0,0.8333333333333334,1.0,8.354,3.4183,60日相对排名改善快；财务景气有支持；短线弱于中期趋势,宽度偏窄,利润正增长覆盖高；利润同比改善扩散,财务景气支持；盘面排名抬升,宽度未跟上
801951.SI,煤炭开采,2026-05-21,潜伏观察,观察验证,47.68476702508961,68.98118279569893,29.02150537634408,33.33333333333333,58.333333333333336,61.668138760880694,44.87903225806451,-0.003870822232559412,0.029099350208684704,0.06394536519560612,-0.018899251111764936,0.015478887161470167,-0.03792983125930305,-0.056451612903225756,0.0034890151577525856,0.7007488038334536,20.31,1.4,0.9603174603174603,0.7103174603174603,33,0.9090909090909091,0.16666666666666666,0.16666666666666666,0.5,0.0,0.5333333333333333,0.5666666666666667,0.002534281464974364,0.009621531773430503,0.15263899467898617,33,0.9090909090909091,0.5666666666666667,0.4666666666666667,0.5666666666666667,0.8,1.49875,-3.1157500000000002,短线弱于中期趋势,宽度偏窄,财务景气中性,盘面先动，确认不足,宽度未跟上
801738.SI,电网设备,2026-05-21,钝化转弱,收紧风控,47.38451604940799,76.45430107526882,32.98577819637391,32.832116788321166,51.17391304347826,66.90520993343574,62.70161290322581,-0.01543409572940213,0.01652370189636132,0.246845128849549,-0.030462524608607655,0.002903238849146783,0.14496993239463984,-0.12096774193548387,0.022178741970738994,0.8292488593138033,37.85,3.47,0.921957671957672,0.9312169312169312,145,0.9448275862068966,0.291970802919708,0.31386861313868614,0.48905109489051096,0.014598540145985401,0.34306569343065696,0.3795620437956204,-0.058002936857562304,-0.06433007985803019,0.48640934995525914,145,0.9517241379310345,0.7246376811594203,0.463768115942029,0.5579710144927537,0.26811594202898553,11.1074,-3.5868,强势后质量转弱；短线弱于中期趋势,宽度偏窄；龙头领先过大,现金流质量待验,盘面先动，确认不足,宽度未跟上；龙头独舞风险
801163.SI,燃气Ⅱ,2026-05-21,潜伏观察,观察验证,47.2282104454685,63.8521505376344,40.379723502304145,33.74193548387097,45.2258064516129,59.45794930875576,47.41935483870968,-0.014821137133003925,0.00380471667347293,0.0344585368216761,-0.02984956601220945,-0.009815746373741607,-0.06741665963323307,0.14516129032258063,0.002671593362728901,0.7856354369804923,25.51,2.05,0.9338624338624338,0.8875661375661376,31,1.0,0.3870967741935484,0.2903225806451613,0.3548387096774194,0.03225806451612903,0.5483870967741935,0.3548387096774194,0.02083333333333326,-0.023076923076922995,0.2943225575355959,31,1.0,0.22580645161290322,0.5483870967741935,0.45161290322580644,0.5806451612903226,-10.7427,4.4774,等待更多共振证据,宽度偏窄；龙头领先过大,财务景气中性,利润覆盖改善,宽度未跟上；龙头独舞风险
801745.SI,军工电子Ⅱ,2026-05-21,潜伏观察,观察验证,46.94631091056494,55.27150537634409,44.47352790578597,28.634920634920633,48.77529761904762,55.63617938214712,35.0,-0.060547056096430185,-0.04579217042603778,0.22095740407621522,-0.07557548497563571,-0.05941263347325232,0.11908220762130606,0.2903225806451613,0.011845189953376738,0.8874321388477894,107.34,4.93,0.7936507936507936,0.9140211640211641,65,0.9692307692307692,0.2222222222222222,0.36507936507936506,0.42857142857142855,0.0,0.20634920634920634,0.30158730158730157,-0.050129008477699966,-0.09768088395166347,0.25145898266584255,65,0.9846153846153847,0.625,0.546875,0.5238095238095238,0.1875,8.1167,10.0983,60日相对排名改善快,宽度中性,现金流质量待验,利润覆盖改善；盘面排名抬升,宽度未跟上
801218.SI,专业服务,2026-05-21,潜伏观察,观察验证,46.7094689645164,56.19892473118279,36.800487937110326,24.117647058823525,63.19251336898396,61.43177163338454,25.0,-0.020621392975720743,-0.041879868729718495,0.045800902364073526,-0.03564982185492627,-0.05550033177693303,-0.05607429409083564,0.016129032258064502,0.0016942118188453378,1.038010823667787,32.38,2.65,0.8505291005291006,0.6177248677248677,35,0.9714285714285714,0.23529411764705882,0.2647058823529412,0.29411764705882354,0.029411764705882353,0.29411764705882354,0.23529411764705882,-0.07105734035207556,-0.13514855532881126,0.4349181432210129,35,0.9714285714285714,0.7058823529411765,0.7352941176470589,0.6363636363636364,0.38235294117647056,5.7467500000000005,19.830399999999997,财务景气有支持,宽度偏窄；龙头领先过大,利润正增长覆盖高；利润同比改善扩散,财务景气支持,宽度未跟上；龙头独舞风险
801126.SI,非白酒,2026-05-21,潜伏观察,观察验证,46.12380845707459,43.653225806451616,40.178686635944715,22.875,65.0,44.0775942993685,25.0,-0.0042030484571320414,-0.04162824131039511,-0.0844573067119796,-0.019231477336337566,-0.055248704357609646,-0.18633250316688876,0.09677419354838712,0.0011871742746917314,0.9692504872052914,25.9,2.73,0.03306878306878307,0.05291005291005291,17,0.9411764705882353,0.1875,0.25,0.1875,0.0625,0.375,0.25,-0.02024987206863882,-0.09303250292632748,0.16511238590931765,17,0.9411764705882353,0.6875,0.6875,0.6875,0.5,6.23265,9.757200000000001,财务景气有支持,宽度偏窄,利润正增长覆盖高；利润同比改善扩散,财务景气支持,宽度未跟上
801153.SI,医疗器械,2026-05-21,潜伏观察,观察验证,46.12124133752505,39.71774193548387,53.2289294831416,21.928057553956837,54.335418621624434,46.80357142857143,25.0,-0.022192416898050182,-0.0569343706218588,-0.06882354610819064,-0.03722084577725571,-0.07055483366907334,-0.1706987425630998,0.34677419354838707,0.009505470467998305,0.9203389314911316,39.75,2.6,0.8095238095238095,0.2261904761904762,141,0.9858156028368794,0.16546762589928057,0.2446043165467626,0.2589928057553957,0.02158273381294964,0.302158273381295,0.2302158273381295,-0.057432432432432456,-0.11481169565353577,0.22866155100198107,141,0.9858156028368794,0.5899280575539568,0.5251798561151079,0.4855072463768116,0.5899280575539568,2.1179,1.1812,60日相对排名改善快,宽度偏窄,财务景气中性,利润覆盖改善；盘面排名抬升,宽度未跟上
801726.SI,工程咨询服务Ⅱ,2026-05-21,潜伏观察,观察验证,46.07101110288512,51.21774193548387,55.48683204235711,26.765957446808507,45.15171137835338,65.83215992490184,36.00806451612903,-0.006052277112381321,-0.013798210205980044,-0.016834562166347156,-0.021080705991586846,-0.02741867325319458,-0.11870975862125632,0.3467741935483871,0.002381943299973742,0.9285877685525638,44.47,1.94,0.9854497354497355,0.8809523809523809,47,1.0,0.14893617021276595,0.3191489361702128,0.2978723404255319,0.0,0.40425531914893614,0.2978723404255319,-0.02204928664072625,-0.08291457286432158,0.3246073821351442,47,1.0,0.46808510638297873,0.5319148936170213,0.5434782608695652,0.19148936170212766,-1.6985,5.9032,60日相对排名改善快,宽度偏窄；龙头领先过大,现金流质量待验,利润覆盖改善；盘面排名抬升,宽度未跟上；龙头独舞风险
801128.SI,休闲食品,2026-05-21,潜伏观察,观察验证,45.96154424428619,32.862903225806456,49.041139505655636,28.454545454545453,66.9090909090909,46.25236815156169,25.0,-0.01439805190316934,-0.08796020683785077,-0.07019215818064173,-0.029426480782374864,-0.10158066988506531,-0.1720673546355509,0.16129032258064518,0.0008738230540580248,1.1172998387715818,20.46,2.19,0.006613756613756613,0.10846560846560846,22,1.0,0.36363636363636365,0.4090909090909091,0.18181818181818182,0.0,0.5,0.13636363636363635,-0.012680142637098324,-0.09289972635532645,0.132236423203909,22,1.0,0.7272727272727273,0.6818181818181818,0.5909090909090909,0.6818181818181818,10.87195,8.0489,财务景气有支持,宽度中性,利润正增长覆盖高；利润同比改善扩散,财务景气支持,宽度未跟上
801206.SI,互联网电商,2026-05-21,潜伏观察,观察验证,45.34206605222734,36.75,59.27987711213518,27.666666666666664,53.888888888888886,63.534626216077825,25.0,-0.030990698069658595,-0.07194905807419016,-0.065483581506389,-0.04601912694886412,-0.0855695211214047,-0.16735877796129817,0.3467741935483871,0.001360097576571312,1.1650680062691035,37.87,2.76,0.5701058201058201,0.544973544973545,20,0.9,0.2222222222222222,0.3333333333333333,0.3888888888888889,0.0,0.2777777777777778,0.2777777777777778,-0.07627694879941022,-0.09796874474716771,0.37366873023969654,20,0.9,0.5,0.6666666666666666,0.5,0.4444444444444444,0.29075000000000006,21.527250000000002,60日相对排名改善快；成交关注度升温,宽度偏窄；龙头领先过大,利润正增长覆盖高,利润覆盖改善；盘面排名抬升,宽度未跟上；龙头独舞风险
801156.SI,医疗服务,2026-05-21,潜伏观察,观察验证,44.6046081308178,41.23387096774193,50.11534916696207,20.461538461538463,59.84615384615385,51.916197303294084,35.0,-0.019381894102993735,-0.0740410649819494,0.005523660470223124,-0.03441032298219926,-0.08766152802916394,-0.09635153598468604,0.3225806451612903,0.007141487570996033,0.9105389307670585,25.9,3.15,0.19444444444444445,0.48544973544973546,54,0.9629629629629629,0.15384615384615385,0.2692307692307692,0.25,0.019230769230769232,0.25,0.17307692307692307,-0.0650823830547333,-0.11700903721596684,0.2535543467520937,54,0.9629629629629629,0.6346153846153846,0.6153846153846154,0.5769230769230769,0.5576923076923077,5.6817,11.604849999999999,60日相对排名改善快,宽度偏窄,利润正增长覆盖高,利润覆盖改善；盘面排名抬升,宽度未跟上
801129.SI,调味发酵品Ⅱ,2026-05-21,潜伏观察,观察验证,44.521356460146784,48.12096774193549,32.93124423963134,21.200000000000003,77.6,48.40497525174944,45.32258064516129,-0.05173233001287303,-0.010800561352548477,-0.009818994735703468,-0.06676075889207855,-0.024421024399763014,-0.11169419119061264,0.024193548387096753,0.0014455168955679035,1.169101524475152,27.59,3.4,0.32275132275132273,0.037037037037037035,15,1.0,0.13333333333333333,0.26666666666666666,0.26666666666666666,0.0,0.2,0.26666666666666666,-0.07685142058686534,-0.1018181818181817,0.3361369012872899,15,1.0,0.9333333333333333,0.9333333333333333,0.5333333333333333,0.6666666666666666,10.1174,15.08,成交关注度升温；财务景气有支持,宽度偏窄；龙头领先过大,利润正增长覆盖高,财务景气支持,宽度未跟上；龙头独舞风险
801141.SI,包装印刷,2026-05-21,钝化转弱,收紧风控,43.487132807137954,61.053763440860216,30.470281400137267,23.31914893617021,64.25531914893617,62.50211213517665,55.0,-0.022289275054956148,-0.03351382865017183,0.17588539166445738,-0.03731770393416167,-0.047134291697386366,0.07401019520954821,-0.14516129032258063,0.0035249446137531437,0.931358785117371,46.04,2.76,0.9828042328042328,0.9576719576719577,48,0.9791666666666666,0.1702127659574468,0.2765957446808511,0.2978723404255319,0.0,0.2978723404255319,0.23404255319148937,-0.056918547595682045,-0.11889491859891466,0.23801487669215698,48,0.9791666666666666,0.7021276595744681,0.5319148936170213,0.7021276595744681,0.6595744680851063,5.2782,2.0569,财务景气有支持；强势后质量转弱,宽度偏窄,利润同比改善扩散,财务景气支持,宽度未跟上
801881.SI,摩托车及其他,2026-05-21,潜伏观察,观察验证,43.03300339849201,52.766129032258064,40.09815668202765,19.5,46.941176470588246,45.55986516470387,50.524193548387096,-0.026419494380322983,0.001961322605021465,0.003776644910318927,-0.04144792325952851,-0.011659140442193072,-0.09809855154459024,0.2338709677419355,0.0013541059699932558,0.8589963721861048,27.44,3.27,0.31613756613756616,0.6785714285714286,17,0.9411764705882353,0.25,0.1875,0.1875,0.0625,0.1875,0.25,-0.09289066073961805,-0.15298330319398318,0.3494430686240499,17,1.0,0.6470588235294118,0.35294117647058826,0.5294117647058824,0.35294117647058826,8.2837,-33.4006,60日相对排名改善快,宽度偏窄；龙头领先过大,财务景气中性,盘面排名抬升,宽度未跟上；龙头独舞风险
801982.SI,化妆品,2026-05-21,潜伏观察,观察验证,42.146270182625024,22.798387096774192,45.96897081413211,27.333333333333336,68.53333333333333,45.91527991124765,25.0,-0.024722677520150782,-0.13434391180505134,-0.13576252607757866,-0.039751106399356306,-0.14796437485226588,-0.23763772253248783,0.14516129032258063,0.0005469921602999614,1.0578003240690246,31.41,2.69,0.27645502645502645,0.1111111111111111,15,1.0,0.2,0.3333333333333333,0.26666666666666666,0.06666666666666667,0.4,0.26666666666666666,-0.07642881298613469,-0.14985862393967952,0.34068060282855883,15,1.0,0.8666666666666667,0.4666666666666667,0.7333333333333333,0.7333333333333333,10.3364,-6.0456,财务景气有支持,宽度偏窄；龙头领先过大,利润同比改善扩散,财务景气支持,宽度未跟上；龙头独舞风险
801971.SI,环境治理,2026-05-21,潜伏观察,观察验证,42.138877622602095,50.28225806451613,29.60341355180065,31.703703703703702,56.25688073394496,54.52656169994879,47.983870967741936,-0.017076248446844633,-0.016410494588697366,0.00227762358079886,-0.03210467732605016,-0.030030957635911903,-0.09959757287411031,0.008064516129032251,0.005032615056672626,0.8765221533801963,25.67,1.57,0.8174603174603174,0.7976190476190477,114,0.9473684210526315,0.23148148148148148,0.32407407407407407,0.42592592592592593,0.0,0.4074074074074074,0.37037037037037035,-0.016458188816039776,-0.047220338864579936,0.37535943472207756,114,0.956140350877193,0.5321100917431193,0.6055045871559633,0.5504587155963303,0.5504587155963303,0.8796,7.6713,等待更多共振证据,宽度偏窄；龙头领先过大,利润正增长覆盖高,利润覆盖改善,宽度未跟上；龙头独舞风险
801193.SI,证券Ⅱ,2026-05-21,潜伏观察,观察验证,42.06983852193207,24.637096774193548,45.78720737327189,13.36,77.12,40.82902372418502,25.0,-0.02172106554697828,-0.11060121084885088,-0.13894510842338792,-0.036749494426183804,-0.12422167389606542,-0.2408203048782971,0.20161290322580647,0.017238567196497787,0.9977696373275218,14.84,1.14,0.010582010582010581,0.21693121693121692,52,0.9615384615384616,0.18,0.18,0.1,0.04,0.18,0.08,-0.034093813163580566,-0.11401444071450378,0.08075899336020508,52,0.9615384615384616,0.74,0.72,0.76,0.9,20.6899,26.59505,60日相对排名改善快；财务景气有支持,宽度偏窄,利润正增长覆盖高；利润同比改善扩散,财务景气支持；盘面排名抬升,宽度未跟上
801037.SI,橡胶,2026-05-21,潜伏观察,观察验证,41.819734318068825,59.06989247311828,35.40284512121819,20.60869565217391,48.26086956521739,65.56927376685441,46.29032258064517,-0.0070281255413594534,-0.02552674970842772,0.03435629962511921,-0.022056554420564978,-0.03914721275564226,-0.06751889682978995,0.040322580645161255,0.0017856285111250655,0.915979481998518,65.56,2.98,0.9814814814814815,0.9298941798941799,23,1.0,0.30434782608695654,0.2608695652173913,0.17391304347826086,0.043478260869565216,0.2608695652173913,0.13043478260869565,-0.05241379310344829,-0.12494393647065405,0.184985885129624,23,1.0,0.5217391304347826,0.30434782608695654,0.5217391304347826,0.6521739130434783,0.4655,-24.4773,等待更多共振证据,宽度偏窄,利润覆盖偏弱,盘面先动，确认不足,宽度未跟上
801204.SI,专业连锁Ⅱ,2026-05-21,潜伏观察,观察验证,41.6861798088411,27.258064516129032,40.23133640552996,25.142857142857142,71.14285714285714,48.624061273254824,25.0,-0.05218981535156697,-0.1006961452564985,-0.09074101666033596,-0.0672182442307725,-0.11431660830371304,-0.19261621311524513,0.1854838709677419,0.0005736026208913383,0.9289751357570584,69.37,3.18,0.7764550264550265,0.5,8,0.875,0.2857142857142857,0.2857142857142857,0.14285714285714285,0.0,0.42857142857142855,0.2857142857142857,-0.034267912772585674,-0.11287313432835833,0.15766147636712208,8,0.875,0.8571428571428571,0.7142857142857143,0.5714285714285714,0.7142857142857143,5.1976,11.0085,60日相对排名改善快；财务景气有支持,宽度偏窄,利润正增长覆盖高,财务景气支持；盘面排名抬升,宽度未跟上
801054.SI,小金属,2026-05-21,钝化转弱,收紧风控,41.10388506571087,55.76344086021505,26.283870967741937,24.0,67.38962962962964,64.34498207885305,55.0,-0.056719360665420604,-0.05712775156067984,0.4129385585072498,-0.07174778954462613,-0.07074821460789438,0.31106336205234064,-0.4193548387096775,0.01441036165720791,0.9695072092125169,54.08,5.33,0.8584656084656085,0.9193121693121693,31,0.8709677419354839,0.18518518518518517,0.2222222222222222,0.4444444444444444,0.0,0.25925925925925924,0.2222222222222222,-0.07266926242820199,-0.10217501264542239,0.20523173770728775,31,0.8709677419354839,0.7037037037037037,0.7037037037037037,0.76,0.48148148148148145,12.7857,18.5431,财务景气有支持；强势后质量转弱,宽度偏窄,利润正增长覆盖高；利润同比改善扩散,财务景气支持,宽度未跟上
801034.SI,化学制品,2026-05-21,潜伏观察,观察验证,40.38381652173579,41.395161290322584,30.00212690535271,35.494505494505496,61.43609981179042,53.137715480457416,55.0,-0.034857559380572445,-0.0785894576268521,0.03853329177738818,-0.04988598825977797,-0.09220992067406664,-0.06334190467752099,-0.2580645161290323,0.017885282987745128,0.9712635379255552,29.78,2.4,0.8915343915343915,0.8637566137566137,182,1.0,0.3131868131868132,0.4230769230769231,0.4065934065934066,0.01098901098901099,0.43956043956043955,0.3626373626373626,-0.018835235152334318,-0.06449091264412754,0.2700983892796416,182,1.0,0.7747252747252747,0.5604395604395604,0.5911602209944752,0.532967032967033,11.44985,7.45265,强势后质量转弱,宽度中性,利润同比改善扩散,利润覆盖改善,宽度未跟上
801124.SI,食品加工,2026-05-21,潜伏观察,观察验证,40.2175238948626,39.48387096774194,28.60669056152927,21.259259259259256,56.22222222222222,45.51376088069637,25.0,-0.051512587338195304,-0.04493445119283068,-0.06924076759061826,-0.06654101621740083,-0.05855491424004522,-0.17111596404552742,0.0,0.001102882346538268,1.0036048599065683,27.07,2.16,0.7592592592592593,0.12566137566137567,27,1.0,0.1111111111111111,0.25925925925925924,0.25925925925925924,0.0,0.25925925925925924,0.25925925925925924,-0.08004509582863573,-0.13283740701381508,0.2597331572601346,27,1.0,0.6666666666666666,0.4074074074074074,0.5925925925925926,0.6296296296296297,1.9592,-17.9105,等待更多共振证据,宽度偏窄,利润同比改善扩散,盘面先动，确认不足,宽度未跟上
801092.SI,汽车服务,2026-05-21,潜伏观察,观察验证,39.702201508169246,39.064516129032256,49.93590280687055,8.181818181818182,44.90909090909091,58.22695852534563,25.0,0.005725268055836397,-0.08248126684138657,-0.03863781400475719,-0.009303160823369128,-0.0961017298886011,-0.14051301045966635,0.24193548387096775,0.0006058413856407354,1.0559658734809627,48.39,1.89,0.03968253968253968,0.746031746031746,15,0.7333333333333333,0.09090909090909091,0.09090909090909091,0.09090909090909091,0.0,0.09090909090909091,0.09090909090909091,-0.05160550458715607,-0.1297709923664122,0.03622260526963805,15,0.7333333333333333,0.18181818181818182,0.45454545454545453,0.5454545454545454,0.6363636363636364,-16.2279,-4.4425,60日相对排名改善快,宽度偏窄,财务景气中性,盘面排名抬升,宽度未跟上
801736.SI,风电设备,2026-05-21,钝化转弱,收紧风控,39.673246117084815,63.01344086021505,18.48215053763441,22.733333333333334,47.266666666666666,51.881229732036175,59.2741935483871,-0.06684956733343972,-0.005278181180830233,0.2802010827532868,-0.08187799621264524,-0.01889864422804477,0.17832588629837764,-0.08064516129032262,0.005533165057611301,0.7516554842208802,44.6,2.23,0.7711640211640212,0.8941798941798942,31,0.967741935483871,0.13333333333333333,0.23333333333333334,0.3333333333333333,0.0,0.2,0.3333333333333333,-0.08326530612244898,-0.034185251505779,0.3340743771654158,31,0.967741935483871,0.6666666666666666,0.4666666666666667,0.43333333333333335,0.3,23.43035,-14.2547,强势后质量转弱,宽度偏窄；龙头领先过大,现金流质量待验,盘面先动，确认不足,宽度未跟上；龙头独舞风险
801077.SI,工程机械,2026-05-21,潜伏观察,观察验证,39.61434988905956,32.677419354838705,34.090691244239636,29.485714285714284,61.77142857142858,60.66965352449225,25.0,-0.0008222483726334495,-0.14184479082557477,0.00911231051659489,-0.015850677251838974,-0.1554652538727893,-0.09276288593831428,0.0,0.0038049066119740056,0.984786585977304,20.55,2.06,0.3187830687830688,0.7182539682539683,36,0.9722222222222222,0.37142857142857144,0.34285714285714286,0.3142857142857143,0.0,0.4,0.22857142857142856,-0.05213764337851934,-0.1504792332268371,0.3488367736096253,36,0.9722222222222222,0.7428571428571429,0.5714285714285714,0.6571428571428571,0.4857142857142857,11.9206,0.8624,等待更多共振证据,宽度偏窄；龙头领先过大,利润同比改善扩散,利润覆盖改善,宽度未跟上；龙头独舞风险
801142.SI,家居用品,2026-05-21,潜伏观察,观察验证,39.10205041816009,34.04032258064516,34.29969892473118,30.85333333333333,46.53333333333333,54.2402927120669,25.0,-0.014129865734546776,-0.10250621016348604,-0.027906540204293395,-0.0291582946137523,-0.11612667321070058,-0.12978173665920256,-0.024193548387096808,0.0028082037227201077,1.0019224341533588,32.81,2.08,0.9854497354497355,0.5608465608465608,76,0.9868421052631579,0.32,0.3333333333333333,0.37333333333333335,0.02666666666666667,0.44,0.25333333333333335,-0.026399155227032733,-0.11994784876140807,0.3838307261153282,76,0.9868421052631579,0.49333333333333335,0.32,0.6266666666666667,0.44,-0.5664,-32.2024,等待更多共振证据,宽度偏窄；龙头领先过大,利润覆盖偏弱；利润同比改善扩散,盘面先动，确认不足,宽度未跟上；龙头独舞风险
801231.SI,综合Ⅱ,2026-05-21,钝化转弱,收紧风控,38.57252986857826,59.803763440860216,35.68602150537634,11.333333333333334,56.66666666666667,81.15339648404165,55.0,0.007478403808121481,-0.051934476153646214,0.1608612015389168,-0.007550025071084043,-0.06555493920086075,0.05898600508400764,-0.19354838709677424,0.0015997560729884826,1.0745365702328946,140.49,3.1,0.9841269841269841,0.9656084656084656,35,0.42857142857142855,0.0,0.13333333333333333,0.2,0.0,0.13333333333333333,0.13333333333333333,-0.08260233918128645,-0.1400709219858156,0.2074340036783718,35,0.42857142857142855,0.4,0.5333333333333333,0.7333333333333333,0.6,-9.1332,5.642,短期热度偏高；强势后质量转弱,宽度偏窄,利润同比改善扩散,利润覆盖改善,宽度未跟上；财务覆盖不足；短期热度高
801723.SI,基础建设,2026-05-21,潜伏观察,观察验证,38.40546620583717,51.04032258064516,24.323850486431127,28.57777777777778,40.8,49.5331541218638,54.19354838709677,-0.04761866106001433,-0.000992017030335246,0.0038332206754341236,-0.06264708993921986,-0.014612480077549783,-0.09804197577947504,0.048387096774193505,0.005175943628081961,0.7365556153716024,12.35,0.64,0.9854497354497355,0.6256613756613757,50,0.9,0.2,0.3333333333333333,0.35555555555555557,0.06666666666666667,0.28888888888888886,0.3333333333333333,-0.05964912280701751,-0.08026030368763559,0.5478146200948864,50,0.9,0.5111111111111111,0.35555555555555557,0.5333333333333333,0.2,0.0252,-15.7154,等待更多共振证据,宽度偏窄；龙头领先过大,现金流质量待验,盘面先动，确认不足,宽度未跟上；龙头独舞风险；财务景气偏弱
801181.SI,房地产开发,2026-05-21,潜伏观察,观察验证,38.362714739313915,31.266129032258064,48.05232509426058,24.409090909090907,42.06382978723404,65.18170762928827,25.0,-0.005618952395904708,-0.08473880157133562,-0.1293252829861048,-0.020647381275110233,-0.09835926461855016,-0.23120047944101396,0.12903225806451613,0.009416337390930235,1.1125000370346676,18.72,0.9,0.44576719576719576,0.9788359788359788,107,0.822429906542056,0.20454545454545456,0.3068181818181818,0.26136363636363635,0.022727272727272728,0.29545454545454547,0.25,-0.03909310660998583,-0.12598052345603428,0.31866849701841393,107,0.8785046728971962,0.3404255319148936,0.43617021276595747,0.5384615384615384,0.3404255319148936,-15.9421,-16.971600000000002,等待更多共振证据,宽度偏窄；龙头领先过大,现金流质量待验,盘面先动，确认不足,宽度未跟上；龙头独舞风险；财务景气偏弱
801151.SI,化学制药,2026-05-21,潜伏观察,观察验证,38.199846991220014,28.87903225806452,35.25806451612903,20.0,55.144047035766775,38.480969448711384,35.0,-0.06725515287019168,-0.07175888124010754,-0.13080074164800537,-0.0822835817493972,-0.08537934428732208,-0.23267593810291454,0.16935483870967744,0.012393127853309809,0.8977558573920091,40.09,3.07,0.6772486772486772,0.6772486772486772,167,0.9401197604790419,0.15286624203821655,0.2356687898089172,0.2229299363057325,0.006369426751592357,0.2356687898089172,0.24203821656050956,-0.06937799043062187,-0.10136351942372002,0.21967397442967618,167,0.9461077844311377,0.5256410256410257,0.5,0.554140127388535,0.6560509554140127,0.7584500000000001,-0.06559999999999999,等待更多共振证据,宽度偏窄,财务景气中性,盘面先动，确认不足,宽度未跟上
801783.SI,股份制银行Ⅱ,2026-05-21,潜伏观察,观察验证,38.15763483529613,32.15322580645161,32.45253456221198,8.0,63.55555555555556,34.00554702167605,35.0,-0.05725305936393299,-0.05160416426604464,-0.13748877197484932,-0.07228148824313851,-0.06522462731325918,-0.2393639684297585,0.13709677419354832,0.002389852335990878,0.9002329795581867,5.36,0.43,0.4748677248677249,0.14153439153439154,9,1.0,0.0,0.0,0.1111111111111111,0.0,0.0,0.3333333333333333,-0.05174488567990376,-0.047191587586560724,0.07199835976175395,9,1.0,0.7777777777777778,0.6666666666666666,0.4444444444444444,0.6666666666666666,2.7409,0.7228,财务景气有支持,宽度偏窄,利润正增长覆盖高,财务景气支持,宽度未跟上
801076.SI,轨交设备Ⅱ,2026-05-21,潜伏观察,观察验证,37.327905000465485,31.137096774193548,35.496831797235025,11.5625,53.27272727272727,44.55881976446493,25.0,-0.036374830439331096,-0.08226735778959315,-0.10432359249454481,-0.05140325931853662,-0.09588782083680769,-0.20619878894945398,0.09677419354838712,0.0017866521012767545,0.9886938771230254,19.01,1.25,0.3386243386243386,0.27645502645502645,35,0.9142857142857143,0.0625,0.09375,0.1875,0.0,0.1875,0.125,-0.05887319700889532,-0.10299622252747248,0.12416631054935233,35,0.9428571428571428,0.6060606060606061,0.5757575757575758,0.5454545454545454,0.36363636363636365,6.2958,4.4134,等待更多共振证据,宽度偏窄,财务景气中性,利润覆盖改善,宽度未跟上
801191.SI,多元金融,2026-05-21,潜伏观察,观察验证,36.70484885186498,33.79838709677419,20.887415809996458,18.53846153846154,57.914529914529915,35.28187403993855,35.0,-0.053099222069885044,-0.07871735157125181,-0.046635957352694546,-0.06812765094909057,-0.09233781461846635,-0.1485111538076037,0.03225806451612906,0.0024188271456650296,0.7125153110069019,22.64,1.35,0.4933862433862434,0.7447089947089947,36,0.7222222222222222,0.11538461538461539,0.19230769230769232,0.23076923076923078,0.0,0.3076923076923077,0.19230769230769232,-0.06726741154344174,-0.06389998218085391,0.17002809545068898,36,0.75,0.6538461538461539,0.5925925925925926,0.5555555555555556,0.5,5.6966,8.3776,等待更多共振证据,宽度偏窄,财务景气中性,利润覆盖改善,宽度未跟上
801178.SI,物流,2026-05-21,潜伏观察,观察验证,36.48549283154122,32.685483870967744,22.08440860215054,20.583333333333332,51.45833333333333,32.69482846902202,35.0,-0.05387274672812581,-0.07734570887206993,-0.0806083938310247,-0.06890117560733133,-0.09096617191928447,-0.18248359028593386,-0.04838709677419356,0.0016902875760384396,0.8329497666955588,17.52,1.16,0.6957671957671958,0.17724867724867724,50,0.96,0.14583333333333334,0.22916666666666666,0.2708333333333333,0.0,0.22916666666666666,0.25,-0.03807648938169522,-0.10280422960725066,0.169756789130874,50,0.96,0.5416666666666666,0.4375,0.5416666666666666,0.5625,1.4187500000000002,-5.1647,等待更多共振证据,宽度偏窄,财务景气中性,盘面先动，确认不足,宽度未跟上
801145.SI,文娱用品,2026-05-21,潜伏观察,观察验证,36.33193385467579,41.266129032258064,24.731378299120237,18.81818181818182,54.18181818181819,57.97241423451101,35.0,-0.03832361266406781,-0.05291065653459259,-0.014045451494136607,-0.05335204154327333,-0.06653111958180713,-0.11592064794904577,-0.016129032258064502,0.0009910053846349182,0.8983800489724503,50.97,3.44,0.9365079365079365,0.75,22,1.0,0.13636363636363635,0.18181818181818182,0.3181818181818182,0.0,0.22727272727272727,0.18181818181818182,-0.08500488693411523,-0.08877160705418685,0.16457991455120752,22,1.0,0.7272727272727273,0.5,0.5909090909090909,0.3181818181818182,13.14095,-2.8016499999999995,等待更多共振证据,宽度偏窄,利润同比改善扩散；现金流质量待验,盘面先动，确认不足,宽度未跟上
801785.SI,农商行Ⅱ,2026-05-21,潜伏观察,观察验证,36.12506989247313,44.10483870967742,18.725161290322582,5.4,67.4,37.065284178187405,54.4758064516129,-0.048269891974932255,-0.02802888805877224,-0.03979383472334985,-0.06329832085413778,-0.041649351105986776,-0.14166903117825902,-0.10483870967741937,0.0003508002034228284,0.7960812948296456,5.82,0.55,0.548941798941799,0.4748677248677249,10,1.0,0.0,0.0,0.1,0.0,0.0,0.2,-0.0414792002502225,-0.07339877471456413,0.0823979320609713,10,1.0,0.7,0.9,0.6,0.4,1.7238000000000002,2.6189,财务景气有支持,宽度偏窄,利润正增长覆盖高；利润同比改善扩散,财务景气支持,宽度未跟上
801713.SI,装修建材,2026-05-21,潜伏观察,观察验证,35.766208298869586,34.70967741935484,32.0317617866005,33.38461538461538,47.8974358974359,58.69002816180235,55.0,-0.03003221297909331,-0.11715032438176076,0.042659329438678784,-0.04506064185829883,-0.1307707874289753,-0.059215867016230384,-0.41129032258064513,0.002355416456606024,1.0377941741158478,41.76,2.08,0.9007936507936508,0.6984126984126984,40,0.975,0.358974358974359,0.38461538461538464,0.358974358974359,0.02564102564102564,0.4358974358974359,0.3076923076923077,-0.03546099290780125,-0.10874129512229569,0.36821794149549414,40,0.975,0.5128205128205128,0.48717948717948717,0.5897435897435898,0.28205128205128205,0.4294,-4.5588,强势后质量转弱,龙头领先过大,利润同比改善扩散；现金流质量待验,盘面先动，确认不足,宽度未跟上；龙头独舞风险
801033.SI,化学原料,2026-05-21,钝化转弱,收紧风控,35.68528405524168,46.064516129032256,17.81071623838163,22.440677966101696,55.389830508474574,45.29495221027479,65.0,-0.039329524979637265,-0.061137957744025195,0.10989442733482879,-0.05435795385884279,-0.07475842079123973,0.008019230879919625,-0.3548387096774194,0.00666982299580277,0.7073413702032636,32.18,1.84,0.9232804232804233,0.9007936507936508,63,0.9365079365079365,0.2033898305084746,0.22033898305084745,0.288135593220339,0.0,0.2711864406779661,0.2711864406779661,-0.06870229007633588,-0.09369676320272569,0.23409452307997936,63,0.9365079365079365,0.559322033898305,0.5084745762711864,0.6101694915254238,0.5423728813559322,1.6065,3.6092,强势后质量转弱,宽度偏窄,利润同比改善扩散,盘面先动，确认不足,宽度未跟上
801103.SI,IT服务Ⅱ,2026-05-21,潜伏观察,观察验证,35.61932811453515,31.048387096774192,34.5920638829282,24.45801526717557,44.52631578947368,55.64153439153439,35.0,-0.04407554935259428,-0.10555012749326786,-0.016865008338208143,-0.0591039782317998,-0.1191705905404824,-0.11874020479311731,0.1532258064516129,0.0229827619431569,0.8695332487331706,133.14,3.92,0.9391534391534392,0.753968253968254,142,0.9225352112676056,0.2366412213740458,0.32061068702290074,0.2824427480916031,0.0,0.33587786259541985,0.16793893129770993,-0.05647058823529416,-0.16887648290300072,0.32848560342417343,142,0.9366197183098591,0.556390977443609,0.46616541353383456,0.45864661654135336,0.2631578947368421,2.7049,-6.7673,等待更多共振证据,宽度偏窄；龙头领先过大,现金流质量待验,盘面先动，确认不足,宽度未跟上；龙头独舞风险
801202.SI,贸易Ⅱ,2026-05-21,潜伏观察,观察验证,35.45298675935772,45.68548387096774,27.76943164362519,12.833333333333332,41.07692307692307,65.80457415941288,25.0,-0.027867014574424753,-0.0352068436527051,-0.01129126001985803,-0.04289544345363028,-0.04882730669991964,-0.1131664564747672,0.016129032258064502,0.00085547051514112,0.9621381655619786,26.37,1.58,0.6798941798941799,0.873015873015873,17,0.7058823529411765,0.08333333333333333,0.08333333333333333,0.16666666666666666,0.0,0.25,0.16666666666666666,-0.07625660171189214,-0.13330199468310594,0.1484258291819405,17,0.7647058823529411,0.5384615384615384,0.38461538461538464,0.46153846153846156,0.23076923076923078,3.9669,-23.908,等待更多共振证据,宽度偏窄,现金流质量待验,盘面先动，确认不足,宽度未跟上；财务景气偏弱
801152.SI,生物制品,2026-05-21,潜伏观察,观察验证,35.08916687613462,27.33064516129032,26.881977377461247,19.01818181818182,52.654545454545456,38.56240399385561,35.0,-0.08546834908467327,-0.07171782448300956,-0.1363272421836288,-0.10049677796387879,-0.0853382875302241,-0.23820243863853796,0.08064516129032256,0.003939559175590573,0.884767279851099,46.59,2.29,0.8531746031746031,0.20634920634920634,57,0.9649122807017544,0.18181818181818182,0.23636363636363636,0.2,0.01818181818181818,0.16363636363636364,0.23636363636363636,-0.08653393948894805,-0.11256700416914822,0.26837858709489304,57,0.9649122807017544,0.5636363636363636,0.4727272727272727,0.5818181818181818,0.4909090909090909,5.469,-9.6824,等待更多共振证据,宽度偏窄,利润同比改善扩散,盘面先动，确认不足,宽度未跟上
801742.SI,航空装备Ⅱ,2026-05-21,潜伏观察,观察验证,34.548022700119475,30.395161290322584,21.71021505376344,22.583333333333332,49.291666666666664,48.34188854753371,25.0,-0.06117074468530437,-0.13697396640362858,0.05107416016796629,-0.07619917356450989,-0.15059442945084311,-0.05080103628694288,-0.07258064516129034,0.008760504438951511,0.9201088209062215,78.61,3.75,0.8174603174603174,0.6838624338624338,51,0.9411764705882353,0.22916666666666666,0.25,0.2708333333333333,0.0,0.25,0.25,-0.08072563751297757,-0.164565777276239,0.3025082579877969,51,0.9411764705882353,0.625,0.4583333333333333,0.4375,0.4583333333333333,7.1143,-14.2467,等待更多共振证据,宽度偏窄；龙头领先过大,财务景气中性,盘面先动，确认不足,宽度未跟上；龙头独舞风险
801963.SI,炼化及贸易,2026-05-21,潜伏观察,观察验证,34.32603522432332,38.86290322580645,18.713978494623657,20.666666666666664,63.79080459770115,46.79051459293395,65.0,-0.025842682313068188,-0.1010355764454125,0.07562525718988611,-0.04087111119227371,-0.11465603949262704,-0.02624993926502306,-0.4596774193548387,0.003415766469827205,0.6412300921790559,20.76,1.3,0.7883597883597884,0.8425925925925926,32,0.9375,0.1,0.2,0.3333333333333333,0.0,0.23333333333333334,0.26666666666666666,-0.06631493506493508,-0.09244886677722497,0.24555884490443797,32,0.9375,0.5862068965517241,0.7,0.7333333333333333,0.4827586206896552,5.6518,62.408950000000004,财务景气有支持；强势后质量转弱,宽度偏窄,利润正增长覆盖高；利润同比改善扩散,财务景气支持,宽度未跟上
801104.SI,软件开发,2026-05-21,潜伏观察,观察验证,33.65281847503934,19.620967741935484,37.20502474825056,18.651851851851852,47.54744525547446,44.60652415087898,35.0,-0.037604793597527775,-0.15469678368480222,-0.11109582847617905,-0.0526332224767333,-0.16831724673201676,-0.21297102493108822,0.15322580645161288,0.021770940770953512,0.8870261850691517,96.86,4.8,0.2777777777777778,0.5383597883597884,142,0.9507042253521126,0.22962962962962963,0.23703703703703705,0.17037037037037037,0.0,0.2814814814814815,0.1259259259259259,-0.046542553191489366,-0.18339100346020754,0.22225300307634027,142,0.9647887323943662,0.5620437956204379,0.583941605839416,0.5182481751824818,0.15328467153284672,1.6556,3.5756,等待更多共振证据,宽度偏窄,现金流质量待验,利润覆盖改善,宽度未跟上
801721.SI,房屋建设Ⅱ,2026-05-21,潜伏观察,观察验证,33.60497909199522,33.70161290322581,21.966129032258063,12.25,43.25,36.38609404335211,35.0,-0.03776022212261565,-0.07218812371505323,-0.09129844323205727,-0.052788651001821174,-0.08580858676226777,-0.19317363968696644,-0.008064516129032306,0.0008729205647130143,0.7877444204830237,8.29,0.49,0.9761904761904762,0.006613756613756613,8,1.0,0.0,0.125,0.25,0.0,0.0,0.25,-0.03881475029036002,-0.07198155407874074,0.10459337807821009,8,1.0,0.125,0.5,0.875,0.125,-10.1604,2.53365,等待更多共振证据,宽度偏窄,利润同比改善扩散；现金流质量待验,盘面先动，确认不足,宽度未跟上；财务景气偏弱
801767.SI,数字媒体,2026-05-21,退潮回避,回避,33.30038530465949,15.201612903225806,27.082027649769582,26.285714285714285,60.666666666666664,42.19559651817716,35.0,-0.04392246729685867,-0.21141957078165008,-0.09456085442863105,-0.058950896176064194,-0.22504003382886462,-0.19643605088354021,0.03225806451612903,0.0015710205815751483,0.8245691145669231,73.76,2.95,0.6944444444444444,0.20238095238095238,21,0.6666666666666666,0.21428571428571427,0.35714285714285715,0.2857142857142857,0.0,0.35714285714285715,0.21428571428571427,-0.050202491482720046,-0.19959693959221247,0.23517897237176172,21,0.7142857142857143,0.6666666666666666,0.6,0.6666666666666666,0.4666666666666667,6.2609,1.8508,等待更多共振证据,宽度中性,利润正增长覆盖高；利润同比改善扩散,利润覆盖改善,宽度未跟上
801155.SI,中药Ⅱ,2026-05-21,退潮回避,回避,33.258270082226446,19.822580645161292,20.694686907020873,14.441176470588236,54.82352941176471,20.250768049155145,35.0,-0.06844431629406578,-0.10589064057689346,-0.14668091326284072,-0.0834727451732713,-0.119511103624108,-0.24855610971774988,-0.07258064516129031,0.0028203657037336985,0.8362264600023059,23.54,1.95,0.022486772486772486,0.0013227513227513227,75,0.9066666666666666,0.1323529411764706,0.16176470588235295,0.1323529411764706,0.0,0.22058823529411764,0.16176470588235295,-0.059960900795556604,-0.09939964524491746,0.16584374666765966,75,0.9066666666666666,0.39705882352941174,0.6029411764705882,0.5147058823529411,0.6911764705882353,-5.20035,5.1334,等待更多共振证据,宽度偏窄,利润正增长覆盖高,利润覆盖改善,宽度未跟上
801032.SI,化学纤维,2026-05-21,潜伏观察,观察验证,33.16201314217444,36.75,17.28709677419355,19.5,60.64285714285714,43.23043608124253,65.0,-0.06982663665988786,-0.08451010129378933,0.047060032806684804,-0.08485506553909339,-0.09813056434100387,-0.05481516364822436,-0.25806451612903225,0.0017841954849127006,0.8425874260848195,43.7,1.88,0.9484126984126984,0.8756613756613757,29,0.9655172413793104,0.10714285714285714,0.25,0.25,0.0,0.17857142857142858,0.25,-0.09437317544508855,-0.08894210928186985,0.2157939611337219,29,0.9655172413793104,0.6428571428571429,0.6071428571428571,0.5714285714285714,0.6071428571428571,4.0392,21.545650000000002,强势后质量转弱,宽度偏窄,利润正增长覆盖高,利润覆盖改善,宽度未跟上
801131.SI,纺织制造,2026-05-21,潜伏观察,观察验证,33.03931342999891,29.36290322580645,29.263147605083088,22.606060606060602,49.48295454545454,49.11198583376002,55.0,-0.05617834589373949,-0.08539207274376959,-0.08522968267589937,-0.07120677477294501,-0.09901253579098412,-0.18710487913080853,-0.16129032258064513,0.0016894456370967685,1.023775544462593,24.21,1.72,0.8981481481481481,0.8095238095238095,36,0.9166666666666666,0.12121212121212122,0.3333333333333333,0.2727272727272727,0.0,0.21212121212121213,0.24242424242424243,-0.07615995115995117,-0.1235619168402935,0.266750322637395,36,0.9166666666666666,0.5151515151515151,0.5151515151515151,0.34375,0.6363636363636364,1.5256,1.997,强势后质量转弱,宽度偏窄,财务景气中性,盘面先动，确认不足,宽度未跟上
801724.SI,专业工程,2026-05-21,潜伏观察,观察验证,32.70983180347932,42.14516129032258,14.759999999999998,23.799999999999997,41.562137049941924,40.34190988223247,65.0,-0.07089931447366005,-0.06595891905949447,0.07604566806124735,-0.08592774335286557,-0.079579382106709,-0.025829528393661816,-0.30645161290322587,0.003262781550761512,0.7153076872584305,23.75,1.22,0.9576719576719577,0.7248677248677249,44,0.9090909090909091,0.225,0.275,0.3,0.0,0.225,0.275,-0.10051876492588757,-0.1104123464189391,0.36675837307491665,44,0.9545454545454546,0.36585365853658536,0.4523809523809524,0.47619047619047616,0.34146341463414637,-8.6475,-8.106,强势后质量转弱,宽度偏窄；龙头领先过大,现金流质量待验,盘面先动，确认不足,宽度未跟上；龙头独舞风险；财务景气偏弱
801143.SI,造纸,2026-05-21,潜伏观察,观察验证,32.70172043010753,26.024193548387096,26.608064516129033,26.75,51.5,46.73425499231951,55.0,-0.05975214537277396,-0.12186374393402999,-0.046516989579054036,-0.07478057425197948,-0.13548420698124453,-0.1483921860339632,-0.3467741935483871,0.0014832109633229223,0.9697324534779468,29.73,1.25,0.6203703703703703,0.6415343915343915,26,0.9230769230769231,0.16666666666666666,0.2916666666666667,0.375,0.0,0.2916666666666667,0.3333333333333333,-0.054216820138910604,-0.08025125467506317,0.18059258117031574,26,0.9230769230769231,0.6666666666666666,0.5416666666666666,0.2916666666666667,0.5833333333333334,4.86475,1.1935,强势后质量转弱,宽度偏窄,财务景气中性,利润覆盖改善,宽度未跟上
801055.SI,工业金属,2026-05-21,潜伏观察,观察验证,32.47793417161212,25.14516129032258,14.495822316234797,25.704918032786885,73.8688524590164,38.639614268646525,65.0,-0.10626537265175251,-0.16890552632427625,0.13262787788633812,-0.12129380153095803,-0.18252598937149078,0.030752681431428952,-0.20161290322580644,0.017350366307882555,0.8708685418677583,16.25,2.89,0.5542328042328042,0.8293650793650794,66,0.9242424242424242,0.11475409836065574,0.32786885245901637,0.36065573770491804,0.01639344262295082,0.2786885245901639,0.2786885245901639,-0.08743383650264658,-0.09835082458770616,0.33559090020207283,66,0.9242424242424242,0.9344262295081968,0.7868852459016393,0.7049180327868853,0.47540983606557374,21.4473,42.7298,财务景气有支持；强势后质量转弱,宽度偏窄；龙头领先过大,利润正增长覆盖高；利润同比改善扩散,财务景气支持,宽度未跟上；龙头独舞风险
801765.SI,广告营销,2026-05-21,退潮回避,回避,32.18072751322751,22.508064516129036,26.511981566820275,17.214285714285715,60.285714285714285,60.452423621778465,25.0,-0.0636307159396825,-0.19080376244227948,0.033237084276781736,-0.07865914481888803,-0.20442422548949402,-0.06863811217812743,0.008064516129032251,0.005968159155201234,1.082576200401116,68.54,4.83,0.9828042328042328,0.9034391534391535,34,0.8235294117647058,0.17857142857142858,0.21428571428571427,0.25,0.0,0.2857142857142857,0.03571428571428571,-0.09175564200477998,-0.24657463186077644,0.18962563368226998,34,0.8235294117647058,0.6071428571428571,0.6428571428571429,0.7142857142857143,0.39285714285714285,8.924150000000001,26.9882,等待更多共振证据,宽度偏窄,利润正增长覆盖高；利润同比改善扩散,利润覆盖改善,宽度未跟上
801995.SI,电视广播Ⅱ,2026-05-21,潜伏观察,观察验证,32.0481249359959,24.395161290322577,35.867281105990784,18.0,43.06666666666667,58.93234767025089,35.0,-0.027424394367597915,-0.15395984283190944,-0.067518494680048,-0.04245282324680344,-0.16758030587912398,-0.16939369113495717,0.12903225806451613,0.0016235293146805298,0.9014757718047873,74.8,1.29,0.9828042328042328,0.8783068783068783,17,0.8823529411764706,0.3333333333333333,0.26666666666666666,0.13333333333333333,0.0,0.2,0.06666666666666667,-0.03693570451436379,-0.20066152149944871,0.1602797411176683,17,0.8823529411764706,0.26666666666666666,0.3333333333333333,0.6666666666666666,0.4666666666666667,-6.0919,-10.9766,等待更多共振证据,宽度偏窄,利润覆盖偏弱；利润同比改善扩散,盘面先动，确认不足,宽度未跟上；财务景气偏弱
801203.SI,一般零售,2026-05-21,退潮回避,回避,31.79763757047683,13.088709677419356,34.000093728032496,11.152542372881356,54.36666666666667,41.990548728451955,25.0,-0.05943003706581984,-0.16461254853617457,-0.19490395644163894,-0.07445846594502536,-0.1782330115833891,-0.2967791528965481,0.10483870967741937,0.003281517575566233,0.984223519500819,41.05,1.56,0.623015873015873,0.5978835978835979,68,0.8676470588235294,0.0847457627118644,0.13559322033898305,0.1016949152542373,0.0,0.22033898305084745,0.0847457627118644,-0.09073724007561446,-0.18432203389830504,0.15219710361386568,68,0.8823529411764706,0.31666666666666665,0.55,0.6,0.7333333333333333,-4.35275,2.4073,等待更多共振证据,宽度偏窄,利润同比改善扩散,利润覆盖改善,宽度未跟上
801012.SI,农产品加工,2026-05-21,潜伏观察,观察验证,31.13568375149343,25.274193548387096,19.329290322580643,15.84,46.48,38.5002773510838,35.0,-0.06566057275528858,-0.0856822955401727,-0.11751365635291555,-0.0806890016344941,-0.09930275858738724,-0.21938885280782472,-0.10483870967741937,0.0008558222841509963,0.7772350840402903,39.64,2.0,0.8306878306878307,0.5251322751322751,27,0.9259259259259259,0.16,0.16,0.16,0.0,0.16,0.24,-0.07794508414526125,-0.10982658959537572,0.2508111204104152,27,0.9259259259259259,0.56,0.32,0.44,0.6,5.6825,-28.5436,等待更多共振证据,宽度偏窄,利润覆盖偏弱,盘面先动，确认不足,宽度未跟上
801991.SI,航空机场,2026-05-21,退潮回避,回避,30.968142174432497,9.475806451612904,18.362365591397854,1.1666666666666665,84.16666666666667,21.809161119644994,35.0,-0.054515333357876616,-0.21028387985535413,-0.20506756965896356,-0.06954376223708214,-0.22390434290256866,-0.3069427661138727,0.0,0.0017002063087759342,0.7397294866854187,26.73,2.32,0.006613756613756613,0.007936507936507936,12,1.0,0.08333333333333333,0.0,0.0,0.0,0.0,0.0,-0.06868434825057568,-0.17081246897022712,0.05138147623414961,12,1.0,1.0,0.8333333333333334,0.5833333333333334,1.0,6.01585,51.82585,财务景气有支持,宽度偏窄,利润正增长覆盖高；利润同比改善扩散,财务景气支持,宽度未跟上
801043.SI,冶钢原料,2026-05-21,潜伏观察,观察验证,30.434142771804062,37.25806451612904,12.940501792114695,12.444444444444445,58.0,44.36416197303294,65.0,-0.08802200426985274,-0.06648299990169704,0.012961615675377125,-0.10305043314905826,-0.08010346294891157,-0.08891358077953204,-0.3790322580645161,0.0009898779937917903,0.7531897256723528,50.8,2.08,0.8108465608465608,0.8809523809523809,9,1.0,0.1111111111111111,0.1111111111111111,0.2222222222222222,0.0,0.0,0.2222222222222222,-0.09417433201927283,-0.11403508771929827,0.16848474839739336,9,1.0,0.6666666666666666,0.6666666666666666,0.3333333333333333,0.6666666666666666,4.5706,25.1272,强势后质量转弱,宽度偏窄,利润正增长覆盖高,利润覆盖改善,宽度未跟上
801154.SI,医药商业,2026-05-21,退潮回避,回避,30.433909903567162,19.556451612903228,16.525633640552996,7.8125,49.75,18.79463218979348,35.0,-0.09171134257486402,-0.11607891510365609,-0.11241730032331454,-0.10673977145406954,-0.12969937815087063,-0.2142924967782237,0.04838709677419356,0.0013033906821677353,0.7090965954576874,18.69,1.25,0.5396825396825397,0.06613756613756613,33,0.9696969696969697,0.0625,0.125,0.09375,0.0,0.0625,0.0625,-0.08165771204002242,-0.11358304696873883,0.06993173201029709,33,0.9696969696969697,0.46875,0.53125,0.53125,0.4375,-0.46125,4.29815,等待更多共振证据,宽度偏窄,财务景气中性,利润覆盖改善,宽度未跟上
801016.SI,种植业,2026-05-21,潜伏观察,观察验证,30.11293906810036,26.766129032258064,10.3366568914956,14.909090909090908,54.36363636363636,18.309075780849973,65.0,-0.10012655271112159,-0.0866542111632449,-0.04552766160433974,-0.11515498159032711,-0.10027467421045944,-0.1474028580592489,-0.467741935483871,0.0009741262388659377,0.562367780316127,41.51,2.44,0.11375661375661375,0.17592592592592593,23,0.9565217391304348,0.09090909090909091,0.13636363636363635,0.18181818181818182,0.0,0.13636363636363635,0.2727272727272727,-0.08956311402333395,-0.11090963309948071,0.1649052302376205,23,0.9565217391304348,0.5454545454545454,0.5,0.5909090909090909,0.5454545454545454,4.0114,-3.41125,强势后质量转弱,宽度偏窄,利润同比改善扩散,盘面先动，确认不足,宽度未跟上
801096.SI,商用车,2026-05-21,退潮回避,回避,29.803142404190794,22.846774193548384,20.83126550868486,10.76923076923077,62.46153846153847,40.50179211469534,55.0,-0.07564930901800115,-0.13674326358490985,-0.04994417971409115,-0.09067773789720668,-0.15036372663212438,-0.15181937616900032,-0.532258064516129,0.0013343982553825654,0.933615227777799,28.88,3.18,0.0026455026455026454,0.7195767195767195,15,0.8666666666666667,0.07692307692307693,0.07692307692307693,0.23076923076923078,0.0,0.15384615384615385,0.07692307692307693,-0.08823529411764697,-0.07280334728033466,0.0565067273665246,15,0.8666666666666667,0.7692307692307693,0.6923076923076923,0.5384615384615384,0.46153846153846156,6.6052,17.2365,财务景气有支持；强势后质量转弱,宽度偏窄,利润正增长覆盖高,财务景气支持,宽度未跟上
801743.SI,地面兵装Ⅱ,2026-05-21,退潮回避,回避,29.30429382147124,17.467741935483872,17.132718894009216,12.0,48.833333333333336,27.789661204983787,35.0,-0.10678971123811665,-0.1392407089044665,-0.0855899506921185,-0.12181814011732217,-0.15286117195168103,-0.18746514714702767,0.0967741935483871,0.0011519916069990257,0.6674857848869543,131.64,3.44,0.667989417989418,0.7142857142857143,12,1.0,0.16666666666666666,0.16666666666666666,0.08333333333333333,0.0,0.16666666666666666,0.08333333333333333,-0.09913004972432105,-0.1528149948828919,0.07586167033811154,12,1.0,0.75,0.3333333333333333,0.4166666666666667,0.5,23.5536,-20.375999999999998,等待更多共振证据,宽度偏窄,利润覆盖偏弱,盘面先动，确认不足,宽度未跟上
801053.SI,贵金属,2026-05-21,退潮回避,回避,29.037020745085265,19.129032258064516,4.184750733137831,8.181818181818182,89.81818181818183,24.903140467656595,65.0,-0.19249489989710933,-0.24009504151174355,0.13212138272197427,-0.20752332877631485,-0.2537155045589581,0.0302461862670651,-0.8629032258064516,0.0031714974926986233,0.631392982026246,22.46,3.85,0.0013227513227513227,0.7738095238095238,14,0.7857142857142857,0.09090909090909091,0.09090909090909091,0.09090909090909091,0.0,0.09090909090909091,0.09090909090909091,-0.1914559721011334,-0.23452341958729117,0.17253320751551304,14,0.7857142857142857,1.0,1.0,0.8181818181818182,0.7272727272727273,69.1684,129.2346,财务景气有支持；强势后质量转弱,宽度偏窄,利润正增长覆盖高；利润同比改善扩散,财务景气支持,宽度未跟上
801764.SI,游戏Ⅱ,2026-05-21,退潮回避,回避,28.99053924271666,7.991935483870968,19.530521091811412,21.846153846153847,54.61538461538461,31.77180406212664,35.0,-0.09878038359425878,-0.24376596370721482,-0.10514304439672073,-0.1138088124734643,-0.25738642675442935,-0.2070182408516299,-0.008064516129032258,0.004397005939409247,0.8785391153808005,26.09,3.44,0.08465608465608465,0.6190476190476191,33,0.7878787878787878,0.23076923076923078,0.23076923076923078,0.2692307692307692,0.0,0.3076923076923077,0.19230769230769232,-0.05541609080816551,-0.21570233179122555,0.271633394525308,33,0.7878787878787878,0.5384615384615384,0.5384615384615384,0.5384615384615384,0.5769230769230769,3.58425,10.4418,等待更多共振证据,宽度偏窄,财务景气中性,利润覆盖改善,宽度未跟上
801014.SI,饲料,2026-05-21,退潮回避,回避,28.379345878136203,8.443548387096774,17.739068100358423,12.88888888888889,54.0,21.806579621095747,35.0,-0.10343273819617715,-0.1584545874177712,-0.21634086019683907,-0.11846116707538268,-0.17207505046498572,-0.31821605665174824,-0.07258064516129031,0.000735514399420776,0.8615216873949438,41.48,2.24,0.5185185185185185,0.06878306878306878,18,1.0,0.05555555555555555,0.16666666666666666,0.16666666666666666,0.0,0.05555555555555555,0.2222222222222222,-0.0958888069654818,-0.15684564913112825,0.24338640825253272,18,1.0,0.8888888888888888,0.16666666666666666,0.7222222222222222,0.4444444444444444,17.79815,-62.4724,等待更多共振证据,宽度偏窄,利润覆盖偏弱；利润同比改善扩散,盘面先动，确认不足,宽度未跟上
801114.SI,厨卫电器,2026-05-21,退潮回避,回避,27.62395758661888,13.951612903225806,15.794982078853046,11.555555555555555,45.11111111111111,25.323882061785287,35.0,-0.07685388414610128,-0.1451621415952471,-0.182917444404188,-0.0918823130253068,-0.15878260464246163,-0.28479264085909717,-0.05645161290322581,0.00022025065047063708,0.6763911460774064,23.81,1.69,0.9841269841269841,0.0701058201058201,9,1.0,0.1111111111111111,0.1111111111111111,0.1111111111111111,0.0,0.2222222222222222,0.1111111111111111,-0.07891637220259129,-0.15276273022751896,0.1278724715182634,9,1.0,0.2222222222222222,0.3333333333333333,0.8888888888888888,0.3333333333333333,-5.4551,-9.8171,等待更多共振证据,宽度偏窄,利润覆盖偏弱；利润同比改善扩散,盘面先动，确认不足,宽度未跟上
801045.SI,特钢Ⅱ,2026-05-21,退潮回避,回避,27.435728793309437,16.31451612903226,12.770967741935484,19.5,52.5,22.675093872674516,65.0,-0.11843579584406005,-0.1845325904950934,-0.038538165455925366,-0.13346422472326558,-0.19815305354230794,-0.14041336191083453,-0.34677419354838707,0.0006835852201759284,0.7701833868851222,21.96,1.44,0.794973544973545,0.4523809523809524,13,0.9230769230769231,0.25,0.25,0.16666666666666666,0.0,0.25,0.16666666666666666,-0.13300317926143307,-0.2010121457489879,0.24613174109224994,13,0.9230769230769231,0.5833333333333334,0.3333333333333333,0.5833333333333334,0.6666666666666666,4.4879999999999995,-14.05035,强势后质量转弱,宽度偏窄,利润覆盖偏弱；利润同比改善扩散,盘面先动，确认不足,宽度未跟上
801125.SI,白酒Ⅱ,2026-05-21,退潮回避,回避,27.407588631075896,12.879032258064516,26.820033955857387,16.842105263157894,41.1,32.682134323263355,55.0,-0.0814517250154051,-0.1471875981843529,-0.19865853123732513,-0.09648015389461062,-0.16080806123156743,-0.3005337276922343,-0.1774193548387097,0.0038760360357825087,1.019476297165743,20.52,3.81,0.5476190476190477,0.0013227513227513227,20,0.95,0.2631578947368421,0.2631578947368421,0.10526315789473684,0.0,0.3157894736842105,0.0,-0.043147979337587294,-0.17924181082075819,0.0951183913635903,20,1.0,0.2,0.3,0.55,0.65,-14.55595,-19.14235,强势后质量转弱,宽度偏窄,利润覆盖偏弱,盘面先动，确认不足,宽度未跟上；财务景气偏弱
801018.SI,动物保健Ⅱ,2026-05-21,退潮回避,回避,27.340942665458794,21.233870967741932,11.658986175115206,0.0,50.92307692307692,27.039533196791258,35.0,-0.09246735733723088,-0.13078642387307093,-0.07547418145473916,-0.1074957862164364,-0.14440688692028547,-0.17734937790964833,0.02419354838709678,0.0002640228253799115,0.6876066820009414,48.63,2.17,0.7195767195767195,0.5753968253968254,14,0.9285714285714286,0.0,0.0,0.0,0.0,0.0,0.0,-0.08988764044943831,-0.1417410714285715,0.05737397464631386,14,0.9285714285714286,0.46153846153846156,0.38461538461538464,0.6153846153846154,0.6153846153846154,-1.4534,-23.0089,等待更多共振证据,宽度偏窄,利润同比改善扩散,盘面先动，确认不足,宽度未跟上
801194.SI,保险Ⅱ,2026-05-21,退潮回避,回避,27.167710872162488,10.25,18.61290322580645,0.0,52.8,25.39296381635091,25.0,-0.08685891501573773,-0.21113665900229928,-0.10623404865819941,-0.10188734389494325,-0.2247571220495138,-0.20810924511310858,-0.016129032258064516,0.0031528969854632814,0.9279962414825844,6.87,1.01,0.0013227513227513227,0.3333333333333333,7,0.7142857142857143,0.0,0.0,0.0,0.0,0.0,0.0,-0.08204094292803976,-0.24294562973158984,0.039858292218408364,7,0.7142857142857143,0.0,0.4,0.8,1.0,-6.1838,-7.3808,等待更多共振证据,宽度偏窄,利润同比改善扩散,盘面先动，确认不足,宽度未跟上
801769.SI,出版,2026-05-21,退潮回避,回避,26.823393791455526,17.483870967741936,18.405784204671857,9.448275862068966,38.27586206896552,33.98116146100017,35.0,-0.07922856087769659,-0.15341690077598336,-0.09742583737644417,-0.09425698975690211,-0.1670373638231979,-0.19930103383135334,-0.03225806451612903,0.001557984944741947,0.8762140315159102,24.02,1.6,0.8452380952380952,0.1402116402116402,29,1.0,0.06896551724137931,0.10344827586206896,0.10344827586206896,0.0,0.10344827586206896,0.13793103448275862,-0.07894736842105265,-0.15435356200527706,0.1614041578610482,29,1.0,0.27586206896551724,0.3793103448275862,0.6206896551724138,0.20689655172413793,-6.8076,-13.2934,等待更多共振证据,宽度偏窄,利润同比改善扩散；现金流质量待验,盘面先动，确认不足,宽度未跟上；财务景气偏弱
801962.SI,油服工程,2026-05-21,潜伏观察,观察验证,26.739333077316953,34.29032258064517,9.55668202764977,18.42857142857143,33.142857142857146,40.97843061955965,65.0,-0.09017042048471358,-0.09553046942841092,0.09295837242605298,-0.1051988493639191,-0.10915093247562546,-0.008916824028856185,-0.6048387096774194,0.001584768406485722,0.42860950309426565,28.66,1.78,0.8968253968253969,0.8928571428571429,14,1.0,0.21428571428571427,0.07142857142857142,0.35714285714285715,0.0,0.14285714285714285,0.2857142857142857,-0.08927327562512,-0.12031624450805489,0.24577763567609243,14,1.0,0.42857142857142855,0.21428571428571427,0.35714285714285715,0.35714285714285715,-1.7614999999999998,-28.410899999999998,强势后质量转弱,宽度偏窄,利润覆盖偏弱,盘面先动，确认不足,宽度未跟上；财务景气偏弱
801017.SI,养殖业,2026-05-21,退潮回避,回避,26.722620513220093,20.653225806451612,16.546423562412343,12.086956521739129,49.826086956521735,31.912783751493436,65.0,-0.1124336512425832,-0.08347465040847368,-0.1525183795505528,-0.12746208012178872,-0.09709511345568822,-0.254393576005462,-0.12903225806451607,0.0015605713119702994,0.8645810153432252,38.89,2.36,0.6653439153439153,0.01984126984126984,25,0.92,0.043478260869565216,0.13043478260869565,0.13043478260869565,0.0,0.13043478260869565,0.21739130434782608,-0.07815845824411138,-0.08108108108108103,0.12513369358172827,25,0.92,0.7391304347826086,0.2608695652173913,0.5652173913043478,0.4782608695652174,9.4728,-127.05,强势后质量转弱,宽度偏窄,利润覆盖偏弱,盘面先动，确认不足,宽度未跟上
801095.SI,乘用车,2026-05-21,退潮回避,回避,26.711938470728793,19.193548387096776,12.546774193548387,2.25,44.0,24.569679126130737,35.0,-0.10219231596820777,-0.08617712825744428,-0.15929671481486118,-0.1172207448474133,-0.09979759130465882,-0.26117191126977035,-0.08064516129032256,0.003573866456298803,0.7378106486321399,28.16,1.84,0.8492063492063492,0.005291005291005291,9,0.8888888888888888,0.0,0.0,0.0,0.0,0.0,0.125,-0.11428970554485679,-0.19023774988963865,0.10074918277930767,9,0.8888888888888888,0.625,0.5,0.25,0.375,1.2965,-2.94685,等待更多共振证据,宽度偏窄,财务景气中性,盘面先动，确认不足,宽度未跟上
801038.SI,农化制品,2026-05-21,潜伏观察,观察验证,26.652042521103862,27.58064516129032,8.540983606557377,7.704918032786885,55.18032786885246,33.180960914831886,65.0,-0.09956758514183528,-0.11684449858414758,0.02845848481360047,-0.1145960140210408,-0.13046496163136212,-0.0734167116413087,-0.45161290322580644,0.005009461735776672,0.6800317614448701,21.52,2.17,0.7354497354497355,0.8465608465608465,64,0.953125,0.04918032786885246,0.04918032786885246,0.14754098360655737,0.01639344262295082,0.08196721311475409,0.09836065573770492,-0.10190476190476194,-0.1417797888386123,0.13205972663021415,64,0.953125,0.7213114754098361,0.5409836065573771,0.4918032786885246,0.4426229508196721,8.346,1.8321,强势后质量转弱,宽度偏窄,财务景气中性,利润覆盖改善,宽度未跟上
801993.SI,旅游及景区,2026-05-21,退潮回避,回避,26.251111111111108,5.443548387096774,13.373118279569892,2.833333333333333,60.41666666666666,16.05715565796211,35.0,-0.1276072471044769,-0.19001283950617276,-0.20568419992329112,-0.14263567598368243,-0.2036333025533873,-0.3075593963782003,-0.024193548387096767,0.000872107459296743,0.7966048988409647,47.1,2.57,0.35185185185185186,0.1283068783068783,26,0.9230769230769231,0.08333333333333333,0.041666666666666664,0.0,0.0,0.041666666666666664,0.0,-0.12235389989829365,-0.17858982840189241,0.11989805695592974,26,0.9230769230769231,0.6666666666666666,0.5416666666666666,0.6666666666666666,0.5416666666666666,7.80705,0.9182,等待更多共振证据,宽度偏窄,利润同比改善扩散,利润覆盖改善,宽度未跟上
801711.SI,水泥,2026-05-21,退潮回避,回避,26.09128264208909,10.153225806451612,20.65099846390169,20.19047619047619,44.0,25.094662058371735,65.0,-0.09010213224181629,-0.18696015603232097,-0.14441868556751403,-0.10513056112102181,-0.2005806190795355,-0.2462938820224232,-0.25,0.001169352272642181,0.8708583986224399,23.06,0.72,0.7579365079365079,0.30158730158730157,24,0.875,0.2857142857142857,0.23809523809523808,0.19047619047619047,0.0,0.2857142857142857,0.14285714285714285,-0.07039337474120078,-0.17002012072434602,0.17649960236581463,24,0.875,0.2857142857142857,0.42857142857142855,0.7142857142857143,0.2857142857142857,-10.4525,-10.9065,强势后质量转弱,宽度偏窄,利润同比改善扩散；现金流质量待验,盘面先动，确认不足,宽度未跟上
801133.SI,饰品,2026-05-21,退潮回避,回避,26.054127410820957,9.459677419354838,16.27188940092166,15.714285714285712,51.71428571428571,17.9636883427206,65.0,-0.09341472787637095,-0.19167663695240666,-0.11917368018362662,-0.10844315675557648,-0.2052970999996212,-0.22104887663853579,-0.3629032258064516,0.0006126864645706226,0.78046819584383,21.2,1.92,0.36772486772486773,0.20105820105820105,18,0.7777777777777778,0.07142857142857142,0.21428571428571427,0.21428571428571427,0.07142857142857142,0.14285714285714285,0.14285714285714285,-0.065802957107305,-0.16824383521119146,0.38099220046760085,18,0.7777777777777778,0.42857142857142855,0.7857142857142857,0.35714285714285715,0.42857142857142855,-1.9781,28.71555,强势后质量转弱,宽度偏窄；龙头领先过大,利润正增长覆盖高,利润覆盖改善,宽度未跟上；龙头独舞风险
801766.SI,影视院线,2026-05-21,退潮回避,回避,25.41753584229391,8.10483870967742,21.733786078098472,21.89473684210526,32.31578947368421,39.24052739375319,35.0,-0.07411437460249348,-0.2913421386008539,-0.13093294397732913,-0.089142803481699,-0.30496260164806843,-0.2328081404322383,-0.08064516129032259,0.0018334835132309364,0.8622083881017013,281.77,3.02,0.9854497354497355,0.5542328042328042,22,0.8636363636363636,0.21052631578947367,0.3684210526315789,0.21052631578947367,0.0,0.2631578947368421,0.10526315789473684,-0.09611650485436896,-0.2712053571428572,0.2150360726751432,22,0.8636363636363636,0.15789473684210525,0.42105263157894735,0.3684210526315789,0.3157894736842105,-36.3256,-13.8999,等待更多共振证据,宽度中性,现金流质量待验,盘面先动，确认不足,宽度未跟上；财务景气偏弱
801183.SI,房地产服务,2026-05-21,退潮回避,回避,25.376646844792006,20.717741935483872,14.059237536656891,6.909090909090909,54.727272727272734,35.47226489161973,65.0,-0.07711584824260886,-0.1345146959660467,-0.09068272506589714,-0.09214427712181439,-0.14813515901326124,-0.1925579215208063,-0.25,0.00038927277636363914,0.7216706521822369,50.73,1.58,0.873015873015873,0.544973544973545,12,0.9166666666666666,0.0,0.09090909090909091,0.09090909090909091,0.0,0.09090909090909091,0.09090909090909091,-0.08513838748495794,-0.14448336252189142,0.1339199822402013,12,0.9166666666666666,0.5454545454545454,0.6363636363636364,0.7272727272727273,0.18181818181818182,2.1863,1.3555,强势后质量转弱,宽度偏窄,利润正增长覆盖高；利润同比改善扩散,利润覆盖改善,宽度未跟上
801219.SI,酒店餐饮,2026-05-21,退潮回避,回避,24.535940860215057,8.008064516129032,13.141935483870968,2.0,71.11111111111111,21.768561187916028,65.0,-0.14162462798404285,-0.1832901554404145,-0.15698072139303476,-0.15665305686324837,-0.19691061848762903,-0.25885591784794393,-0.12096774193548387,0.00027274785016585866,0.8384690210915526,29.25,1.71,0.12169312169312169,0.037037037037037035,11,0.8181818181818182,0.0,0.0,0.1111111111111111,0.0,0.0,0.0,-0.11340206185567014,-0.17835550181378468,0.15176138192069571,11,0.8181818181818182,0.6666666666666666,0.6666666666666666,0.6666666666666666,0.8888888888888888,0.536,18.514,财务景气有支持；强势后质量转弱,宽度偏窄,利润正增长覆盖高；利润同比改善扩散,财务景气支持,宽度未跟上
801981.SI,个护用品,2026-05-21,退潮回避,回避,24.03806750298686,5.911290322580646,10.064516129032258,0.0,71.83333333333334,13.337344256699096,65.0,-0.1584413383054738,-0.18518261352589926,-0.20824720768905214,-0.17346976718467932,-0.1988030765731138,-0.3101224041439613,-0.282258064516129,0.0003752366161990684,0.710354381304074,29.25,2.0,0.2328042328042328,0.1693121693121693,12,1.0,0.0,0.0,0.0,0.0,0.0,0.0,-0.14269920574494643,-0.23438667550572312,0.12431522597973725,12,1.0,0.8333333333333334,0.6666666666666666,0.5833333333333334,0.8333333333333334,6.6370000000000005,6.0356000000000005,财务景气有支持；强势后质量转弱,宽度偏窄,利润正增长覆盖高；利润同比改善扩散,财务景气支持,宽度未跟上
801994.SI,教育,2026-05-21,退潮回避,回避,23.874062126642773,2.5806451612903225,19.195698924731182,15.333333333333334,40.5,33.24901860385731,35.0,-0.12793946233972886,-0.23600040522743393,-0.2137584760252551,-0.14296789121893438,-0.24962086827464847,-0.3156336724801643,0.0,0.0005933420523799684,0.9065906742895905,112.26,3.95,0.6759259259259259,0.4880952380952381,19,0.7894736842105263,0.13333333333333333,0.13333333333333333,0.2,0.0,0.2,0.2,-0.10251450676982599,-0.17174515235457055,0.28368446915606027,19,0.8421052631578947,0.5,0.375,0.375,0.375,-0.3972499999999999,-31.9556,等待更多共振证据,宽度偏窄；龙头领先过大,财务景气中性,盘面先动，确认不足,宽度未跟上；龙头独舞风险；财务景气偏弱
801015.SI,渔业,2026-05-21,退潮回避,回避,20.55387992831541,6.612903225806452,11.161290322580646,0.0,33.33333333333333,24.665066564260115,35.0,-0.09646805473826559,-0.18968324369238376,-0.2245468123744131,-0.11149648361747111,-0.2033037067395983,-0.32642200882932226,-0.10483870967741934,0.00011607223984900529,0.5105982023708691,150.97,2.46,0.7023809523809523,0.873015873015873,9,0.6666666666666666,0.0,0.0,0.0,0.0,0.0,0.0,-0.09395841648826153,-0.21647711022658606,0.10262260826709829,9,0.6666666666666666,0.16666666666666666,0.5,0.16666666666666666,0.5,-1.8093,-6.83435,等待更多共振证据,宽度偏窄,财务景气中性,盘面先动，确认不足,宽度未跟上；财务景气偏弱
801952.SI,焦炭Ⅱ,2026-05-21,退潮回避,回避,19.74423198794868,4.564516129032259,9.838709677419356,0.0,56.85714285714286,25.64603879575829,65.0,-0.10435934191473417,-0.19105266271022703,-0.2775906188374495,-0.1193877707939397,-0.20467312575744157,-0.3794658152923587,-0.20161290322580644,0.00026570093655817363,0.36331115967445843,616.25,1.33,0.8074534161490683,0.6243386243386243,7,1.0,0.0,0.0,0.0,0.0,0.0,0.0,-0.1142131979695431,-0.1952277657266812,0.05330443864247114,7,1.0,0.5714285714285714,0.7142857142857143,0.2857142857142857,0.7142857142857143,3.3212,13.4283,强势后质量转弱,宽度偏窄,利润正增长覆盖高,利润覆盖改善,宽度未跟上
801044.SI,普钢,2026-05-21,退潮回避,回避,18.712082878811493,10.28225806451613,8.774193548387096,0.0,35.82608695652174,22.74726915855948,65.0,-0.1203683402762552,-0.15843097300050946,-0.1466650461283695,-0.13539676915546073,-0.172051436047724,-0.24854024258327867,-0.403225806451613,0.0014959207813191073,0.6339520635548719,33.25,0.85,0.5965608465608465,0.7076719576719577,28,0.8214285714285714,0.0,0.0,0.0,0.0,0.0,0.0,-0.1293103448275862,-0.1657303370786516,0.050146782701993825,28,0.8214285714285714,0.2608695652173913,0.34782608695652173,0.43478260869565216,0.391304347826087,-6.436,-47.1653,强势后质量转弱,宽度偏窄,利润覆盖偏弱,盘面先动，确认不足,宽度未跟上；财务景气偏弱
