ts_code,industry_name,trade_date,stage,action,radar_score,status_note,stage_5d_ago,stage_20d_ago,migration
801086.SI,电子化学品Ⅱ,2026-05-21,高位拥挤,持有但不追,76.68574005803038,成交关注度升温；20/60/120日趋势同向；短期热度偏高,高位拥挤,高位拥挤,高位拥挤 -> 高位拥挤
801081.SI,半导体,2026-05-21,高位拥挤,持有但不追,76.14249128794782,60日相对排名改善快；成交关注度升温；20/60/120日趋势同向,高位拥挤,高位拥挤,高位拥挤 -> 高位拥挤
801731.SI,电机Ⅱ,2026-05-21,高位拥挤,持有但不追,72.32651775046936,60日相对排名改善快；成交关注度升温；20/60/120日趋势同向,早期启动,潜伏观察,潜伏观察 -> 高位拥挤
801083.SI,元件,2026-05-21,高位拥挤,持有但不追,71.55434203789042,成交关注度升温；20/60/120日趋势同向；短期热度偏高,高位拥挤,高位拥挤,高位拥挤 -> 高位拥挤
801082.SI,其他电子Ⅱ,2026-05-21,高位拥挤,持有但不追,71.54203470277,60日相对排名改善快；成交关注度升温；20/60/120日趋势同向,高位拥挤,高位拥挤,高位拥挤 -> 高位拥挤
801116.SI,家电零部件Ⅱ,2026-05-21,高位拥挤,持有但不追,70.38514080901177,60日相对排名改善快；成交关注度升温；20/60/120日趋势同向,高位拥挤,潜伏观察,潜伏观察 -> 高位拥挤
801078.SI,自动化设备,2026-05-21,高位拥挤,持有但不追,69.58751243297962,20/60/120日趋势同向；短期热度偏高,高位拥挤,高位拥挤,高位拥挤 -> 高位拥挤
801084.SI,光学光电子,2026-05-21,高位拥挤,持有但不追,68.7986465972374,20/60/120日趋势同向；短期热度偏高,高位拥挤,主升扩散,主升扩散 -> 高位拥挤
801085.SI,消费电子,2026-05-21,高位拥挤,持有但不追,67.65382185914444,60日相对排名改善快；成交关注度升温；20/60/120日趋势同向,高位拥挤,高位拥挤,高位拥挤 -> 高位拥挤
801036.SI,塑料,2026-05-21,高位拥挤,持有但不追,65.63646134928393,20/60/120日趋势同向；短期热度偏高,高位拥挤,高位拥挤,高位拥挤 -> 高位拥挤
801072.SI,通用设备,2026-05-21,高位拥挤,持有但不追,65.52445525873054,20/60/120日趋势同向；短期热度偏高,趋势确认,趋势确认,趋势确认 -> 高位拥挤
801102.SI,通信设备,2026-05-21,高位拥挤,持有但不追,64.71635711958294,20/60/120日趋势同向；短期热度偏高,高位拥挤,高位拥挤,高位拥挤 -> 高位拥挤
801111.SI,白色家电,2026-05-21,趋势确认,继续跟踪核心,64.44114968424645,60日相对排名改善快；20/60/120日趋势同向,早期启动,潜伏观察,潜伏观察 -> 趋势确认
801972.SI,环保设备Ⅱ,2026-05-21,高位拥挤,持有但不追,63.4081046253627,成交关注度升温；20/60/120日趋势同向；短期热度偏高,高位拥挤,高位拥挤,高位拥挤 -> 高位拥挤
801051.SI,金属新材料,2026-05-21,高位拥挤,持有但不追,62.721751167133526,60日相对排名改善快；20/60/120日趋势同向；短期热度偏高,潜伏观察,潜伏观察,潜伏观察 -> 高位拥挤
801712.SI,玻璃玻纤,2026-05-21,高位拥挤,持有但不追,62.19763888888889,20/60/120日趋势同向；短期热度偏高,高位拥挤,高位拥挤,高位拥挤 -> 高位拥挤
801039.SI,非金属材料Ⅱ,2026-05-21,高位拥挤,持有但不追,61.612897252090804,20/60/120日趋势同向；短期热度偏高,高位拥挤,高位拥挤,高位拥挤 -> 高位拥挤
801223.SI,通信服务,2026-05-21,高位拥挤,持有但不追,60.77488830464637,60日相对排名改善快；短期热度偏高；短线弱于中期趋势,趋势确认,潜伏观察,潜伏观察 -> 高位拥挤
801093.SI,汽车零部件,2026-05-21,潜伏观察,观察验证,60.702322113527536,60日相对排名改善快；20/60/120日趋势同向,潜伏观察,潜伏观察,潜伏观察 -> 潜伏观察
801112.SI,黑色家电,2026-05-21,潜伏观察,观察验证,59.846380952380954,60日相对排名改善快,趋势确认,潜伏观察,潜伏观察 -> 潜伏观察
801161.SI,电力,2026-05-21,趋势确认,继续跟踪核心,58.90793304418542,等待更多共振证据,趋势确认,趋势确认,趋势确认 -> 趋势确认
801722.SI,装修装饰Ⅱ,2026-05-21,高位拥挤,持有但不追,58.705516441379,成交关注度升温；短期热度偏高,高位拥挤,趋势确认,趋势确认 -> 高位拥挤
801113.SI,小家电,2026-05-21,潜伏观察,观察验证,58.704334047075974,60日相对排名改善快；成交关注度升温,潜伏观察,潜伏观察,潜伏观察 -> 潜伏观察
801101.SI,计算机设备,2026-05-21,高位拥挤,持有但不追,58.494333182349315,60日相对排名改善快；成交关注度升温；短期热度偏高,高位拥挤,潜伏观察,潜伏观察 -> 高位拥挤
801737.SI,电池,2026-05-21,高位拥挤,持有但不追,58.24453345731494,短期热度偏高；财务景气有支持；短线弱于中期趋势,高位拥挤,高位拥挤,高位拥挤 -> 高位拥挤
801733.SI,其他电源设备Ⅱ,2026-05-21,高位拥挤,持有但不追,58.192981481481475,短期热度偏高；短线弱于中期趋势,高位拥挤,高位拥挤,高位拥挤 -> 高位拥挤
801744.SI,航海装备Ⅱ,2026-05-21,潜伏观察,观察验证,57.90877794845537,60日相对排名改善快；财务景气有支持,潜伏观察,潜伏观察,潜伏观察 -> 潜伏观察
801992.SI,航运港口,2026-05-21,潜伏观察,观察验证,56.17342891278375,20/60/120日趋势同向；财务景气有支持；短线弱于中期趋势,潜伏观察,潜伏观察,潜伏观察 -> 潜伏观察
801132.SI,服装家纺,2026-05-21,潜伏观察,观察验证,55.31110206519884,财务景气有支持,潜伏观察,潜伏观察,潜伏观察 -> 潜伏观察
801074.SI,专用设备,2026-05-21,潜伏观察,观察验证,53.83598609569437,短线弱于中期趋势,潜伏观察,潜伏观察,潜伏观察 -> 潜伏观察
801115.SI,照明设备Ⅱ,2026-05-21,潜伏观察,观察验证,53.65687958696023,短线弱于中期趋势,潜伏观察,高位拥挤,高位拥挤 -> 潜伏观察
801735.SI,光伏设备,2026-05-21,潜伏观察,观察验证,51.98582138590203,20/60/120日趋势同向,潜伏观察,潜伏观察,潜伏观察 -> 潜伏观察
801179.SI,铁路公路,2026-05-21,潜伏观察,观察验证,51.65220786978851,60日相对排名改善快,潜伏观察,潜伏观察,潜伏观察 -> 潜伏观察
801127.SI,饮料乳品,2026-05-21,潜伏观察,观察验证,51.5528183137054,60日相对排名改善快；财务景气有支持,潜伏观察,退潮回避,退潮回避 -> 潜伏观察
801784.SI,城商行Ⅱ,2026-05-21,潜伏观察,观察验证,51.26517534612411,财务景气有支持,潜伏观察,潜伏观察,潜伏观察 -> 潜伏观察
801056.SI,能源金属,2026-05-21,潜伏观察,观察验证,51.08484399411819,财务景气有支持,高位拥挤,高位拥挤,高位拥挤 -> 潜伏观察
801741.SI,航天装备Ⅱ,2026-05-21,潜伏观察,观察验证,49.96223843659327,60日相对排名改善快,高位拥挤,潜伏观察,潜伏观察 -> 潜伏观察
801782.SI,国有大型银行Ⅱ,2026-05-21,潜伏观察,观察验证,49.007542242703536,60日相对排名改善快；财务景气有支持；短线弱于中期趋势,潜伏观察,潜伏观察,潜伏观察 -> 潜伏观察
801951.SI,煤炭开采,2026-05-21,潜伏观察,观察验证,47.68476702508961,短线弱于中期趋势,钝化转弱,钝化转弱,钝化转弱 -> 潜伏观察
801738.SI,电网设备,2026-05-21,钝化转弱,收紧风控,47.38451604940799,强势后质量转弱；短线弱于中期趋势,潜伏观察,潜伏观察,潜伏观察 -> 钝化转弱
801163.SI,燃气Ⅱ,2026-05-21,潜伏观察,观察验证,47.2282104454685,等待更多共振证据,钝化转弱,钝化转弱,钝化转弱 -> 潜伏观察
801745.SI,军工电子Ⅱ,2026-05-21,潜伏观察,观察验证,46.94631091056494,60日相对排名改善快,潜伏观察,潜伏观察,潜伏观察 -> 潜伏观察
801218.SI,专业服务,2026-05-21,潜伏观察,观察验证,46.7094689645164,财务景气有支持,潜伏观察,潜伏观察,潜伏观察 -> 潜伏观察
801126.SI,非白酒,2026-05-21,潜伏观察,观察验证,46.12380845707459,财务景气有支持,退潮回避,潜伏观察,潜伏观察 -> 潜伏观察
801153.SI,医疗器械,2026-05-21,潜伏观察,观察验证,46.12124133752505,60日相对排名改善快,潜伏观察,潜伏观察,潜伏观察 -> 潜伏观察
801726.SI,工程咨询服务Ⅱ,2026-05-21,潜伏观察,观察验证,46.07101110288512,60日相对排名改善快,潜伏观察,潜伏观察,潜伏观察 -> 潜伏观察
801128.SI,休闲食品,2026-05-21,潜伏观察,观察验证,45.96154424428619,财务景气有支持,潜伏观察,潜伏观察,潜伏观察 -> 潜伏观察
801206.SI,互联网电商,2026-05-21,潜伏观察,观察验证,45.34206605222734,60日相对排名改善快；成交关注度升温,潜伏观察,潜伏观察,潜伏观察 -> 潜伏观察
801156.SI,医疗服务,2026-05-21,潜伏观察,观察验证,44.6046081308178,60日相对排名改善快,潜伏观察,潜伏观察,潜伏观察 -> 潜伏观察
801129.SI,调味发酵品Ⅱ,2026-05-21,潜伏观察,观察验证,44.521356460146784,成交关注度升温；财务景气有支持,钝化转弱,潜伏观察,潜伏观察 -> 潜伏观察
801141.SI,包装印刷,2026-05-21,钝化转弱,收紧风控,43.487132807137954,财务景气有支持；强势后质量转弱,潜伏观察,潜伏观察,潜伏观察 -> 钝化转弱
801881.SI,摩托车及其他,2026-05-21,潜伏观察,观察验证,43.03300339849201,60日相对排名改善快,潜伏观察,潜伏观察,潜伏观察 -> 潜伏观察
801982.SI,化妆品,2026-05-21,潜伏观察,观察验证,42.146270182625024,财务景气有支持,退潮回避,退潮回避,退潮回避 -> 潜伏观察
801971.SI,环境治理,2026-05-21,潜伏观察,观察验证,42.138877622602095,等待更多共振证据,潜伏观察,潜伏观察,潜伏观察 -> 潜伏观察
801193.SI,证券Ⅱ,2026-05-21,潜伏观察,观察验证,42.06983852193207,60日相对排名改善快；财务景气有支持,潜伏观察,退潮回避,退潮回避 -> 潜伏观察
801037.SI,橡胶,2026-05-21,潜伏观察,观察验证,41.819734318068825,等待更多共振证据,潜伏观察,潜伏观察,潜伏观察 -> 潜伏观察
801204.SI,专业连锁Ⅱ,2026-05-21,潜伏观察,观察验证,41.6861798088411,60日相对排名改善快；财务景气有支持,退潮回避,潜伏观察,潜伏观察 -> 潜伏观察
801054.SI,小金属,2026-05-21,钝化转弱,收紧风控,41.10388506571087,财务景气有支持；强势后质量转弱,高位拥挤,高位拥挤,高位拥挤 -> 钝化转弱
801034.SI,化学制品,2026-05-21,潜伏观察,观察验证,40.38381652173579,强势后质量转弱,潜伏观察,潜伏观察,潜伏观察 -> 潜伏观察
801124.SI,食品加工,2026-05-21,潜伏观察,观察验证,40.2175238948626,等待更多共振证据,潜伏观察,潜伏观察,潜伏观察 -> 潜伏观察
801092.SI,汽车服务,2026-05-21,潜伏观察,观察验证,39.702201508169246,60日相对排名改善快,潜伏观察,潜伏观察,潜伏观察 -> 潜伏观察
801736.SI,风电设备,2026-05-21,钝化转弱,收紧风控,39.673246117084815,强势后质量转弱,潜伏观察,钝化转弱,钝化转弱 -> 钝化转弱
801077.SI,工程机械,2026-05-21,潜伏观察,观察验证,39.61434988905956,等待更多共振证据,潜伏观察,潜伏观察,潜伏观察 -> 潜伏观察
801142.SI,家居用品,2026-05-21,潜伏观察,观察验证,39.10205041816009,等待更多共振证据,潜伏观察,潜伏观察,潜伏观察 -> 潜伏观察
801231.SI,综合Ⅱ,2026-05-21,钝化转弱,收紧风控,38.57252986857826,短期热度偏高；强势后质量转弱,高位拥挤,潜伏观察,潜伏观察 -> 钝化转弱
801723.SI,基础建设,2026-05-21,潜伏观察,观察验证,38.40546620583717,等待更多共振证据,潜伏观察,潜伏观察,潜伏观察 -> 潜伏观察
801181.SI,房地产开发,2026-05-21,潜伏观察,观察验证,38.362714739313915,等待更多共振证据,潜伏观察,退潮回避,退潮回避 -> 潜伏观察
801151.SI,化学制药,2026-05-21,潜伏观察,观察验证,38.199846991220014,等待更多共振证据,退潮回避,潜伏观察,潜伏观察 -> 潜伏观察
801783.SI,股份制银行Ⅱ,2026-05-21,潜伏观察,观察验证,38.15763483529613,财务景气有支持,退潮回避,潜伏观察,潜伏观察 -> 潜伏观察
801076.SI,轨交设备Ⅱ,2026-05-21,潜伏观察,观察验证,37.327905000465485,等待更多共振证据,潜伏观察,退潮回避,退潮回避 -> 潜伏观察
801191.SI,多元金融,2026-05-21,潜伏观察,观察验证,36.70484885186498,等待更多共振证据,潜伏观察,潜伏观察,潜伏观察 -> 潜伏观察
801178.SI,物流,2026-05-21,潜伏观察,观察验证,36.48549283154122,等待更多共振证据,潜伏观察,潜伏观察,潜伏观察 -> 潜伏观察
801145.SI,文娱用品,2026-05-21,潜伏观察,观察验证,36.33193385467579,等待更多共振证据,潜伏观察,潜伏观察,潜伏观察 -> 潜伏观察
801785.SI,农商行Ⅱ,2026-05-21,潜伏观察,观察验证,36.12506989247313,财务景气有支持,潜伏观察,潜伏观察,潜伏观察 -> 潜伏观察
801713.SI,装修建材,2026-05-21,潜伏观察,观察验证,35.766208298869586,强势后质量转弱,潜伏观察,潜伏观察,潜伏观察 -> 潜伏观察
801033.SI,化学原料,2026-05-21,钝化转弱,收紧风控,35.68528405524168,强势后质量转弱,钝化转弱,钝化转弱,钝化转弱 -> 钝化转弱
801103.SI,IT服务Ⅱ,2026-05-21,潜伏观察,观察验证,35.61932811453515,等待更多共振证据,潜伏观察,潜伏观察,潜伏观察 -> 潜伏观察
801202.SI,贸易Ⅱ,2026-05-21,潜伏观察,观察验证,35.45298675935772,等待更多共振证据,潜伏观察,潜伏观察,潜伏观察 -> 潜伏观察
801152.SI,生物制品,2026-05-21,潜伏观察,观察验证,35.08916687613462,等待更多共振证据,退潮回避,潜伏观察,潜伏观察 -> 潜伏观察
801742.SI,航空装备Ⅱ,2026-05-21,潜伏观察,观察验证,34.548022700119475,等待更多共振证据,潜伏观察,潜伏观察,潜伏观察 -> 潜伏观察
801963.SI,炼化及贸易,2026-05-21,潜伏观察,观察验证,34.32603522432332,财务景气有支持；强势后质量转弱,钝化转弱,钝化转弱,钝化转弱 -> 潜伏观察
801104.SI,软件开发,2026-05-21,潜伏观察,观察验证,33.65281847503934,等待更多共振证据,退潮回避,退潮回避,退潮回避 -> 潜伏观察
801721.SI,房屋建设Ⅱ,2026-05-21,潜伏观察,观察验证,33.60497909199522,等待更多共振证据,潜伏观察,潜伏观察,潜伏观察 -> 潜伏观察
801767.SI,数字媒体,2026-05-21,退潮回避,回避,33.30038530465949,等待更多共振证据,退潮回避,退潮回避,退潮回避 -> 退潮回避
801155.SI,中药Ⅱ,2026-05-21,退潮回避,回避,33.258270082226446,等待更多共振证据,退潮回避,退潮回避,退潮回避 -> 退潮回避
801032.SI,化学纤维,2026-05-21,潜伏观察,观察验证,33.16201314217444,强势后质量转弱,潜伏观察,潜伏观察,潜伏观察 -> 潜伏观察
801131.SI,纺织制造,2026-05-21,潜伏观察,观察验证,33.03931342999891,强势后质量转弱,潜伏观察,潜伏观察,潜伏观察 -> 潜伏观察
801724.SI,专业工程,2026-05-21,潜伏观察,观察验证,32.70983180347932,强势后质量转弱,潜伏观察,潜伏观察,潜伏观察 -> 潜伏观察
801143.SI,造纸,2026-05-21,潜伏观察,观察验证,32.70172043010753,强势后质量转弱,潜伏观察,潜伏观察,潜伏观察 -> 潜伏观察
801055.SI,工业金属,2026-05-21,潜伏观察,观察验证,32.47793417161212,财务景气有支持；强势后质量转弱,潜伏观察,潜伏观察,潜伏观察 -> 潜伏观察
801765.SI,广告营销,2026-05-21,退潮回避,回避,32.18072751322751,等待更多共振证据,潜伏观察,潜伏观察,潜伏观察 -> 退潮回避
801995.SI,电视广播Ⅱ,2026-05-21,潜伏观察,观察验证,32.0481249359959,等待更多共振证据,退潮回避,退潮回避,退潮回避 -> 潜伏观察
801203.SI,一般零售,2026-05-21,退潮回避,回避,31.79763757047683,等待更多共振证据,退潮回避,退潮回避,退潮回避 -> 退潮回避
801012.SI,农产品加工,2026-05-21,潜伏观察,观察验证,31.13568375149343,等待更多共振证据,潜伏观察,潜伏观察,潜伏观察 -> 潜伏观察
801991.SI,航空机场,2026-05-21,退潮回避,回避,30.968142174432497,财务景气有支持,退潮回避,退潮回避,退潮回避 -> 退潮回避
801043.SI,冶钢原料,2026-05-21,潜伏观察,观察验证,30.434142771804062,强势后质量转弱,钝化转弱,潜伏观察,潜伏观察 -> 潜伏观察
801154.SI,医药商业,2026-05-21,退潮回避,回避,30.433909903567162,等待更多共振证据,退潮回避,潜伏观察,潜伏观察 -> 退潮回避
801016.SI,种植业,2026-05-21,潜伏观察,观察验证,30.11293906810036,强势后质量转弱,钝化转弱,钝化转弱,钝化转弱 -> 潜伏观察
801096.SI,商用车,2026-05-21,退潮回避,回避,29.803142404190794,财务景气有支持；强势后质量转弱,潜伏观察,潜伏观察,潜伏观察 -> 退潮回避
801743.SI,地面兵装Ⅱ,2026-05-21,退潮回避,回避,29.30429382147124,等待更多共振证据,潜伏观察,潜伏观察,潜伏观察 -> 退潮回避
801053.SI,贵金属,2026-05-21,退潮回避,回避,29.037020745085265,财务景气有支持；强势后质量转弱,潜伏观察,潜伏观察,潜伏观察 -> 退潮回避
801764.SI,游戏Ⅱ,2026-05-21,退潮回避,回避,28.99053924271666,等待更多共振证据,退潮回避,退潮回避,退潮回避 -> 退潮回避
801014.SI,饲料,2026-05-21,退潮回避,回避,28.379345878136203,等待更多共振证据,退潮回避,退潮回避,退潮回避 -> 退潮回避
801114.SI,厨卫电器,2026-05-21,退潮回避,回避,27.62395758661888,等待更多共振证据,退潮回避,退潮回避,退潮回避 -> 退潮回避
801045.SI,特钢Ⅱ,2026-05-21,退潮回避,回避,27.435728793309437,强势后质量转弱,退潮回避,潜伏观察,潜伏观察 -> 退潮回避
801125.SI,白酒Ⅱ,2026-05-21,退潮回避,回避,27.407588631075896,强势后质量转弱,退潮回避,退潮回避,退潮回避 -> 退潮回避
801018.SI,动物保健Ⅱ,2026-05-21,退潮回避,回避,27.340942665458794,等待更多共振证据,退潮回避,潜伏观察,潜伏观察 -> 退潮回避
801194.SI,保险Ⅱ,2026-05-21,退潮回避,回避,27.167710872162488,等待更多共振证据,退潮回避,退潮回避,退潮回避 -> 退潮回避
801769.SI,出版,2026-05-21,退潮回避,回避,26.823393791455526,等待更多共振证据,潜伏观察,潜伏观察,潜伏观察 -> 退潮回避
801962.SI,油服工程,2026-05-21,潜伏观察,观察验证,26.739333077316953,强势后质量转弱,潜伏观察,钝化转弱,钝化转弱 -> 潜伏观察
801017.SI,养殖业,2026-05-21,退潮回避,回避,26.722620513220093,强势后质量转弱,退潮回避,潜伏观察,潜伏观察 -> 退潮回避
801095.SI,乘用车,2026-05-21,退潮回避,回避,26.711938470728793,等待更多共振证据,退潮回避,潜伏观察,潜伏观察 -> 退潮回避
801038.SI,农化制品,2026-05-21,潜伏观察,观察验证,26.652042521103862,强势后质量转弱,潜伏观察,钝化转弱,钝化转弱 -> 潜伏观察
801993.SI,旅游及景区,2026-05-21,退潮回避,回避,26.251111111111108,等待更多共振证据,退潮回避,退潮回避,退潮回避 -> 退潮回避
801711.SI,水泥,2026-05-21,退潮回避,回避,26.09128264208909,强势后质量转弱,退潮回避,退潮回避,退潮回避 -> 退潮回避
801133.SI,饰品,2026-05-21,退潮回避,回避,26.054127410820957,强势后质量转弱,退潮回避,潜伏观察,潜伏观察 -> 退潮回避
801766.SI,影视院线,2026-05-21,退潮回避,回避,25.41753584229391,等待更多共振证据,退潮回避,潜伏观察,潜伏观察 -> 退潮回避
801183.SI,房地产服务,2026-05-21,退潮回避,回避,25.376646844792006,强势后质量转弱,潜伏观察,潜伏观察,潜伏观察 -> 退潮回避
801219.SI,酒店餐饮,2026-05-21,退潮回避,回避,24.535940860215057,财务景气有支持；强势后质量转弱,退潮回避,潜伏观察,潜伏观察 -> 退潮回避
801981.SI,个护用品,2026-05-21,退潮回避,回避,24.03806750298686,财务景气有支持；强势后质量转弱,退潮回避,潜伏观察,潜伏观察 -> 退潮回避
801994.SI,教育,2026-05-21,退潮回避,回避,23.874062126642773,等待更多共振证据,退潮回避,退潮回避,退潮回避 -> 退潮回避
801015.SI,渔业,2026-05-21,退潮回避,回避,20.55387992831541,等待更多共振证据,退潮回避,退潮回避,退潮回避 -> 退潮回避
801952.SI,焦炭Ⅱ,2026-05-21,退潮回避,回避,19.74423198794868,强势后质量转弱,退潮回避,退潮回避,退潮回避 -> 退潮回避
801044.SI,普钢,2026-05-21,退潮回避,回避,18.712082878811493,强势后质量转弱,退潮回避,潜伏观察,潜伏观察 -> 退潮回避
